[1/4] Run thredds_download.py
Downloaded: metadata/AWS_sites_metadata.csv
Downloaded: metadata/AWS_variables.csv
Downloaded: metadata/AWS_data_readme.pdf
Downloaded: level_3_sites/csv/month/CEN_month.csv
Downloaded: level_3_sites/csv/month/CP1_month.csv
Downloaded: level_3_sites/csv/month/DY2_month.csv
Downloaded: level_3_sites/csv/month/EGP_month.csv
Downloaded: level_3_sites/csv/month/FRE_month.csv
Downloaded: level_3_sites/csv/month/HUM_month.csv
Downloaded: level_3_sites/csv/month/JAR_month.csv
Downloaded: level_3_sites/csv/month/KAN_B_month.csv
Downloaded: level_3_sites/csv/month/KAN_L_month.csv
Downloaded: level_3_sites/csv/month/KAN_M_month.csv
Downloaded: level_3_sites/csv/month/KAN_T_month.csv
Downloaded: level_3_sites/csv/month/KAN_U_month.csv
Downloaded: level_3_sites/csv/month/KPC_L_month.csv
Downloaded: level_3_sites/csv/month/KPC_U_month.csv
Downloaded: level_3_sites/csv/month/LYN_L_month.csv
Downloaded: level_3_sites/csv/month/LYN_T_month.csv
Downloaded: level_3_sites/csv/month/MIT_month.csv
Downloaded: level_3_sites/csv/month/NAE_month.csv
Downloaded: level_3_sites/csv/month/NAU_month.csv
Downloaded: level_3_sites/csv/month/NEM_month.csv
Downloaded: level_3_sites/csv/month/NSE_month.csv
Downloaded: level_3_sites/csv/month/NUK_B_month.csv
Downloaded: level_3_sites/csv/month/NUK_K_month.csv
Downloaded: level_3_sites/csv/month/NUK_L_month.csv
Downloaded: level_3_sites/csv/month/NUK_N_month.csv
Downloaded: level_3_sites/csv/month/NUK_P_month.csv
Downloaded: level_3_sites/csv/month/NUK_U_month.csv
Downloaded: level_3_sites/csv/month/ORO_month.csv
Downloaded: level_3_sites/csv/month/QAS_A_month.csv
Downloaded: level_3_sites/csv/month/QAS_L_month.csv
Downloaded: level_3_sites/csv/month/QAS_M_month.csv
Downloaded: level_3_sites/csv/month/QAS_U_month.csv
Downloaded: level_3_sites/csv/month/RED_L_month.csv
Downloaded: level_3_sites/csv/month/SCO_L_month.csv
Downloaded: level_3_sites/csv/month/SCO_U_month.csv
Downloaded: level_3_sites/csv/month/SDL_month.csv
Downloaded: level_3_sites/csv/month/SDM_month.csv
Downloaded: level_3_sites/csv/month/SER_B_month.csv
Downloaded: level_3_sites/csv/month/STA_month.csv
Downloaded: level_3_sites/csv/month/SUM_month.csv
Downloaded: level_3_sites/csv/month/SWC_month.csv
Downloaded: level_3_sites/csv/month/TAS_A_month.csv
Downloaded: level_3_sites/csv/month/TAS_L_month.csv
Downloaded: level_3_sites/csv/month/TAS_U_month.csv
Downloaded: level_3_sites/csv/month/THU_L_month.csv
Downloaded: level_3_sites/csv/month/THU_L2_month.csv
Downloaded: level_3_sites/csv/month/THU_U_month.csv
Downloaded: level_3_sites/csv/month/TUN_month.csv
Downloaded: level_3_sites/csv/month/UPE_L_month.csv
Downloaded: level_3_sites/csv/month/UPE_U_month.csv
Downloaded: level_3_sites/csv/month/UWN_month.csv
Downloaded: level_3_sites/csv/month/WEG_B_month.csv
Downloaded: level_3_sites/csv/month/WEG_L_month.csv
Downloaded: level_3_sites/csv/month/ZAC_A_month.csv
Downloaded: level_3_sites/csv/month/ZAC_L_month.csv
Downloaded: level_3_sites/csv/month/ZAC_U_month.csv
Downloaded: metadata/AWS_sites_metadata.csv
Downloaded: metadata/AWS_variables.csv
Downloaded: metadata/AWS_data_readme.pdf
Downloaded: level_3_sites/csv/day/CEN_day.csv
Downloaded: level_3_sites/csv/day/CP1_day.csv
Downloaded: level_3_sites/csv/day/DY2_day.csv
Downloaded: level_3_sites/csv/day/EGP_day.csv
Downloaded: level_3_sites/csv/day/FRE_day.csv
Downloaded: level_3_sites/csv/day/HUM_day.csv
Downloaded: level_3_sites/csv/day/JAR_day.csv
Downloaded: level_3_sites/csv/day/KAN_B_day.csv
Downloaded: level_3_sites/csv/day/KAN_L_day.csv
Downloaded: level_3_sites/csv/day/KAN_M_day.csv
Downloaded: level_3_sites/csv/day/KAN_T_day.csv
Downloaded: level_3_sites/csv/day/KAN_U_day.csv
Downloaded: level_3_sites/csv/day/KPC_L_day.csv
Downloaded: level_3_sites/csv/day/KPC_U_day.csv
Downloaded: level_3_sites/csv/day/LYN_L_day.csv
Downloaded: level_3_sites/csv/day/LYN_T_day.csv
Downloaded: level_3_sites/csv/day/MIT_day.csv
Downloaded: level_3_sites/csv/day/NAE_day.csv
Downloaded: level_3_sites/csv/day/NAU_day.csv
Downloaded: level_3_sites/csv/day/NEM_day.csv
Downloaded: level_3_sites/csv/day/NSE_day.csv
Downloaded: level_3_sites/csv/day/NUK_B_day.csv
Downloaded: level_3_sites/csv/day/NUK_K_day.csv
Downloaded: level_3_sites/csv/day/NUK_L_day.csv
Downloaded: level_3_sites/csv/day/NUK_N_day.csv
Downloaded: level_3_sites/csv/day/NUK_P_day.csv
Downloaded: level_3_sites/csv/day/NUK_U_day.csv
Downloaded: level_3_sites/csv/day/ORO_day.csv
Downloaded: level_3_sites/csv/day/QAS_A_day.csv
Downloaded: level_3_sites/csv/day/QAS_L_day.csv
Downloaded: level_3_sites/csv/day/QAS_M_day.csv
Downloaded: level_3_sites/csv/day/QAS_U_day.csv
Downloaded: level_3_sites/csv/day/RED_L_day.csv
Downloaded: level_3_sites/csv/day/SCO_L_day.csv
Downloaded: level_3_sites/csv/day/SCO_U_day.csv
Downloaded: level_3_sites/csv/day/SDL_day.csv
Downloaded: level_3_sites/csv/day/SDM_day.csv
Downloaded: level_3_sites/csv/day/SER_B_day.csv
Downloaded: level_3_sites/csv/day/STA_day.csv
Downloaded: level_3_sites/csv/day/SUM_day.csv
Downloaded: level_3_sites/csv/day/SWC_day.csv
Downloaded: level_3_sites/csv/day/TAS_A_day.csv
Downloaded: level_3_sites/csv/day/TAS_L_day.csv
Downloaded: level_3_sites/csv/day/TAS_U_day.csv
Downloaded: level_3_sites/csv/day/THU_L_day.csv
Downloaded: level_3_sites/csv/day/THU_L2_day.csv
Downloaded: level_3_sites/csv/day/THU_U_day.csv
Downloaded: level_3_sites/csv/day/TUN_day.csv
Downloaded: level_3_sites/csv/day/UPE_L_day.csv
Downloaded: level_3_sites/csv/day/UPE_U_day.csv
Downloaded: level_3_sites/csv/day/UWN_day.csv
Downloaded: level_3_sites/csv/day/WEG_B_day.csv
Downloaded: level_3_sites/csv/day/WEG_L_day.csv
Downloaded: level_3_sites/csv/day/ZAC_A_day.csv
Downloaded: level_3_sites/csv/day/ZAC_L_day.csv
Downloaded: level_3_sites/csv/day/ZAC_U_day.csv
Downloaded: metadata/AWS_sites_metadata.csv
Downloaded: metadata/AWS_variables.csv
Downloaded: metadata/AWS_data_readme.pdf
Downloaded: level_3_sites/csv/hour/CEN_hour.csv
Downloaded: level_3_sites/csv/hour/CP1_hour.csv
Downloaded: level_3_sites/csv/hour/DY2_hour.csv
Downloaded: level_3_sites/csv/hour/EGP_hour.csv
Downloaded: level_3_sites/csv/hour/FRE_hour.csv
Downloaded: level_3_sites/csv/hour/HUM_hour.csv
Downloaded: level_3_sites/csv/hour/JAR_hour.csv
Downloaded: level_3_sites/csv/hour/KAN_B_hour.csv
Downloaded: level_3_sites/csv/hour/KAN_L_hour.csv
Downloaded: level_3_sites/csv/hour/KAN_M_hour.csv
Downloaded: level_3_sites/csv/hour/KAN_T_hour.csv
Downloaded: level_3_sites/csv/hour/KAN_U_hour.csv
Downloaded: level_3_sites/csv/hour/KPC_L_hour.csv
Downloaded: level_3_sites/csv/hour/KPC_U_hour.csv
Downloaded: level_3_sites/csv/hour/LYN_L_hour.csv
Downloaded: level_3_sites/csv/hour/LYN_T_hour.csv
Downloaded: level_3_sites/csv/hour/MIT_hour.csv
Downloaded: level_3_sites/csv/hour/NAE_hour.csv
Downloaded: level_3_sites/csv/hour/NAU_hour.csv
Downloaded: level_3_sites/csv/hour/NEM_hour.csv
Downloaded: level_3_sites/csv/hour/NSE_hour.csv
Downloaded: level_3_sites/csv/hour/NUK_B_hour.csv
Downloaded: level_3_sites/csv/hour/NUK_K_hour.csv
Downloaded: level_3_sites/csv/hour/NUK_L_hour.csv
Downloaded: level_3_sites/csv/hour/NUK_N_hour.csv
Downloaded: level_3_sites/csv/hour/NUK_P_hour.csv
Downloaded: level_3_sites/csv/hour/NUK_U_hour.csv
Downloaded: level_3_sites/csv/hour/ORO_hour.csv
Downloaded: level_3_sites/csv/hour/QAS_A_hour.csv
Downloaded: level_3_sites/csv/hour/QAS_L_hour.csv
Downloaded: level_3_sites/csv/hour/QAS_M_hour.csv
Downloaded: level_3_sites/csv/hour/QAS_U_hour.csv
Downloaded: level_3_sites/csv/hour/RED_L_hour.csv
Downloaded: level_3_sites/csv/hour/SCO_L_hour.csv
Downloaded: level_3_sites/csv/hour/SCO_U_hour.csv
Downloaded: level_3_sites/csv/hour/SDL_hour.csv
Downloaded: level_3_sites/csv/hour/SDM_hour.csv
Downloaded: level_3_sites/csv/hour/SER_B_hour.csv
Downloaded: level_3_sites/csv/hour/STA_hour.csv
Downloaded: level_3_sites/csv/hour/SUM_hour.csv
Downloaded: level_3_sites/csv/hour/SWC_hour.csv
Downloaded: level_3_sites/csv/hour/TAS_A_hour.csv
Downloaded: level_3_sites/csv/hour/TAS_L_hour.csv
Downloaded: level_3_sites/csv/hour/TAS_U_hour.csv
Downloaded: level_3_sites/csv/hour/THU_L_hour.csv
Downloaded: level_3_sites/csv/hour/THU_L2_hour.csv
Downloaded: level_3_sites/csv/hour/THU_U_hour.csv
Downloaded: level_3_sites/csv/hour/TUN_hour.csv
Downloaded: level_3_sites/csv/hour/UPE_L_hour.csv
Downloaded: level_3_sites/csv/hour/UPE_U_hour.csv
Downloaded: level_3_sites/csv/hour/UWN_hour.csv
Downloaded: level_3_sites/csv/hour/WEG_B_hour.csv
Downloaded: level_3_sites/csv/hour/WEG_L_hour.csv
Downloaded: level_3_sites/csv/hour/ZAC_A_hour.csv
Downloaded: level_3_sites/csv/hour/ZAC_L_hour.csv
Downloaded: level_3_sites/csv/hour/ZAC_U_hour.csv
[2/4] Resolve latest Dataverse version for doi:10.22008/FK2/IW73UU
Latest version: 39.0 -> /media/ice/Baptiste/geussnow01/dataverse/V39
CSV files in /media/ice/Baptiste/geussnow01/dataverse/V39: 0
[3/4] Download CSVs if needed
CSV files in /media/ice/Baptiste/geussnow01/dataverse/V39: 0
Running dataverse_download.py
[INFO] Fetch dataset JSON: https://dataverse.geus.dk/api/datasets/:persistentId?persistentId=doi:10.22008/FK2/IW73UU
[INFO] Latest version: 39.0 -> /media/ice/Baptiste/geussnow01/dataverse/V39
[INFO] CSV entries in latestVersion: 162
[1/162] AWS_latest_locations.csv
  dirlabel=
  outpath=/media/ice/Baptiste/geussnow01/dataverse/V39/AWS_latest_locations.csv
  -> OK (3691 bytes)
[2/162] AWS_sites_metadata.csv
  dirlabel=
  outpath=/media/ice/Baptiste/geussnow01/dataverse/V39/AWS_sites_metadata.csv
  -> OK (6334 bytes)
[3/162] AWS_variables.csv
  dirlabel=
  outpath=/media/ice/Baptiste/geussnow01/dataverse/V39/AWS_variables.csv
  -> OK (14326 bytes)
[4/162] CEN_day.csv
  dirlabel=day
  outpath=/media/ice/Baptiste/geussnow01/dataverse/V39/day/CEN_day.csv
  -> OK (2864562 bytes)
[5/162] CEN_hour.csv
  dirlabel=hour
  outpath=/media/ice/Baptiste/geussnow01/dataverse/V39/hour/CEN_hour.csv
  -> OK (70640437 bytes)
[6/162] CEN_month.csv
  dirlabel=month
  outpath=/media/ice/Baptiste/geussnow01/dataverse/V39/month/CEN_month.csv
  -> OK (99089 bytes)
[7/162] CP1_day.csv
  dirlabel=day
  outpath=/media/ice/Baptiste/geussnow01/dataverse/V39/day/CP1_day.csv
  -> OK (3451699 bytes)
[8/162] CP1_hour.csv
  dirlabel=hour
  outpath=/media/ice/Baptiste/geussnow01/dataverse/V39/hour/CP1_hour.csv
  -> OK (78156895 bytes)
[9/162] CP1_month.csv
  dirlabel=month
  outpath=/media/ice/Baptiste/geussnow01/dataverse/V39/month/CP1_month.csv
  -> OK (117357 bytes)
[10/162] DY2_day.csv
  dirlabel=day
  outpath=/media/ice/Baptiste/geussnow01/dataverse/V39/day/DY2_day.csv
  -> OK (3670174 bytes)
[11/162] DY2_hour.csv
  dirlabel=hour
  outpath=/media/ice/Baptiste/geussnow01/dataverse/V39/hour/DY2_hour.csv
  -> OK (81118100 bytes)
[12/162] DY2_month.csv
  dirlabel=month
  outpath=/media/ice/Baptiste/geussnow01/dataverse/V39/month/DY2_month.csv
  -> OK (123640 bytes)
[13/162] EGP_day.csv
  dirlabel=day
  outpath=/media/ice/Baptiste/geussnow01/dataverse/V39/day/EGP_day.csv
  -> OK (1751367 bytes)
[14/162] EGP_hour.csv
  dirlabel=hour
  outpath=/media/ice/Baptiste/geussnow01/dataverse/V39/hour/EGP_hour.csv
  -> OK (45980307 bytes)
[15/162] EGP_month.csv
  dirlabel=month
  outpath=/media/ice/Baptiste/geussnow01/dataverse/V39/month/EGP_month.csv
  -> OK (58020 bytes)
[16/162] FRE_day.csv
  dirlabel=day
  outpath=/media/ice/Baptiste/geussnow01/dataverse/V39/day/FRE_day.csv
  -> OK (1380884 bytes)
[17/162] FRE_hour.csv
  dirlabel=hour
  outpath=/media/ice/Baptiste/geussnow01/dataverse/V39/hour/FRE_hour.csv
  -> OK (36373129 bytes)
[18/162] FRE_month.csv
  dirlabel=month
  outpath=/media/ice/Baptiste/geussnow01/dataverse/V39/month/FRE_month.csv
  -> OK (46944 bytes)
[19/162] HUM_day.csv
  dirlabel=day
  outpath=/media/ice/Baptiste/geussnow01/dataverse/V39/day/HUM_day.csv
  -> OK (3124461 bytes)
[20/162] HUM_hour.csv
  dirlabel=hour
  outpath=/media/ice/Baptiste/geussnow01/dataverse/V39/hour/HUM_hour.csv
  -> OK (72111044 bytes)
[21/162] HUM_month.csv
  dirlabel=month
  outpath=/media/ice/Baptiste/geussnow01/dataverse/V39/month/HUM_month.csv
  -> OK (108382 bytes)
[22/162] JAR_day.csv
  dirlabel=day
  outpath=/media/ice/Baptiste/geussnow01/dataverse/V39/day/JAR_day.csv
  -> OK (2965430 bytes)
[23/162] JAR_hour.csv
  dirlabel=hour
  outpath=/media/ice/Baptiste/geussnow01/dataverse/V39/hour/JAR_hour.csv
  -> OK (67378281 bytes)
[24/162] JAR_month.csv
  dirlabel=month
  outpath=/media/ice/Baptiste/geussnow01/dataverse/V39/month/JAR_month.csv
  -> OK (101208 bytes)
[25/162] KAN_B_day.csv
  dirlabel=day
  outpath=/media/ice/Baptiste/geussnow01/dataverse/V39/day/KAN_B_day.csv
  -> OK (1060283 bytes)
[26/162] KAN_B_hour.csv
  dirlabel=hour
  outpath=/media/ice/Baptiste/geussnow01/dataverse/V39/hour/KAN_B_hour.csv
  -> OK (33085694 bytes)
[27/162] KAN_B_month.csv
  dirlabel=month
  outpath=/media/ice/Baptiste/geussnow01/dataverse/V39/month/KAN_B_month.csv
  -> OK (34868 bytes)
[28/162] KAN_L_day.csv
  dirlabel=day
  outpath=/media/ice/Baptiste/geussnow01/dataverse/V39/day/KAN_L_day.csv
  -> OK (2705379 bytes)
[29/162] KAN_L_hour.csv
  dirlabel=hour
  outpath=/media/ice/Baptiste/geussnow01/dataverse/V39/hour/KAN_L_hour.csv
  -> OK (71805182 bytes)
[30/162] KAN_L_month.csv
  dirlabel=month
  outpath=/media/ice/Baptiste/geussnow01/dataverse/V39/month/KAN_L_month.csv
  -> OK (90965 bytes)
[31/162] KAN_M_day.csv
  dirlabel=day
  outpath=/media/ice/Baptiste/geussnow01/dataverse/V39/day/KAN_M_day.csv
  -> OK (2460081 bytes)
[32/162] KAN_M_hour.csv
  dirlabel=hour
  outpath=/media/ice/Baptiste/geussnow01/dataverse/V39/hour/KAN_M_hour.csv
  -> OK (65972524 bytes)
[33/162] KAN_M_month.csv
  dirlabel=month
  outpath=/media/ice/Baptiste/geussnow01/dataverse/V39/month/KAN_M_month.csv
  -> OK (82895 bytes)
[34/162] KAN_T_day.csv
  dirlabel=day
  outpath=/media/ice/Baptiste/geussnow01/dataverse/V39/day/KAN_T_day.csv
  -> OK (266932 bytes)
[35/162] KAN_T_hour.csv
  dirlabel=hour
  outpath=/media/ice/Baptiste/geussnow01/dataverse/V39/hour/KAN_T_hour.csv
  -> OK (7113346 bytes)
[36/162] KAN_T_month.csv
  dirlabel=month
  outpath=/media/ice/Baptiste/geussnow01/dataverse/V39/month/KAN_T_month.csv
  -> OK (9813 bytes)
[37/162] KAN_U_day.csv
  dirlabel=day
  outpath=/media/ice/Baptiste/geussnow01/dataverse/V39/day/KAN_U_day.csv
  -> OK (2794692 bytes)
[38/162] KAN_U_hour.csv
  dirlabel=hour
  outpath=/media/ice/Baptiste/geussnow01/dataverse/V39/hour/KAN_U_hour.csv
  -> OK (71538392 bytes)
[39/162] KAN_U_month.csv
  dirlabel=month
  outpath=/media/ice/Baptiste/geussnow01/dataverse/V39/month/KAN_U_month.csv
  -> OK (93681 bytes)
[40/162] KPC_L_day.csv
  dirlabel=day
  outpath=/media/ice/Baptiste/geussnow01/dataverse/V39/day/KPC_L_day.csv
  -> OK (2202968 bytes)
[41/162] KPC_L_hour.csv
  dirlabel=hour
  outpath=/media/ice/Baptiste/geussnow01/dataverse/V39/hour/KPC_L_hour.csv
  -> OK (60089618 bytes)
[42/162] KPC_L_month.csv
  dirlabel=month
  outpath=/media/ice/Baptiste/geussnow01/dataverse/V39/month/KPC_L_month.csv
  -> OK (74169 bytes)
[43/162] KPC_U_day.csv
  dirlabel=day
  outpath=/media/ice/Baptiste/geussnow01/dataverse/V39/day/KPC_U_day.csv
  -> OK (2562648 bytes)
[44/162] KPC_U_hour.csv
  dirlabel=hour
  outpath=/media/ice/Baptiste/geussnow01/dataverse/V39/hour/KPC_U_hour.csv
  -> OK (67729071 bytes)
[45/162] KPC_U_month.csv
  dirlabel=month
  outpath=/media/ice/Baptiste/geussnow01/dataverse/V39/month/KPC_U_month.csv
  -> OK (84620 bytes)
[46/162] LYN_L_day.csv
  dirlabel=day
  outpath=/media/ice/Baptiste/geussnow01/dataverse/V39/day/LYN_L_day.csv
  -> OK (784368 bytes)
[47/162] LYN_L_hour.csv
  dirlabel=hour
  outpath=/media/ice/Baptiste/geussnow01/dataverse/V39/hour/LYN_L_hour.csv
  -> OK (21564311 bytes)
[48/162] LYN_L_month.csv
  dirlabel=month
  outpath=/media/ice/Baptiste/geussnow01/dataverse/V39/month/LYN_L_month.csv
  -> OK (27272 bytes)
[49/162] LYN_T_day.csv
  dirlabel=day
  outpath=/media/ice/Baptiste/geussnow01/dataverse/V39/day/LYN_T_day.csv
  -> OK (325678 bytes)
[50/162] LYN_T_hour.csv
  dirlabel=hour
  outpath=/media/ice/Baptiste/geussnow01/dataverse/V39/hour/LYN_T_hour.csv
  -> OK (6382937 bytes)
[51/162] LYN_T_month.csv
  dirlabel=month
  outpath=/media/ice/Baptiste/geussnow01/dataverse/V39/month/LYN_T_month.csv
  -> OK (11447 bytes)
[52/162] MIT_day.csv
  dirlabel=day
  outpath=/media/ice/Baptiste/geussnow01/dataverse/V39/day/MIT_day.csv
  -> OK (1967174 bytes)
[53/162] MIT_hour.csv
  dirlabel=hour
  outpath=/media/ice/Baptiste/geussnow01/dataverse/V39/hour/MIT_hour.csv
  -> OK (49138447 bytes)
[54/162] MIT_month.csv
  dirlabel=month
  outpath=/media/ice/Baptiste/geussnow01/dataverse/V39/month/MIT_month.csv
  -> OK (67302 bytes)
[55/162] NAE_day.csv
  dirlabel=day
  outpath=/media/ice/Baptiste/geussnow01/dataverse/V39/day/NAE_day.csv
  -> OK (3484348 bytes)
[56/162] NAE_hour.csv
  dirlabel=hour
  outpath=/media/ice/Baptiste/geussnow01/dataverse/V39/hour/NAE_hour.csv
  -> OK (75143853 bytes)
[57/162] NAE_month.csv
  dirlabel=month
  outpath=/media/ice/Baptiste/geussnow01/dataverse/V39/month/NAE_month.csv
  -> OK (118962 bytes)
[58/162] NAU_day.csv
  dirlabel=day
  outpath=/media/ice/Baptiste/geussnow01/dataverse/V39/day/NAU_day.csv
  -> OK (3343150 bytes)
[59/162] NAU_hour.csv
  dirlabel=hour
  outpath=/media/ice/Baptiste/geussnow01/dataverse/V39/hour/NAU_hour.csv
  -> OK (76312061 bytes)
[60/162] NAU_month.csv
  dirlabel=month
  outpath=/media/ice/Baptiste/geussnow01/dataverse/V39/month/NAU_month.csv
  -> OK (114846 bytes)
[61/162] NEM_day.csv
  dirlabel=day
  outpath=/media/ice/Baptiste/geussnow01/dataverse/V39/day/NEM_day.csv
  -> OK (1710333 bytes)
[62/162] NEM_hour.csv
  dirlabel=hour
  outpath=/media/ice/Baptiste/geussnow01/dataverse/V39/hour/NEM_hour.csv
  -> OK (41591294 bytes)
[63/162] NEM_month.csv
  dirlabel=month
  outpath=/media/ice/Baptiste/geussnow01/dataverse/V39/month/NEM_month.csv
  -> OK (57762 bytes)
[64/162] NSE_day.csv
  dirlabel=day
  outpath=/media/ice/Baptiste/geussnow01/dataverse/V39/day/NSE_day.csv
  -> OK (3218523 bytes)
[65/162] NSE_hour.csv
  dirlabel=hour
  outpath=/media/ice/Baptiste/geussnow01/dataverse/V39/hour/NSE_hour.csv
  -> OK (71579964 bytes)
[66/162] NSE_month.csv
  dirlabel=month
  outpath=/media/ice/Baptiste/geussnow01/dataverse/V39/month/NSE_month.csv
  -> OK (109286 bytes)
[67/162] NUK_B_day.csv
  dirlabel=day
  outpath=/media/ice/Baptiste/geussnow01/dataverse/V39/day/NUK_B_day.csv
  -> OK (152581 bytes)
[68/162] NUK_B_hour.csv
  dirlabel=hour
  outpath=/media/ice/Baptiste/geussnow01/dataverse/V39/hour/NUK_B_hour.csv
  -> OK (4174984 bytes)
[69/162] NUK_B_month.csv
  dirlabel=month
  outpath=/media/ice/Baptiste/geussnow01/dataverse/V39/month/NUK_B_month.csv
  -> OK (5364 bytes)
[70/162] NUK_K_day.csv
  dirlabel=day
  outpath=/media/ice/Baptiste/geussnow01/dataverse/V39/day/NUK_K_day.csv
  -> OK (1547205 bytes)
[71/162] NUK_K_hour.csv
  dirlabel=hour
  outpath=/media/ice/Baptiste/geussnow01/dataverse/V39/hour/NUK_K_hour.csv
  -> OK (39125925 bytes)
[72/162] NUK_K_month.csv
  dirlabel=month
  outpath=/media/ice/Baptiste/geussnow01/dataverse/V39/month/NUK_K_month.csv
  -> OK (53155 bytes)
[73/162] NUK_L_day.csv
  dirlabel=day
  outpath=/media/ice/Baptiste/geussnow01/dataverse/V39/day/NUK_L_day.csv
  -> OK (2553779 bytes)
[74/162] NUK_L_hour.csv
  dirlabel=hour
  outpath=/media/ice/Baptiste/geussnow01/dataverse/V39/hour/NUK_L_hour.csv
  -> OK (64696172 bytes)
[75/162] NUK_L_month.csv
  dirlabel=month
  outpath=/media/ice/Baptiste/geussnow01/dataverse/V39/month/NUK_L_month.csv
  -> OK (87185 bytes)
[76/162] NUK_N_day.csv
  dirlabel=day
  outpath=/media/ice/Baptiste/geussnow01/dataverse/V39/day/NUK_N_day.csv
  -> OK (521098 bytes)
[77/162] NUK_N_hour.csv
  dirlabel=hour
  outpath=/media/ice/Baptiste/geussnow01/dataverse/V39/hour/NUK_N_hour.csv
  -> OK (12707425 bytes)
[78/162] NUK_N_month.csv
  dirlabel=month
  outpath=/media/ice/Baptiste/geussnow01/dataverse/V39/month/NUK_N_month.csv
  -> OK (18128 bytes)
[79/162] NUK_U_day.csv
  dirlabel=day
  outpath=/media/ice/Baptiste/geussnow01/dataverse/V39/day/NUK_U_day.csv
  -> OK (2455165 bytes)
[80/162] NUK_U_hour.csv
  dirlabel=hour
  outpath=/media/ice/Baptiste/geussnow01/dataverse/V39/hour/NUK_U_hour.csv
  -> OK (64559605 bytes)
[81/162] NUK_U_month.csv
  dirlabel=month
  outpath=/media/ice/Baptiste/geussnow01/dataverse/V39/month/NUK_U_month.csv
  -> OK (83971 bytes)
[82/162] QAS_A_day.csv
  dirlabel=day
  outpath=/media/ice/Baptiste/geussnow01/dataverse/V39/day/QAS_A_day.csv
  -> OK (201756 bytes)
[83/162] QAS_A_hour.csv
  dirlabel=hour
  outpath=/media/ice/Baptiste/geussnow01/dataverse/V39/hour/QAS_A_hour.csv
  -> OK (5231162 bytes)
[84/162] QAS_A_month.csv
  dirlabel=month
  outpath=/media/ice/Baptiste/geussnow01/dataverse/V39/month/QAS_A_month.csv
  -> OK (7549 bytes)
[85/162] QAS_L_day.csv
  dirlabel=day
  outpath=/media/ice/Baptiste/geussnow01/dataverse/V39/day/QAS_L_day.csv
  -> OK (2573443 bytes)
[86/162] QAS_L_hour.csv
  dirlabel=hour
  outpath=/media/ice/Baptiste/geussnow01/dataverse/V39/hour/QAS_L_hour.csv
  -> OK (66906872 bytes)
[87/162] QAS_L_month.csv
  dirlabel=month
  outpath=/media/ice/Baptiste/geussnow01/dataverse/V39/month/QAS_L_month.csv
  -> OK (88065 bytes)
[88/162] QAS_M_day.csv
  dirlabel=day
  outpath=/media/ice/Baptiste/geussnow01/dataverse/V39/day/QAS_M_day.csv
  -> OK (1380071 bytes)
[89/162] QAS_M_hour.csv
  dirlabel=hour
  outpath=/media/ice/Baptiste/geussnow01/dataverse/V39/hour/QAS_M_hour.csv
  -> OK (35128915 bytes)
[90/162] QAS_M_month.csv
  dirlabel=month
  outpath=/media/ice/Baptiste/geussnow01/dataverse/V39/month/QAS_M_month.csv
  -> OK (47651 bytes)
[91/162] QAS_U_day.csv
  dirlabel=day
  outpath=/media/ice/Baptiste/geussnow01/dataverse/V39/day/QAS_U_day.csv
  -> OK (2366613 bytes)
[92/162] QAS_U_hour.csv
  dirlabel=hour
  outpath=/media/ice/Baptiste/geussnow01/dataverse/V39/hour/QAS_U_hour.csv
  -> OK (61178371 bytes)
[93/162] QAS_U_month.csv
  dirlabel=month
  outpath=/media/ice/Baptiste/geussnow01/dataverse/V39/month/QAS_U_month.csv
  -> OK (80691 bytes)
[94/162] RED_L_day.csv
  dirlabel=day
  outpath=/media/ice/Baptiste/geussnow01/dataverse/V39/day/RED_L_day.csv
  -> OK (267036 bytes)
[95/162] RED_L_hour.csv
  dirlabel=hour
  outpath=/media/ice/Baptiste/geussnow01/dataverse/V39/hour/RED_L_hour.csv
  -> OK (6928567 bytes)
[96/162] RED_L_month.csv
  dirlabel=month
  outpath=/media/ice/Baptiste/geussnow01/dataverse/V39/month/RED_L_month.csv
  -> OK (9830 bytes)
[97/162] SCO_L_day.csv
  dirlabel=day
  outpath=/media/ice/Baptiste/geussnow01/dataverse/V39/day/SCO_L_day.csv
  -> OK (2481246 bytes)
[98/162] SCO_L_hour.csv
  dirlabel=hour
  outpath=/media/ice/Baptiste/geussnow01/dataverse/V39/hour/SCO_L_hour.csv
  -> OK (64069928 bytes)
[99/162] SCO_L_month.csv
  dirlabel=month
  outpath=/media/ice/Baptiste/geussnow01/dataverse/V39/month/SCO_L_month.csv
  -> OK (83997 bytes)
[100/162] SCO_U_day.csv
  dirlabel=day
  outpath=/media/ice/Baptiste/geussnow01/dataverse/V39/day/SCO_U_day.csv
  -> OK (2415679 bytes)
[101/162] SCO_U_hour.csv
  dirlabel=hour
  outpath=/media/ice/Baptiste/geussnow01/dataverse/V39/hour/SCO_U_hour.csv
  -> OK (62659776 bytes)
[102/162] SCO_U_month.csv
  dirlabel=month
  outpath=/media/ice/Baptiste/geussnow01/dataverse/V39/month/SCO_U_month.csv
  -> OK (81559 bytes)
[103/162] SDL_day.csv
  dirlabel=day
  outpath=/media/ice/Baptiste/geussnow01/dataverse/V39/day/SDL_day.csv
  -> OK (3421406 bytes)
[104/162] SDL_hour.csv
  dirlabel=hour
  outpath=/media/ice/Baptiste/geussnow01/dataverse/V39/hour/SDL_hour.csv
  -> OK (75715374 bytes)
[105/162] SDL_month.csv
  dirlabel=month
  outpath=/media/ice/Baptiste/geussnow01/dataverse/V39/month/SDL_month.csv
  -> OK (115428 bytes)
[106/162] SDM_day.csv
  dirlabel=day
  outpath=/media/ice/Baptiste/geussnow01/dataverse/V39/day/SDM_day.csv
  -> OK (3366555 bytes)
[107/162] SDM_hour.csv
  dirlabel=hour
  outpath=/media/ice/Baptiste/geussnow01/dataverse/V39/hour/SDM_hour.csv
  -> OK (75567279 bytes)
[108/162] SDM_month.csv
  dirlabel=month
  outpath=/media/ice/Baptiste/geussnow01/dataverse/V39/month/SDM_month.csv
  -> OK (113346 bytes)
[109/162] SER_B_day.csv
  dirlabel=day
  outpath=/media/ice/Baptiste/geussnow01/dataverse/V39/day/SER_B_day.csv
  -> OK (162165 bytes)
[110/162] SER_B_hour.csv
  dirlabel=hour
  outpath=/media/ice/Baptiste/geussnow01/dataverse/V39/hour/SER_B_hour.csv
  -> OK (4644517 bytes)
[111/162] SER_B_month.csv
  dirlabel=month
  outpath=/media/ice/Baptiste/geussnow01/dataverse/V39/month/SER_B_month.csv
  -> OK (5597 bytes)
[112/162] STA_day.csv
  dirlabel=day
  outpath=/media/ice/Baptiste/geussnow01/dataverse/V39/day/STA_day.csv
  -> OK (13839 bytes)
[113/162] STA_hour.csv
  dirlabel=hour
  outpath=/media/ice/Baptiste/geussnow01/dataverse/V39/hour/STA_hour.csv
  -> OK (326911 bytes)
[114/162] STA_month.csv
  dirlabel=month
  outpath=/media/ice/Baptiste/geussnow01/dataverse/V39/month/STA_month.csv
  -> OK (923 bytes)
[115/162] SUM_day.csv
  dirlabel=day
  outpath=/media/ice/Baptiste/geussnow01/dataverse/V39/day/SUM_day.csv
  -> OK (12937 bytes)
[116/162] SUM_hour.csv
  dirlabel=hour
  outpath=/media/ice/Baptiste/geussnow01/dataverse/V39/hour/SUM_hour.csv
  -> OK (299844 bytes)
[117/162] SUM_month.csv
  dirlabel=month
  outpath=/media/ice/Baptiste/geussnow01/dataverse/V39/month/SUM_month.csv
  -> OK (897 bytes)
[118/162] SWC_day.csv
  dirlabel=day
  outpath=/media/ice/Baptiste/geussnow01/dataverse/V39/day/SWC_day.csv
  -> OK (3905949 bytes)
[119/162] SWC_hour.csv
  dirlabel=hour
  outpath=/media/ice/Baptiste/geussnow01/dataverse/V39/hour/SWC_hour.csv
  -> OK (88769072 bytes)
[120/162] SWC_month.csv
  dirlabel=month
  outpath=/media/ice/Baptiste/geussnow01/dataverse/V39/month/SWC_month.csv
  -> OK (132282 bytes)
[121/162] TAS_A_day.csv
  dirlabel=day
  outpath=/media/ice/Baptiste/geussnow01/dataverse/V39/day/TAS_A_day.csv
  -> OK (1513307 bytes)
[122/162] TAS_A_hour.csv
  dirlabel=hour
  outpath=/media/ice/Baptiste/geussnow01/dataverse/V39/hour/TAS_A_hour.csv
  -> OK (38627887 bytes)
[123/162] TAS_A_month.csv
  dirlabel=month
  outpath=/media/ice/Baptiste/geussnow01/dataverse/V39/month/TAS_A_month.csv
  -> OK (51450 bytes)
[124/162] TAS_L_day.csv
  dirlabel=day
  outpath=/media/ice/Baptiste/geussnow01/dataverse/V39/day/TAS_L_day.csv
  -> OK (1972695 bytes)
[125/162] TAS_L_hour.csv
  dirlabel=hour
  outpath=/media/ice/Baptiste/geussnow01/dataverse/V39/hour/TAS_L_hour.csv
  -> OK (48001272 bytes)
[126/162] TAS_L_month.csv
  dirlabel=month
  outpath=/media/ice/Baptiste/geussnow01/dataverse/V39/month/TAS_L_month.csv
  -> OK (68271 bytes)
[127/162] TAS_U_day.csv
  dirlabel=day
  outpath=/media/ice/Baptiste/geussnow01/dataverse/V39/day/TAS_U_day.csv
  -> OK (859568 bytes)
[128/162] TAS_U_hour.csv
  dirlabel=hour
  outpath=/media/ice/Baptiste/geussnow01/dataverse/V39/hour/TAS_U_hour.csv
  -> OK (22932216 bytes)
[129/162] TAS_U_month.csv
  dirlabel=month
  outpath=/media/ice/Baptiste/geussnow01/dataverse/V39/month/TAS_U_month.csv
  -> OK (29706 bytes)
[130/162] THU_L2_day.csv
  dirlabel=day
  outpath=/media/ice/Baptiste/geussnow01/dataverse/V39/day/THU_L2_day.csv
  -> OK (437510 bytes)
[131/162] THU_L2_hour.csv
  dirlabel=hour
  outpath=/media/ice/Baptiste/geussnow01/dataverse/V39/hour/THU_L2_hour.csv
  -> OK (9745674 bytes)
[132/162] THU_L2_month.csv
  dirlabel=month
  outpath=/media/ice/Baptiste/geussnow01/dataverse/V39/month/THU_L2_month.csv
  -> OK (15496 bytes)
[133/162] THU_L_day.csv
  dirlabel=day
  outpath=/media/ice/Baptiste/geussnow01/dataverse/V39/day/THU_L_day.csv
  -> OK (1899354 bytes)
[134/162] THU_L_hour.csv
  dirlabel=hour
  outpath=/media/ice/Baptiste/geussnow01/dataverse/V39/hour/THU_L_hour.csv
  -> OK (47514876 bytes)
[135/162] THU_L_month.csv
  dirlabel=month
  outpath=/media/ice/Baptiste/geussnow01/dataverse/V39/month/THU_L_month.csv
  -> OK (65223 bytes)
[136/162] THU_U_day.csv
  dirlabel=day
  outpath=/media/ice/Baptiste/geussnow01/dataverse/V39/day/THU_U_day.csv
  -> OK (2106784 bytes)
[137/162] THU_U_hour.csv
  dirlabel=hour
  outpath=/media/ice/Baptiste/geussnow01/dataverse/V39/hour/THU_U_hour.csv
  -> OK (56843470 bytes)
[138/162] THU_U_month.csv
  dirlabel=month
  outpath=/media/ice/Baptiste/geussnow01/dataverse/V39/month/THU_U_month.csv
  -> OK (70138 bytes)
[139/162] TUN_day.csv
  dirlabel=day
  outpath=/media/ice/Baptiste/geussnow01/dataverse/V39/day/TUN_day.csv
  -> OK (3440353 bytes)
[140/162] TUN_hour.csv
  dirlabel=hour
  outpath=/media/ice/Baptiste/geussnow01/dataverse/V39/hour/TUN_hour.csv
  -> OK (77116724 bytes)
[141/162] TUN_month.csv
  dirlabel=month
  outpath=/media/ice/Baptiste/geussnow01/dataverse/V39/month/TUN_month.csv
  -> OK (118582 bytes)
[142/162] UPE_L_day.csv
  dirlabel=day
  outpath=/media/ice/Baptiste/geussnow01/dataverse/V39/day/UPE_L_day.csv
  -> OK (2411596 bytes)
[143/162] UPE_L_hour.csv
  dirlabel=hour
  outpath=/media/ice/Baptiste/geussnow01/dataverse/V39/hour/UPE_L_hour.csv
  -> OK (61646311 bytes)
[144/162] UPE_L_month.csv
  dirlabel=month
  outpath=/media/ice/Baptiste/geussnow01/dataverse/V39/month/UPE_L_month.csv
  -> OK (80229 bytes)
[145/162] UPE_U_day.csv
  dirlabel=day
  outpath=/media/ice/Baptiste/geussnow01/dataverse/V39/day/UPE_U_day.csv
  -> OK (2356128 bytes)
[146/162] UPE_U_hour.csv
  dirlabel=hour
  outpath=/media/ice/Baptiste/geussnow01/dataverse/V39/hour/UPE_U_hour.csv
  -> OK (58149609 bytes)
[147/162] UPE_U_month.csv
  dirlabel=month
  outpath=/media/ice/Baptiste/geussnow01/dataverse/V39/month/UPE_U_month.csv
  -> OK (79345 bytes)
[148/162] WEG_B_day.csv
  dirlabel=day
  outpath=/media/ice/Baptiste/geussnow01/dataverse/V39/day/WEG_B_day.csv
  -> OK (302993 bytes)
[149/162] WEG_B_hour.csv
  dirlabel=hour
  outpath=/media/ice/Baptiste/geussnow01/dataverse/V39/hour/WEG_B_hour.csv
  -> OK (9144717 bytes)
[150/162] WEG_B_month.csv
  dirlabel=month
  outpath=/media/ice/Baptiste/geussnow01/dataverse/V39/month/WEG_B_month.csv
  -> OK (10697 bytes)
[151/162] WEG_L_day.csv
  dirlabel=day
  outpath=/media/ice/Baptiste/geussnow01/dataverse/V39/day/WEG_L_day.csv
  -> OK (472969 bytes)
[152/162] WEG_L_hour.csv
  dirlabel=hour
  outpath=/media/ice/Baptiste/geussnow01/dataverse/V39/hour/WEG_L_hour.csv
  -> OK (12108022 bytes)
[153/162] WEG_L_month.csv
  dirlabel=month
  outpath=/media/ice/Baptiste/geussnow01/dataverse/V39/month/WEG_L_month.csv
  -> OK (16751 bytes)
[154/162] ZAC_A_day.csv
  dirlabel=day
  outpath=/media/ice/Baptiste/geussnow01/dataverse/V39/day/ZAC_A_day.csv
  -> OK (1182412 bytes)
[155/162] ZAC_A_hour.csv
  dirlabel=hour
  outpath=/media/ice/Baptiste/geussnow01/dataverse/V39/hour/ZAC_A_hour.csv
  -> OK (30402562 bytes)
[156/162] ZAC_A_month.csv
  dirlabel=month
  outpath=/media/ice/Baptiste/geussnow01/dataverse/V39/month/ZAC_A_month.csv
  -> OK (41096 bytes)
[157/162] ZAC_L_day.csv
  dirlabel=day
  outpath=/media/ice/Baptiste/geussnow01/dataverse/V39/day/ZAC_L_day.csv
  -> OK (1776744 bytes)
[158/162] ZAC_L_hour.csv
  dirlabel=hour
  outpath=/media/ice/Baptiste/geussnow01/dataverse/V39/hour/ZAC_L_hour.csv
  -> OK (45061455 bytes)
[159/162] ZAC_L_month.csv
  dirlabel=month
  outpath=/media/ice/Baptiste/geussnow01/dataverse/V39/month/ZAC_L_month.csv
  -> OK (60639 bytes)
[160/162] ZAC_U_day.csv
  dirlabel=day
  outpath=/media/ice/Baptiste/geussnow01/dataverse/V39/day/ZAC_U_day.csv
  -> OK (1156654 bytes)
[161/162] ZAC_U_hour.csv
  dirlabel=hour
  outpath=/media/ice/Baptiste/geussnow01/dataverse/V39/hour/ZAC_U_hour.csv
  -> OK (30290018 bytes)
[162/162] ZAC_U_month.csv
  dirlabel=month
  outpath=/media/ice/Baptiste/geussnow01/dataverse/V39/month/ZAC_U_month.csv
  -> OK (39797 bytes)
[DONE] Downloaded 162/162 CSVs into /media/ice/Baptiste/geussnow01/dataverse/V39 (found 162 *.csv)
[4/5] Run diagnostics + commit/push
Already up to date.
# Comparison of data thredds to V39 (old).
## CEN
/mnt/ice/Baptiste/geussnow01/dataverse//V39/month/CEN_month.csv
Variables in new file:
p_u, p_l, t_u, t_l, rh_u, rh_u_wrt_ice_or_water, qh_u, rh_l, rh_l_wrt_ice_or_water, qh_l, wspd_u, wspd_l, wdir_u, wdir_l, wspd_x_u, wspd_y_u, wspd_x_l, wspd_y_l, dsr, dsr_cor, usr, usr_cor, albedo, dlr, ulr, cc, t_surf, dlhf_u, dlhf_l, dshf_u, dshf_l, z_boom_u, z_boom_cor_u, z_boom_l, z_boom_cor_l, z_stake, z_stake_cor, z_surf_combined, snow_height, rainfall_u, rainfall_cor_u, rainfall_l, rainfall_cor_l, t_i_1, t_i_2, t_i_3, t_i_4, t_i_5, t_i_6, t_i_7, t_i_8, t_i_9, t_i_10, t_i_11, d_t_i_1, d_t_i_2, d_t_i_3, d_t_i_4, d_t_i_5, d_t_i_6, d_t_i_7, d_t_i_8, d_t_i_9, d_t_i_10, d_t_i_11, t_i_10m, tilt_x, tilt_y, rot_magnetic, rot_true, gps_lat, gps_lon, gps_alt, lat, lon, alt, batt_v, t_rad

New variables not in old files:


Old variables removed from new files:

 
![CEN](../figures/version_comparisons/V39_versus_thredds_month/CEN_0.png)
![CEN](../figures/version_comparisons/V39_versus_thredds_month/CEN_1.png)
![CEN](../figures/version_comparisons/V39_versus_thredds_month/CEN_2.png)
![CEN](../figures/version_comparisons/V39_versus_thredds_month/CEN_3.png)
![CEN](../figures/version_comparisons/V39_versus_thredds_month/CEN_4.png)
![CEN](../figures/version_comparisons/V39_versus_thredds_month/CEN_5.png)
![CEN](../figures/version_comparisons/V39_versus_thredds_month/CEN_6.png)
![CEN](../figures/version_comparisons/V39_versus_thredds_month/CEN_7.png)
![CEN](../figures/version_comparisons/V39_versus_thredds_month/CEN_8.png)
![CEN](../figures/version_comparisons/V39_versus_thredds_month/CEN_9.png)
![CEN](../figures/version_comparisons/V39_versus_thredds_month/CEN_10.png)
![CEN](../figures/version_comparisons/V39_versus_thredds_month/CEN_11.png)
![CEN](../figures/version_comparisons/V39_versus_thredds_month/CEN_12.png)
![CEN](../figures/version_comparisons/V39_versus_thredds_month/CEN_13.png)
![CEN](../figures/version_comparisons/V39_versus_thredds_month/CEN_14.png)
![CEN](../figures/version_comparisons/V39_versus_thredds_month/CEN_15.png)
 
## CP1
/mnt/ice/Baptiste/geussnow01/dataverse//V39/month/CP1_month.csv
Variables in new file:
p_u, p_l, t_u, t_l, rh_u, rh_u_wrt_ice_or_water, qh_u, rh_l, rh_l_wrt_ice_or_water, qh_l, wspd_u, wspd_l, wdir_u, wdir_l, wspd_x_u, wspd_y_u, wspd_x_l, wspd_y_l, dsr, dsr_cor, usr, usr_cor, albedo, dlr, ulr, cc, t_surf, dlhf_u, dlhf_l, dshf_u, dshf_l, z_boom_u, z_boom_cor_u, z_boom_l, z_boom_cor_l, z_surf_combined, snow_height, rainfall_u, rainfall_cor_u, rainfall_l, rainfall_cor_l, t_i_1, t_i_2, t_i_3, t_i_4, t_i_5, t_i_6, t_i_7, t_i_8, t_i_9, t_i_10, t_i_11, d_t_i_1, d_t_i_2, d_t_i_3, d_t_i_4, d_t_i_5, d_t_i_6, d_t_i_7, d_t_i_8, d_t_i_9, d_t_i_10, d_t_i_11, t_i_10m, tilt_x, tilt_y, rot_magnetic, rot_true, gps_lat, gps_lon, gps_alt, lat, lon, alt, batt_v, t_rad

New variables not in old files:


Old variables removed from new files:

 
![CP1](../figures/version_comparisons/V39_versus_thredds_month/CP1_0.png)
![CP1](../figures/version_comparisons/V39_versus_thredds_month/CP1_1.png)
![CP1](../figures/version_comparisons/V39_versus_thredds_month/CP1_2.png)
![CP1](../figures/version_comparisons/V39_versus_thredds_month/CP1_3.png)
![CP1](../figures/version_comparisons/V39_versus_thredds_month/CP1_4.png)
![CP1](../figures/version_comparisons/V39_versus_thredds_month/CP1_5.png)
![CP1](../figures/version_comparisons/V39_versus_thredds_month/CP1_6.png)
![CP1](../figures/version_comparisons/V39_versus_thredds_month/CP1_7.png)
![CP1](../figures/version_comparisons/V39_versus_thredds_month/CP1_8.png)
![CP1](../figures/version_comparisons/V39_versus_thredds_month/CP1_9.png)
![CP1](../figures/version_comparisons/V39_versus_thredds_month/CP1_10.png)
![CP1](../figures/version_comparisons/V39_versus_thredds_month/CP1_11.png)
![CP1](../figures/version_comparisons/V39_versus_thredds_month/CP1_12.png)
![CP1](../figures/version_comparisons/V39_versus_thredds_month/CP1_13.png)
![CP1](../figures/version_comparisons/V39_versus_thredds_month/CP1_14.png)
![CP1](../figures/version_comparisons/V39_versus_thredds_month/CP1_15.png)
 
## DY2
/mnt/ice/Baptiste/geussnow01/dataverse//V39/month/DY2_month.csv
Variables in new file:
p_u, p_l, t_u, t_l, rh_u, rh_u_wrt_ice_or_water, qh_u, rh_l, rh_l_wrt_ice_or_water, qh_l, wspd_u, wspd_l, wdir_u, wdir_l, wspd_x_u, wspd_y_u, wspd_x_l, wspd_y_l, dsr, dsr_cor, usr, usr_cor, albedo, dlr, ulr, cc, t_surf, dlhf_u, dlhf_l, dshf_u, dshf_l, z_boom_u, z_boom_cor_u, z_boom_l, z_boom_cor_l, z_surf_combined, snow_height, rainfall_u, rainfall_cor_u, rainfall_l, rainfall_cor_l, t_i_1, t_i_2, t_i_3, t_i_4, t_i_5, t_i_6, t_i_7, t_i_8, t_i_9, t_i_10, t_i_11, d_t_i_1, d_t_i_2, d_t_i_3, d_t_i_4, d_t_i_5, d_t_i_6, d_t_i_7, d_t_i_8, d_t_i_9, d_t_i_10, d_t_i_11, t_i_10m, tilt_x, tilt_y, rot_magnetic, rot_true, gps_lat, gps_lon, gps_alt, lat, lon, alt, batt_v, t_rad

New variables not in old files:


Old variables removed from new files:

 
![DY2](../figures/version_comparisons/V39_versus_thredds_month/DY2_0.png)
![DY2](../figures/version_comparisons/V39_versus_thredds_month/DY2_1.png)
![DY2](../figures/version_comparisons/V39_versus_thredds_month/DY2_2.png)
![DY2](../figures/version_comparisons/V39_versus_thredds_month/DY2_3.png)
![DY2](../figures/version_comparisons/V39_versus_thredds_month/DY2_4.png)
![DY2](../figures/version_comparisons/V39_versus_thredds_month/DY2_5.png)
![DY2](../figures/version_comparisons/V39_versus_thredds_month/DY2_6.png)
![DY2](../figures/version_comparisons/V39_versus_thredds_month/DY2_7.png)
![DY2](../figures/version_comparisons/V39_versus_thredds_month/DY2_8.png)
![DY2](../figures/version_comparisons/V39_versus_thredds_month/DY2_9.png)
![DY2](../figures/version_comparisons/V39_versus_thredds_month/DY2_10.png)
![DY2](../figures/version_comparisons/V39_versus_thredds_month/DY2_11.png)
![DY2](../figures/version_comparisons/V39_versus_thredds_month/DY2_12.png)
![DY2](../figures/version_comparisons/V39_versus_thredds_month/DY2_13.png)
![DY2](../figures/version_comparisons/V39_versus_thredds_month/DY2_14.png)
![DY2](../figures/version_comparisons/V39_versus_thredds_month/DY2_15.png)
 
## EGP
/mnt/ice/Baptiste/geussnow01/dataverse//V39/month/EGP_month.csv
Variables in new file:
p_u, t_u, t_l, rh_u, rh_u_wrt_ice_or_water, qh_u, rh_l, rh_l_wrt_ice_or_water, qh_l, wspd_u, wspd_l, wdir_u, wdir_l, wspd_x_u, wspd_y_u, wspd_x_l, wspd_y_l, dsr, dsr_cor, usr, usr_cor, albedo, dlr, ulr, cc, t_surf, dlhf_u, dshf_u, z_boom_u, z_boom_cor_u, z_boom_l, z_boom_cor_l, z_stake, z_stake_cor, z_surf_combined, snow_height, rainfall_u, rainfall_cor_u, t_i_1, t_i_2, t_i_3, t_i_4, t_i_5, t_i_6, t_i_7, t_i_8, t_i_9, t_i_10, t_i_11, d_t_i_1, d_t_i_2, d_t_i_3, d_t_i_4, d_t_i_5, d_t_i_6, d_t_i_7, d_t_i_8, d_t_i_9, d_t_i_10, d_t_i_11, t_i_10m, tilt_x, tilt_y, rot_magnetic, rot_true, gps_lat, gps_lon, gps_alt, lat, lon, alt, batt_v, t_rad

New variables not in old files:


Old variables removed from new files:

 
![EGP](../figures/version_comparisons/V39_versus_thredds_month/EGP_0.png)
![EGP](../figures/version_comparisons/V39_versus_thredds_month/EGP_1.png)
![EGP](../figures/version_comparisons/V39_versus_thredds_month/EGP_2.png)
![EGP](../figures/version_comparisons/V39_versus_thredds_month/EGP_3.png)
![EGP](../figures/version_comparisons/V39_versus_thredds_month/EGP_4.png)
![EGP](../figures/version_comparisons/V39_versus_thredds_month/EGP_5.png)
![EGP](../figures/version_comparisons/V39_versus_thredds_month/EGP_6.png)
![EGP](../figures/version_comparisons/V39_versus_thredds_month/EGP_7.png)
![EGP](../figures/version_comparisons/V39_versus_thredds_month/EGP_8.png)
![EGP](../figures/version_comparisons/V39_versus_thredds_month/EGP_9.png)
![EGP](../figures/version_comparisons/V39_versus_thredds_month/EGP_10.png)
![EGP](../figures/version_comparisons/V39_versus_thredds_month/EGP_11.png)
![EGP](../figures/version_comparisons/V39_versus_thredds_month/EGP_12.png)
![EGP](../figures/version_comparisons/V39_versus_thredds_month/EGP_13.png)
![EGP](../figures/version_comparisons/V39_versus_thredds_month/EGP_14.png)
 
## FRE
/mnt/ice/Baptiste/geussnow01/dataverse//V39/month/FRE_month.csv
Variables in new file:
p_u, t_u, rh_u, rh_u_wrt_ice_or_water, qh_u, wspd_u, wdir_u, wspd_x_u, wspd_y_u, dsr, dsr_cor, usr, usr_cor, albedo, dlr, ulr, cc, t_surf, dlhf_u, dshf_u, z_boom_u, z_boom_cor_u, z_stake, z_stake_cor, z_pt, z_pt_cor, z_surf_combined, z_ice_surf, snow_height, t_i_1, t_i_2, t_i_3, t_i_4, t_i_5, t_i_6, t_i_7, t_i_8, d_t_i_1, d_t_i_2, d_t_i_3, d_t_i_4, d_t_i_5, d_t_i_6, d_t_i_7, d_t_i_8, t_i_10m, tilt_x, tilt_y, rot_true, gps_lat, gps_lon, gps_alt, lat, lon, alt, batt_v, t_rad

New variables not in old files:


Old variables removed from new files:

 
![FRE](../figures/version_comparisons/V39_versus_thredds_month/FRE_0.png)
![FRE](../figures/version_comparisons/V39_versus_thredds_month/FRE_1.png)
![FRE](../figures/version_comparisons/V39_versus_thredds_month/FRE_2.png)
![FRE](../figures/version_comparisons/V39_versus_thredds_month/FRE_3.png)
![FRE](../figures/version_comparisons/V39_versus_thredds_month/FRE_4.png)
![FRE](../figures/version_comparisons/V39_versus_thredds_month/FRE_5.png)
![FRE](../figures/version_comparisons/V39_versus_thredds_month/FRE_6.png)
![FRE](../figures/version_comparisons/V39_versus_thredds_month/FRE_7.png)
![FRE](../figures/version_comparisons/V39_versus_thredds_month/FRE_8.png)
![FRE](../figures/version_comparisons/V39_versus_thredds_month/FRE_9.png)
![FRE](../figures/version_comparisons/V39_versus_thredds_month/FRE_10.png)
![FRE](../figures/version_comparisons/V39_versus_thredds_month/FRE_11.png)
 
## HUM
/mnt/ice/Baptiste/geussnow01/dataverse//V39/month/HUM_month.csv
Variables in new file:
p_u, p_l, t_u, t_l, rh_u, rh_u_wrt_ice_or_water, qh_u, rh_l, rh_l_wrt_ice_or_water, qh_l, wspd_u, wspd_l, wdir_u, wdir_l, wspd_x_u, wspd_y_u, wspd_x_l, wspd_y_l, dsr, dsr_cor, usr, usr_cor, albedo, dlr, ulr, cc, t_surf, dlhf_u, dlhf_l, dshf_u, dshf_l, z_boom_u, z_boom_cor_u, z_boom_l, z_boom_cor_l, z_surf_combined, snow_height, rainfall_u, rainfall_cor_u, rainfall_l, rainfall_cor_l, t_i_1, t_i_2, t_i_3, t_i_4, t_i_5, t_i_6, t_i_7, t_i_8, t_i_9, t_i_10, t_i_11, d_t_i_1, d_t_i_2, d_t_i_3, d_t_i_4, d_t_i_5, d_t_i_6, d_t_i_7, d_t_i_8, d_t_i_9, d_t_i_10, d_t_i_11, t_i_10m, tilt_x, tilt_y, rot_magnetic, rot_true, gps_lat, gps_lon, gps_alt, lat, lon, alt, batt_v, t_rad

New variables not in old files:


Old variables removed from new files:

 
![HUM](../figures/version_comparisons/V39_versus_thredds_month/HUM_0.png)
![HUM](../figures/version_comparisons/V39_versus_thredds_month/HUM_1.png)
![HUM](../figures/version_comparisons/V39_versus_thredds_month/HUM_2.png)
![HUM](../figures/version_comparisons/V39_versus_thredds_month/HUM_3.png)
![HUM](../figures/version_comparisons/V39_versus_thredds_month/HUM_4.png)
![HUM](../figures/version_comparisons/V39_versus_thredds_month/HUM_5.png)
![HUM](../figures/version_comparisons/V39_versus_thredds_month/HUM_6.png)
![HUM](../figures/version_comparisons/V39_versus_thredds_month/HUM_7.png)
![HUM](../figures/version_comparisons/V39_versus_thredds_month/HUM_8.png)
![HUM](../figures/version_comparisons/V39_versus_thredds_month/HUM_9.png)
![HUM](../figures/version_comparisons/V39_versus_thredds_month/HUM_10.png)
![HUM](../figures/version_comparisons/V39_versus_thredds_month/HUM_11.png)
![HUM](../figures/version_comparisons/V39_versus_thredds_month/HUM_12.png)
![HUM](../figures/version_comparisons/V39_versus_thredds_month/HUM_13.png)
![HUM](../figures/version_comparisons/V39_versus_thredds_month/HUM_14.png)
![HUM](../figures/version_comparisons/V39_versus_thredds_month/HUM_15.png)
 
## JAR
/mnt/ice/Baptiste/geussnow01/dataverse//V39/month/JAR_month.csv
Variables in new file:
p_u, t_u, t_l, rh_u, rh_u_wrt_ice_or_water, qh_u, rh_l, rh_l_wrt_ice_or_water, qh_l, wspd_u, wspd_l, wdir_u, wdir_l, wspd_x_u, wspd_y_u, wspd_x_l, wspd_y_l, dsr, dsr_cor, usr, usr_cor, albedo, dlr, ulr, cc, t_surf, dlhf_u, dshf_u, z_boom_u, z_boom_cor_u, z_boom_cor_l, z_stake, z_stake_cor, z_pt, z_pt_cor, z_surf_combined, z_ice_surf, snow_height, rainfall_u, rainfall_cor_u, t_i_1, t_i_2, t_i_3, t_i_4, t_i_5, t_i_6, t_i_7, t_i_8, t_i_9, t_i_10, d_t_i_1, d_t_i_2, d_t_i_3, d_t_i_4, d_t_i_5, d_t_i_6, d_t_i_7, d_t_i_8, d_t_i_9, d_t_i_10, t_i_10m, tilt_x, tilt_y, rot_magnetic, rot_true, gps_lat, gps_lon, gps_alt, lat, lon, alt, batt_v, t_rad

New variables not in old files:


Old variables removed from new files:

 
![JAR](../figures/version_comparisons/V39_versus_thredds_month/JAR_0.png)
![JAR](../figures/version_comparisons/V39_versus_thredds_month/JAR_1.png)
![JAR](../figures/version_comparisons/V39_versus_thredds_month/JAR_2.png)
![JAR](../figures/version_comparisons/V39_versus_thredds_month/JAR_3.png)
![JAR](../figures/version_comparisons/V39_versus_thredds_month/JAR_4.png)
![JAR](../figures/version_comparisons/V39_versus_thredds_month/JAR_5.png)
![JAR](../figures/version_comparisons/V39_versus_thredds_month/JAR_6.png)
![JAR](../figures/version_comparisons/V39_versus_thredds_month/JAR_7.png)
![JAR](../figures/version_comparisons/V39_versus_thredds_month/JAR_8.png)
![JAR](../figures/version_comparisons/V39_versus_thredds_month/JAR_9.png)
![JAR](../figures/version_comparisons/V39_versus_thredds_month/JAR_10.png)
![JAR](../figures/version_comparisons/V39_versus_thredds_month/JAR_11.png)
![JAR](../figures/version_comparisons/V39_versus_thredds_month/JAR_12.png)
![JAR](../figures/version_comparisons/V39_versus_thredds_month/JAR_13.png)
![JAR](../figures/version_comparisons/V39_versus_thredds_month/JAR_14.png)
 
## KAN_B
/mnt/ice/Baptiste/geussnow01/dataverse//V39/month/KAN_B_month.csv
Variables in new file:
p_u, t_u, rh_u, rh_u_wrt_ice_or_water, qh_u, wspd_u, wdir_u, wspd_x_u, wspd_y_u, dsr, usr, albedo, dlr, ulr, t_surf, z_boom_u, z_boom_cor_u, z_surf_combined, snow_height, rot_true, lat, lon, alt, batt_v, t_rad

New variables not in old files:


Old variables removed from new files:

 
![KAN_B](../figures/version_comparisons/V39_versus_thredds_month/KAN_B_0.png)
![KAN_B](../figures/version_comparisons/V39_versus_thredds_month/KAN_B_1.png)
![KAN_B](../figures/version_comparisons/V39_versus_thredds_month/KAN_B_2.png)
![KAN_B](../figures/version_comparisons/V39_versus_thredds_month/KAN_B_3.png)
![KAN_B](../figures/version_comparisons/V39_versus_thredds_month/KAN_B_4.png)
 
## KAN_L
/mnt/ice/Baptiste/geussnow01/dataverse//V39/month/KAN_L_month.csv
Variables in new file:
p_u, t_u, rh_u, rh_u_wrt_ice_or_water, qh_u, wspd_u, wdir_u, wspd_x_u, wspd_y_u, dsr, dsr_cor, usr, usr_cor, albedo, dlr, ulr, cc, t_surf, dlhf_u, dshf_u, z_boom_u, z_boom_cor_u, z_stake, z_stake_cor, z_pt, z_pt_cor, z_surf_combined, z_ice_surf, snow_height, rainfall_u, rainfall_cor_u, t_i_1, t_i_2, t_i_3, t_i_4, t_i_5, t_i_6, t_i_7, t_i_8, d_t_i_1, d_t_i_2, d_t_i_3, d_t_i_4, d_t_i_5, d_t_i_6, d_t_i_7, d_t_i_8, t_i_10m, tilt_x, tilt_y, rot_magnetic, rot_true, gps_lat, gps_lon, gps_alt, lat, lon, alt, batt_v, t_rad

New variables not in old files:


Old variables removed from new files:

 
![KAN_L](../figures/version_comparisons/V39_versus_thredds_month/KAN_L_0.png)
![KAN_L](../figures/version_comparisons/V39_versus_thredds_month/KAN_L_1.png)
![KAN_L](../figures/version_comparisons/V39_versus_thredds_month/KAN_L_2.png)
![KAN_L](../figures/version_comparisons/V39_versus_thredds_month/KAN_L_3.png)
![KAN_L](../figures/version_comparisons/V39_versus_thredds_month/KAN_L_4.png)
![KAN_L](../figures/version_comparisons/V39_versus_thredds_month/KAN_L_5.png)
![KAN_L](../figures/version_comparisons/V39_versus_thredds_month/KAN_L_6.png)
![KAN_L](../figures/version_comparisons/V39_versus_thredds_month/KAN_L_7.png)
![KAN_L](../figures/version_comparisons/V39_versus_thredds_month/KAN_L_8.png)
![KAN_L](../figures/version_comparisons/V39_versus_thredds_month/KAN_L_9.png)
![KAN_L](../figures/version_comparisons/V39_versus_thredds_month/KAN_L_10.png)
![KAN_L](../figures/version_comparisons/V39_versus_thredds_month/KAN_L_11.png)
 
## KAN_M
/mnt/ice/Baptiste/geussnow01/dataverse//V39/month/KAN_M_month.csv
Variables in new file:
p_u, t_u, rh_u, rh_u_wrt_ice_or_water, qh_u, wspd_u, wdir_u, wspd_x_u, wspd_y_u, dsr, dsr_cor, usr, usr_cor, albedo, dlr, ulr, cc, t_surf, dlhf_u, dshf_u, z_boom_u, z_boom_cor_u, z_stake, z_stake_cor, z_pt, z_pt_cor, z_surf_combined, z_ice_surf, snow_height, t_i_1, t_i_2, t_i_3, t_i_4, t_i_5, t_i_6, t_i_7, t_i_8, d_t_i_1, d_t_i_2, d_t_i_3, d_t_i_4, d_t_i_5, d_t_i_6, d_t_i_7, d_t_i_8, t_i_10m, tilt_x, tilt_y, rot_true, gps_lat, gps_lon, gps_alt, lat, lon, alt, batt_v, t_rad

New variables not in old files:


Old variables removed from new files:

 
![KAN_M](../figures/version_comparisons/V39_versus_thredds_month/KAN_M_0.png)
![KAN_M](../figures/version_comparisons/V39_versus_thredds_month/KAN_M_1.png)
![KAN_M](../figures/version_comparisons/V39_versus_thredds_month/KAN_M_2.png)
![KAN_M](../figures/version_comparisons/V39_versus_thredds_month/KAN_M_3.png)
![KAN_M](../figures/version_comparisons/V39_versus_thredds_month/KAN_M_4.png)
![KAN_M](../figures/version_comparisons/V39_versus_thredds_month/KAN_M_5.png)
![KAN_M](../figures/version_comparisons/V39_versus_thredds_month/KAN_M_6.png)
![KAN_M](../figures/version_comparisons/V39_versus_thredds_month/KAN_M_7.png)
![KAN_M](../figures/version_comparisons/V39_versus_thredds_month/KAN_M_8.png)
![KAN_M](../figures/version_comparisons/V39_versus_thredds_month/KAN_M_9.png)
![KAN_M](../figures/version_comparisons/V39_versus_thredds_month/KAN_M_10.png)
![KAN_M](../figures/version_comparisons/V39_versus_thredds_month/KAN_M_11.png)
 
## KAN_T
/mnt/ice/Baptiste/geussnow01/dataverse//V39/month/KAN_T_month.csv
Variables in new file:
p_u, t_u, rh_u, rh_u_wrt_ice_or_water, qh_u, wspd_u, wdir_u, wspd_x_u, wspd_y_u, dsr, dsr_cor, usr, usr_cor, albedo, dlr, ulr, cc, t_surf, dlhf_u, dshf_u, z_boom_u, z_boom_cor_u, z_stake, z_stake_cor, z_pt, z_pt_cor, z_surf_combined, z_ice_surf, snow_height, rainfall_u, rainfall_cor_u, t_i_1, t_i_2, t_i_3, t_i_4, t_i_5, t_i_6, t_i_7, t_i_8, d_t_i_1, d_t_i_2, d_t_i_3, d_t_i_4, d_t_i_5, d_t_i_6, d_t_i_7, d_t_i_8, tilt_x, tilt_y, rot_magnetic, rot_true, gps_lat, gps_lon, gps_alt, lat, lon, alt, batt_v, t_rad

New variables not in old files:


Old variables removed from new files:

 
![KAN_T](../figures/version_comparisons/V39_versus_thredds_month/KAN_T_0.png)
![KAN_T](../figures/version_comparisons/V39_versus_thredds_month/KAN_T_1.png)
![KAN_T](../figures/version_comparisons/V39_versus_thredds_month/KAN_T_2.png)
![KAN_T](../figures/version_comparisons/V39_versus_thredds_month/KAN_T_3.png)
![KAN_T](../figures/version_comparisons/V39_versus_thredds_month/KAN_T_4.png)
![KAN_T](../figures/version_comparisons/V39_versus_thredds_month/KAN_T_5.png)
![KAN_T](../figures/version_comparisons/V39_versus_thredds_month/KAN_T_6.png)
![KAN_T](../figures/version_comparisons/V39_versus_thredds_month/KAN_T_7.png)
![KAN_T](../figures/version_comparisons/V39_versus_thredds_month/KAN_T_8.png)
![KAN_T](../figures/version_comparisons/V39_versus_thredds_month/KAN_T_9.png)
![KAN_T](../figures/version_comparisons/V39_versus_thredds_month/KAN_T_10.png)
![KAN_T](../figures/version_comparisons/V39_versus_thredds_month/KAN_T_11.png)
 
## KAN_U
/mnt/ice/Baptiste/geussnow01/dataverse//V39/month/KAN_U_month.csv
Variables in new file:
p_u, p_l, t_u, t_l, rh_u, rh_u_wrt_ice_or_water, qh_u, rh_l, rh_l_wrt_ice_or_water, qh_l, wspd_u, wspd_l, wdir_u, wdir_l, wspd_x_u, wspd_y_u, wspd_x_l, wspd_y_l, dsr, dsr_cor, usr, usr_cor, albedo, dlr, ulr, cc, t_surf, dlhf_u, dlhf_l, dshf_u, dshf_l, z_boom_u, z_boom_cor_u, z_boom_l, z_boom_cor_l, z_stake, z_stake_cor, z_surf_combined, snow_height, rainfall_u, rainfall_cor_u, rainfall_l, rainfall_cor_l, t_i_1, t_i_2, t_i_3, t_i_4, t_i_5, t_i_6, t_i_7, t_i_8, t_i_9, t_i_10, t_i_11, d_t_i_1, d_t_i_2, d_t_i_3, d_t_i_4, d_t_i_5, d_t_i_6, d_t_i_7, d_t_i_8, d_t_i_9, d_t_i_10, d_t_i_11, t_i_10m, tilt_x, tilt_y, rot_magnetic, rot_true, gps_lat, gps_lon, gps_alt, lat, lon, alt, batt_v, t_rad

New variables not in old files:


Old variables removed from new files:

 
![KAN_U](../figures/version_comparisons/V39_versus_thredds_month/KAN_U_0.png)
![KAN_U](../figures/version_comparisons/V39_versus_thredds_month/KAN_U_1.png)
![KAN_U](../figures/version_comparisons/V39_versus_thredds_month/KAN_U_2.png)
![KAN_U](../figures/version_comparisons/V39_versus_thredds_month/KAN_U_3.png)
![KAN_U](../figures/version_comparisons/V39_versus_thredds_month/KAN_U_4.png)
![KAN_U](../figures/version_comparisons/V39_versus_thredds_month/KAN_U_5.png)
![KAN_U](../figures/version_comparisons/V39_versus_thredds_month/KAN_U_6.png)
![KAN_U](../figures/version_comparisons/V39_versus_thredds_month/KAN_U_7.png)
![KAN_U](../figures/version_comparisons/V39_versus_thredds_month/KAN_U_8.png)
![KAN_U](../figures/version_comparisons/V39_versus_thredds_month/KAN_U_9.png)
![KAN_U](../figures/version_comparisons/V39_versus_thredds_month/KAN_U_10.png)
![KAN_U](../figures/version_comparisons/V39_versus_thredds_month/KAN_U_11.png)
![KAN_U](../figures/version_comparisons/V39_versus_thredds_month/KAN_U_12.png)
![KAN_U](../figures/version_comparisons/V39_versus_thredds_month/KAN_U_13.png)
![KAN_U](../figures/version_comparisons/V39_versus_thredds_month/KAN_U_14.png)
![KAN_U](../figures/version_comparisons/V39_versus_thredds_month/KAN_U_15.png)
 
## KPC_L
/mnt/ice/Baptiste/geussnow01/dataverse//V39/month/KPC_L_month.csv
Variables in new file:
p_u, t_u, rh_u, rh_u_wrt_ice_or_water, qh_u, wspd_u, wdir_u, wspd_x_u, wspd_y_u, dsr, dsr_cor, usr, usr_cor, albedo, dlr, ulr, cc, t_surf, dlhf_u, dshf_u, z_boom_u, z_boom_cor_u, z_stake, z_stake_cor, z_pt, z_pt_cor, z_surf_combined, z_ice_surf, snow_height, t_i_1, t_i_2, t_i_3, t_i_4, t_i_5, t_i_6, t_i_7, t_i_8, d_t_i_1, d_t_i_2, d_t_i_3, d_t_i_4, d_t_i_5, d_t_i_6, d_t_i_7, d_t_i_8, t_i_10m, tilt_x, tilt_y, rot_true, gps_lat, gps_lon, gps_alt, lat, lon, alt, batt_v, t_rad

New variables not in old files:


Old variables removed from new files:

 
![KPC_L](../figures/version_comparisons/V39_versus_thredds_month/KPC_L_0.png)
![KPC_L](../figures/version_comparisons/V39_versus_thredds_month/KPC_L_1.png)
![KPC_L](../figures/version_comparisons/V39_versus_thredds_month/KPC_L_2.png)
![KPC_L](../figures/version_comparisons/V39_versus_thredds_month/KPC_L_3.png)
![KPC_L](../figures/version_comparisons/V39_versus_thredds_month/KPC_L_4.png)
![KPC_L](../figures/version_comparisons/V39_versus_thredds_month/KPC_L_5.png)
![KPC_L](../figures/version_comparisons/V39_versus_thredds_month/KPC_L_6.png)
![KPC_L](../figures/version_comparisons/V39_versus_thredds_month/KPC_L_7.png)
![KPC_L](../figures/version_comparisons/V39_versus_thredds_month/KPC_L_8.png)
![KPC_L](../figures/version_comparisons/V39_versus_thredds_month/KPC_L_9.png)
![KPC_L](../figures/version_comparisons/V39_versus_thredds_month/KPC_L_10.png)
![KPC_L](../figures/version_comparisons/V39_versus_thredds_month/KPC_L_11.png)
 
## KPC_U
/mnt/ice/Baptiste/geussnow01/dataverse//V39/month/KPC_U_month.csv
Variables in new file:
p_u, t_u, rh_u, rh_u_wrt_ice_or_water, qh_u, wspd_u, wdir_u, wspd_x_u, wspd_y_u, dsr, dsr_cor, usr, usr_cor, albedo, dlr, ulr, cc, t_surf, dlhf_u, dshf_u, z_boom_u, z_boom_cor_u, z_stake, z_stake_cor, z_surf_combined, z_ice_surf, snow_height, t_i_1, t_i_2, t_i_3, t_i_4, t_i_5, t_i_6, t_i_7, t_i_8, d_t_i_1, d_t_i_2, d_t_i_3, d_t_i_4, d_t_i_5, d_t_i_6, d_t_i_7, d_t_i_8, t_i_10m, tilt_x, tilt_y, rot_true, gps_lat, gps_lon, gps_alt, lat, lon, alt, batt_v, t_rad

New variables not in old files:


Old variables removed from new files:

 
![KPC_U](../figures/version_comparisons/V39_versus_thredds_month/KPC_U_0.png)
![KPC_U](../figures/version_comparisons/V39_versus_thredds_month/KPC_U_1.png)
![KPC_U](../figures/version_comparisons/V39_versus_thredds_month/KPC_U_2.png)
![KPC_U](../figures/version_comparisons/V39_versus_thredds_month/KPC_U_3.png)
![KPC_U](../figures/version_comparisons/V39_versus_thredds_month/KPC_U_4.png)
![KPC_U](../figures/version_comparisons/V39_versus_thredds_month/KPC_U_5.png)
![KPC_U](../figures/version_comparisons/V39_versus_thredds_month/KPC_U_6.png)
![KPC_U](../figures/version_comparisons/V39_versus_thredds_month/KPC_U_7.png)
![KPC_U](../figures/version_comparisons/V39_versus_thredds_month/KPC_U_8.png)
![KPC_U](../figures/version_comparisons/V39_versus_thredds_month/KPC_U_9.png)
![KPC_U](../figures/version_comparisons/V39_versus_thredds_month/KPC_U_10.png)
 
## LYN_L
/mnt/ice/Baptiste/geussnow01/dataverse//V39/month/LYN_L_month.csv
Variables in new file:
p_u, t_u, rh_u, rh_u_wrt_ice_or_water, qh_u, wspd_u, wdir_u, wspd_x_u, wspd_y_u, z_boom_u, z_boom_cor_u, z_stake, z_stake_cor, z_surf_combined, z_ice_surf, snow_height, t_i_1, t_i_2, t_i_3, t_i_4, t_i_5, t_i_6, t_i_7, d_t_i_1, d_t_i_2, d_t_i_3, d_t_i_4, d_t_i_5, d_t_i_6, d_t_i_7, d_t_i_8, t_i_10m, tilt_x, tilt_y, rot_true, gps_lat, gps_lon, gps_alt, lat, lon, alt, batt_v, t_rad

New variables not in old files:


Old variables removed from new files:

 
![LYN_L](../figures/version_comparisons/V39_versus_thredds_month/LYN_L_0.png)
![LYN_L](../figures/version_comparisons/V39_versus_thredds_month/LYN_L_1.png)
![LYN_L](../figures/version_comparisons/V39_versus_thredds_month/LYN_L_2.png)
![LYN_L](../figures/version_comparisons/V39_versus_thredds_month/LYN_L_3.png)
![LYN_L](../figures/version_comparisons/V39_versus_thredds_month/LYN_L_4.png)
![LYN_L](../figures/version_comparisons/V39_versus_thredds_month/LYN_L_5.png)
![LYN_L](../figures/version_comparisons/V39_versus_thredds_month/LYN_L_6.png)
![LYN_L](../figures/version_comparisons/V39_versus_thredds_month/LYN_L_7.png)
![LYN_L](../figures/version_comparisons/V39_versus_thredds_month/LYN_L_8.png)
 
## LYN_T
/mnt/ice/Baptiste/geussnow01/dataverse//V39/month/LYN_T_month.csv
Variables in new file:
p_u, t_u, rh_u, rh_u_wrt_ice_or_water, qh_u, wspd_u, wdir_u, wspd_x_u, wspd_y_u, dsr, dsr_cor, usr, usr_cor, albedo, dlr, ulr, cc, t_surf, dlhf_u, dshf_u, z_boom_u, z_boom_cor_u, z_stake, z_stake_cor, z_surf_combined, z_ice_surf, snow_height, t_i_1, t_i_2, t_i_3, t_i_4, t_i_5, t_i_6, t_i_7, d_t_i_1, d_t_i_2, d_t_i_3, d_t_i_4, d_t_i_5, d_t_i_6, d_t_i_7, d_t_i_8, t_i_10m, tilt_x, tilt_y, rot_true, gps_lat, gps_lon, gps_alt, lat, lon, alt, batt_v, t_rad

New variables not in old files:


Old variables removed from new files:

 
![LYN_T](../figures/version_comparisons/V39_versus_thredds_month/LYN_T_0.png)
![LYN_T](../figures/version_comparisons/V39_versus_thredds_month/LYN_T_1.png)
![LYN_T](../figures/version_comparisons/V39_versus_thredds_month/LYN_T_2.png)
![LYN_T](../figures/version_comparisons/V39_versus_thredds_month/LYN_T_3.png)
![LYN_T](../figures/version_comparisons/V39_versus_thredds_month/LYN_T_4.png)
![LYN_T](../figures/version_comparisons/V39_versus_thredds_month/LYN_T_5.png)
![LYN_T](../figures/version_comparisons/V39_versus_thredds_month/LYN_T_6.png)
![LYN_T](../figures/version_comparisons/V39_versus_thredds_month/LYN_T_7.png)
![LYN_T](../figures/version_comparisons/V39_versus_thredds_month/LYN_T_8.png)
![LYN_T](../figures/version_comparisons/V39_versus_thredds_month/LYN_T_9.png)
![LYN_T](../figures/version_comparisons/V39_versus_thredds_month/LYN_T_10.png)
 
## MIT
/mnt/ice/Baptiste/geussnow01/dataverse//V39/month/MIT_month.csv
Variables in new file:
p_u, t_u, rh_u, rh_u_wrt_ice_or_water, qh_u, wspd_u, wdir_u, wspd_x_u, wspd_y_u, dsr, dsr_cor, usr, usr_cor, albedo, dlr, ulr, cc, t_surf, dlhf_u, dshf_u, z_boom_u, z_boom_cor_u, z_stake, z_stake_cor, z_pt, z_pt_cor, z_surf_combined, z_ice_surf, snow_height, t_i_1, t_i_2, t_i_3, t_i_4, t_i_5, t_i_6, t_i_7, t_i_8, d_t_i_1, d_t_i_2, d_t_i_3, d_t_i_4, d_t_i_5, d_t_i_6, d_t_i_7, d_t_i_8, t_i_10m, tilt_x, tilt_y, rot_true, gps_lat, gps_lon, gps_alt, lat, lon, alt, batt_v, t_rad

New variables not in old files:


Old variables removed from new files:

 
![MIT](../figures/version_comparisons/V39_versus_thredds_month/MIT_0.png)
![MIT](../figures/version_comparisons/V39_versus_thredds_month/MIT_1.png)
![MIT](../figures/version_comparisons/V39_versus_thredds_month/MIT_2.png)
![MIT](../figures/version_comparisons/V39_versus_thredds_month/MIT_3.png)
![MIT](../figures/version_comparisons/V39_versus_thredds_month/MIT_4.png)
![MIT](../figures/version_comparisons/V39_versus_thredds_month/MIT_5.png)
![MIT](../figures/version_comparisons/V39_versus_thredds_month/MIT_6.png)
![MIT](../figures/version_comparisons/V39_versus_thredds_month/MIT_7.png)
![MIT](../figures/version_comparisons/V39_versus_thredds_month/MIT_8.png)
![MIT](../figures/version_comparisons/V39_versus_thredds_month/MIT_9.png)
![MIT](../figures/version_comparisons/V39_versus_thredds_month/MIT_10.png)
![MIT](../figures/version_comparisons/V39_versus_thredds_month/MIT_11.png)
 
## NAE
/mnt/ice/Baptiste/geussnow01/dataverse//V39/month/NAE_month.csv
Variables in new file:
p_u, p_l, t_u, t_l, rh_u, rh_u_wrt_ice_or_water, qh_u, rh_l, rh_l_wrt_ice_or_water, qh_l, wspd_u, wspd_l, wdir_u, wdir_l, wspd_x_u, wspd_y_u, wspd_x_l, wspd_y_l, dsr, dsr_cor, usr, usr_cor, albedo, dlr, ulr, cc, t_surf, dlhf_u, dlhf_l, dshf_u, dshf_l, z_boom_u, z_boom_cor_u, z_boom_l, z_boom_cor_l, z_surf_combined, snow_height, rainfall_u, rainfall_cor_u, rainfall_l, rainfall_cor_l, t_i_1, t_i_2, t_i_3, t_i_4, t_i_5, t_i_6, t_i_7, t_i_8, t_i_9, t_i_10, t_i_11, d_t_i_1, d_t_i_2, d_t_i_3, d_t_i_4, d_t_i_5, d_t_i_6, d_t_i_7, d_t_i_8, d_t_i_9, d_t_i_10, d_t_i_11, t_i_10m, tilt_x, tilt_y, rot_magnetic, rot_true, gps_lat, gps_lon, gps_alt, lat, lon, alt, batt_v, t_rad

New variables not in old files:


Old variables removed from new files:

 
![NAE](../figures/version_comparisons/V39_versus_thredds_month/NAE_0.png)
![NAE](../figures/version_comparisons/V39_versus_thredds_month/NAE_1.png)
![NAE](../figures/version_comparisons/V39_versus_thredds_month/NAE_2.png)
![NAE](../figures/version_comparisons/V39_versus_thredds_month/NAE_3.png)
![NAE](../figures/version_comparisons/V39_versus_thredds_month/NAE_4.png)
![NAE](../figures/version_comparisons/V39_versus_thredds_month/NAE_5.png)
![NAE](../figures/version_comparisons/V39_versus_thredds_month/NAE_6.png)
![NAE](../figures/version_comparisons/V39_versus_thredds_month/NAE_7.png)
![NAE](../figures/version_comparisons/V39_versus_thredds_month/NAE_8.png)
![NAE](../figures/version_comparisons/V39_versus_thredds_month/NAE_9.png)
![NAE](../figures/version_comparisons/V39_versus_thredds_month/NAE_10.png)
![NAE](../figures/version_comparisons/V39_versus_thredds_month/NAE_11.png)
![NAE](../figures/version_comparisons/V39_versus_thredds_month/NAE_12.png)
![NAE](../figures/version_comparisons/V39_versus_thredds_month/NAE_13.png)
![NAE](../figures/version_comparisons/V39_versus_thredds_month/NAE_14.png)
![NAE](../figures/version_comparisons/V39_versus_thredds_month/NAE_15.png)
 
## NAU
/mnt/ice/Baptiste/geussnow01/dataverse//V39/month/NAU_month.csv
Variables in new file:
p_u, p_l, t_u, t_l, rh_u, rh_u_wrt_ice_or_water, qh_u, rh_l, rh_l_wrt_ice_or_water, qh_l, wspd_u, wspd_l, wdir_u, wdir_l, wspd_x_u, wspd_y_u, wspd_x_l, wspd_y_l, dsr, dsr_cor, usr, usr_cor, albedo, dlr, ulr, cc, t_surf, dlhf_u, dlhf_l, dshf_u, dshf_l, z_boom_u, z_boom_cor_u, z_boom_l, z_boom_cor_l, z_surf_combined, snow_height, rainfall_u, rainfall_cor_u, rainfall_l, rainfall_cor_l, t_i_1, t_i_2, t_i_3, t_i_4, t_i_5, t_i_6, t_i_7, t_i_8, t_i_9, t_i_10, t_i_11, d_t_i_1, d_t_i_2, d_t_i_3, d_t_i_4, d_t_i_5, d_t_i_6, d_t_i_7, d_t_i_8, d_t_i_9, d_t_i_10, d_t_i_11, t_i_10m, tilt_x, tilt_y, rot_magnetic, rot_true, gps_lat, gps_lon, gps_alt, lat, lon, alt, batt_v, t_rad

New variables not in old files:


Old variables removed from new files:

 
![NAU](../figures/version_comparisons/V39_versus_thredds_month/NAU_0.png)
![NAU](../figures/version_comparisons/V39_versus_thredds_month/NAU_1.png)
![NAU](../figures/version_comparisons/V39_versus_thredds_month/NAU_2.png)
![NAU](../figures/version_comparisons/V39_versus_thredds_month/NAU_3.png)
![NAU](../figures/version_comparisons/V39_versus_thredds_month/NAU_4.png)
![NAU](../figures/version_comparisons/V39_versus_thredds_month/NAU_5.png)
![NAU](../figures/version_comparisons/V39_versus_thredds_month/NAU_6.png)
![NAU](../figures/version_comparisons/V39_versus_thredds_month/NAU_7.png)
![NAU](../figures/version_comparisons/V39_versus_thredds_month/NAU_8.png)
![NAU](../figures/version_comparisons/V39_versus_thredds_month/NAU_9.png)
![NAU](../figures/version_comparisons/V39_versus_thredds_month/NAU_10.png)
![NAU](../figures/version_comparisons/V39_versus_thredds_month/NAU_11.png)
![NAU](../figures/version_comparisons/V39_versus_thredds_month/NAU_12.png)
![NAU](../figures/version_comparisons/V39_versus_thredds_month/NAU_13.png)
![NAU](../figures/version_comparisons/V39_versus_thredds_month/NAU_14.png)
![NAU](../figures/version_comparisons/V39_versus_thredds_month/NAU_15.png)
 
## NEM
/mnt/ice/Baptiste/geussnow01/dataverse//V39/month/NEM_month.csv
Variables in new file:
p_u, p_l, t_u, t_l, rh_u, rh_u_wrt_ice_or_water, qh_u, rh_l, rh_l_wrt_ice_or_water, qh_l, wspd_u, wspd_l, wdir_u, wdir_l, wspd_x_u, wspd_y_u, wspd_x_l, wspd_y_l, dsr, dsr_cor, usr, usr_cor, albedo, dlr, ulr, cc, t_surf, dlhf_u, dlhf_l, dshf_u, dshf_l, z_boom_u, z_boom_cor_u, z_boom_l, z_boom_cor_l, z_surf_combined, snow_height, rainfall_u, rainfall_cor_u, rainfall_l, rainfall_cor_l, t_i_1, t_i_2, t_i_3, t_i_4, t_i_5, t_i_6, t_i_7, t_i_8, t_i_9, t_i_10, t_i_11, d_t_i_1, d_t_i_2, d_t_i_3, d_t_i_4, d_t_i_5, d_t_i_6, d_t_i_7, d_t_i_8, d_t_i_9, d_t_i_10, d_t_i_11, t_i_10m, tilt_x, tilt_y, rot_magnetic, rot_true, gps_lat, gps_lon, gps_alt, lat, lon, alt, batt_v, t_rad

New variables not in old files:


Old variables removed from new files:

 
![NEM](../figures/version_comparisons/V39_versus_thredds_month/NEM_0.png)
![NEM](../figures/version_comparisons/V39_versus_thredds_month/NEM_1.png)
![NEM](../figures/version_comparisons/V39_versus_thredds_month/NEM_2.png)
![NEM](../figures/version_comparisons/V39_versus_thredds_month/NEM_3.png)
![NEM](../figures/version_comparisons/V39_versus_thredds_month/NEM_4.png)
![NEM](../figures/version_comparisons/V39_versus_thredds_month/NEM_5.png)
![NEM](../figures/version_comparisons/V39_versus_thredds_month/NEM_6.png)
![NEM](../figures/version_comparisons/V39_versus_thredds_month/NEM_7.png)
![NEM](../figures/version_comparisons/V39_versus_thredds_month/NEM_8.png)
![NEM](../figures/version_comparisons/V39_versus_thredds_month/NEM_9.png)
![NEM](../figures/version_comparisons/V39_versus_thredds_month/NEM_10.png)
![NEM](../figures/version_comparisons/V39_versus_thredds_month/NEM_11.png)
![NEM](../figures/version_comparisons/V39_versus_thredds_month/NEM_12.png)
![NEM](../figures/version_comparisons/V39_versus_thredds_month/NEM_13.png)
![NEM](../figures/version_comparisons/V39_versus_thredds_month/NEM_14.png)
![NEM](../figures/version_comparisons/V39_versus_thredds_month/NEM_15.png)
 
## NSE
/mnt/ice/Baptiste/geussnow01/dataverse//V39/month/NSE_month.csv
Variables in new file:
p_u, p_l, t_u, t_l, rh_u, rh_u_wrt_ice_or_water, qh_u, rh_l, rh_l_wrt_ice_or_water, qh_l, wspd_u, wspd_l, wdir_u, wdir_l, wspd_x_u, wspd_y_u, wspd_x_l, wspd_y_l, dsr, dsr_cor, usr, usr_cor, albedo, dlr, ulr, cc, t_surf, dlhf_u, dlhf_l, dshf_u, dshf_l, z_boom_u, z_boom_cor_u, z_boom_l, z_boom_cor_l, z_surf_combined, snow_height, rainfall_u, rainfall_cor_u, rainfall_l, rainfall_cor_l, t_i_1, t_i_2, t_i_3, t_i_4, t_i_5, t_i_6, t_i_7, t_i_8, t_i_9, t_i_10, t_i_11, d_t_i_1, d_t_i_2, d_t_i_3, d_t_i_4, d_t_i_5, d_t_i_6, d_t_i_7, d_t_i_8, d_t_i_9, d_t_i_10, d_t_i_11, t_i_10m, tilt_x, tilt_y, rot_magnetic, rot_true, gps_lat, gps_lon, gps_alt, lat, lon, alt, batt_v, t_rad

New variables not in old files:


Old variables removed from new files:

 
![NSE](../figures/version_comparisons/V39_versus_thredds_month/NSE_0.png)
![NSE](../figures/version_comparisons/V39_versus_thredds_month/NSE_1.png)
![NSE](../figures/version_comparisons/V39_versus_thredds_month/NSE_2.png)
![NSE](../figures/version_comparisons/V39_versus_thredds_month/NSE_3.png)
![NSE](../figures/version_comparisons/V39_versus_thredds_month/NSE_4.png)
![NSE](../figures/version_comparisons/V39_versus_thredds_month/NSE_5.png)
![NSE](../figures/version_comparisons/V39_versus_thredds_month/NSE_6.png)
![NSE](../figures/version_comparisons/V39_versus_thredds_month/NSE_7.png)
![NSE](../figures/version_comparisons/V39_versus_thredds_month/NSE_8.png)
![NSE](../figures/version_comparisons/V39_versus_thredds_month/NSE_9.png)
![NSE](../figures/version_comparisons/V39_versus_thredds_month/NSE_10.png)
![NSE](../figures/version_comparisons/V39_versus_thredds_month/NSE_11.png)
![NSE](../figures/version_comparisons/V39_versus_thredds_month/NSE_12.png)
![NSE](../figures/version_comparisons/V39_versus_thredds_month/NSE_13.png)
![NSE](../figures/version_comparisons/V39_versus_thredds_month/NSE_14.png)
![NSE](../figures/version_comparisons/V39_versus_thredds_month/NSE_15.png)
 
## NUK_B
/mnt/ice/Baptiste/geussnow01/dataverse//V39/month/NUK_B_month.csv
Variables in new file:
p_u, t_u, rh_u, rh_u_wrt_ice_or_water, qh_u, wspd_u, wdir_u, wspd_x_u, wspd_y_u, dsr, usr, albedo, dlr, ulr, t_surf, z_boom_u, z_boom_cor_u, z_surf_combined, snow_height, rainfall_u, rainfall_cor_u, tilt_x, tilt_y, rot_magnetic, rot_true, gps_lat, gps_lon, gps_alt, lat, lon, alt, batt_v, t_rad

New variables not in old files:


Old variables removed from new files:

 
![NUK_B](../figures/version_comparisons/V39_versus_thredds_month/NUK_B_0.png)
![NUK_B](../figures/version_comparisons/V39_versus_thredds_month/NUK_B_1.png)
![NUK_B](../figures/version_comparisons/V39_versus_thredds_month/NUK_B_2.png)
![NUK_B](../figures/version_comparisons/V39_versus_thredds_month/NUK_B_3.png)
![NUK_B](../figures/version_comparisons/V39_versus_thredds_month/NUK_B_4.png)
![NUK_B](../figures/version_comparisons/V39_versus_thredds_month/NUK_B_5.png)
![NUK_B](../figures/version_comparisons/V39_versus_thredds_month/NUK_B_6.png)
 
## NUK_K
/mnt/ice/Baptiste/geussnow01/dataverse//V39/month/NUK_K_month.csv
Variables in new file:
p_u, t_u, rh_u, rh_u_wrt_ice_or_water, qh_u, wspd_u, wdir_u, wspd_x_u, wspd_y_u, dsr, dsr_cor, usr, usr_cor, albedo, dlr, ulr, cc, t_surf, dlhf_u, dshf_u, z_boom_u, z_boom_cor_u, z_stake, z_stake_cor, z_pt, z_pt_cor, z_surf_combined, z_ice_surf, snow_height, rainfall_u, rainfall_cor_u, t_i_1, t_i_2, t_i_3, t_i_4, t_i_5, t_i_6, t_i_7, t_i_8, d_t_i_1, d_t_i_2, d_t_i_3, d_t_i_4, d_t_i_5, d_t_i_6, d_t_i_7, d_t_i_8, t_i_10m, tilt_x, tilt_y, rot_magnetic, rot_true, gps_lat, gps_lon, gps_alt, lat, lon, alt, batt_v, t_rad

New variables not in old files:


Old variables removed from new files:

 
![NUK_K](../figures/version_comparisons/V39_versus_thredds_month/NUK_K_0.png)
![NUK_K](../figures/version_comparisons/V39_versus_thredds_month/NUK_K_1.png)
![NUK_K](../figures/version_comparisons/V39_versus_thredds_month/NUK_K_2.png)
![NUK_K](../figures/version_comparisons/V39_versus_thredds_month/NUK_K_3.png)
![NUK_K](../figures/version_comparisons/V39_versus_thredds_month/NUK_K_4.png)
![NUK_K](../figures/version_comparisons/V39_versus_thredds_month/NUK_K_5.png)
![NUK_K](../figures/version_comparisons/V39_versus_thredds_month/NUK_K_6.png)
![NUK_K](../figures/version_comparisons/V39_versus_thredds_month/NUK_K_7.png)
![NUK_K](../figures/version_comparisons/V39_versus_thredds_month/NUK_K_8.png)
![NUK_K](../figures/version_comparisons/V39_versus_thredds_month/NUK_K_9.png)
![NUK_K](../figures/version_comparisons/V39_versus_thredds_month/NUK_K_10.png)
![NUK_K](../figures/version_comparisons/V39_versus_thredds_month/NUK_K_11.png)
 
## NUK_L
/mnt/ice/Baptiste/geussnow01/dataverse//V39/month/NUK_L_month.csv
Variables in new file:
p_u, t_u, rh_u, rh_u_wrt_ice_or_water, qh_u, wspd_u, wdir_u, wspd_x_u, wspd_y_u, dsr, dsr_cor, usr, usr_cor, albedo, dlr, ulr, cc, t_surf, dlhf_u, dshf_u, z_boom_u, z_boom_cor_u, z_stake, z_stake_cor, z_pt, z_pt_cor, z_surf_combined, z_ice_surf, snow_height, rainfall_u, rainfall_cor_u, t_i_1, t_i_2, t_i_3, t_i_4, t_i_5, t_i_6, t_i_7, t_i_8, d_t_i_1, d_t_i_2, d_t_i_3, d_t_i_4, d_t_i_5, d_t_i_6, d_t_i_7, d_t_i_8, t_i_10m, tilt_x, tilt_y, rot_magnetic, rot_true, gps_lat, gps_lon, gps_alt, lat, lon, alt, batt_v, t_rad

New variables not in old files:


Old variables removed from new files:

 
![NUK_L](../figures/version_comparisons/V39_versus_thredds_month/NUK_L_0.png)
![NUK_L](../figures/version_comparisons/V39_versus_thredds_month/NUK_L_1.png)
![NUK_L](../figures/version_comparisons/V39_versus_thredds_month/NUK_L_2.png)
![NUK_L](../figures/version_comparisons/V39_versus_thredds_month/NUK_L_3.png)
![NUK_L](../figures/version_comparisons/V39_versus_thredds_month/NUK_L_4.png)
![NUK_L](../figures/version_comparisons/V39_versus_thredds_month/NUK_L_5.png)
![NUK_L](../figures/version_comparisons/V39_versus_thredds_month/NUK_L_6.png)
![NUK_L](../figures/version_comparisons/V39_versus_thredds_month/NUK_L_7.png)
![NUK_L](../figures/version_comparisons/V39_versus_thredds_month/NUK_L_8.png)
![NUK_L](../figures/version_comparisons/V39_versus_thredds_month/NUK_L_9.png)
![NUK_L](../figures/version_comparisons/V39_versus_thredds_month/NUK_L_10.png)
![NUK_L](../figures/version_comparisons/V39_versus_thredds_month/NUK_L_11.png)
 
## NUK_N
/mnt/ice/Baptiste/geussnow01/dataverse//V39/month/NUK_N_month.csv
Variables in new file:
p_u, t_u, rh_u, rh_u_wrt_ice_or_water, qh_u, wspd_u, wdir_u, wspd_x_u, wspd_y_u, dsr, dsr_cor, usr, usr_cor, albedo, dlr, ulr, cc, t_surf, dlhf_u, dshf_u, z_boom_u, z_boom_cor_u, z_stake, z_stake_cor, z_pt, z_pt_cor, z_surf_combined, z_ice_surf, snow_height, t_i_1, t_i_2, t_i_3, t_i_4, t_i_5, t_i_6, t_i_7, t_i_8, d_t_i_1, d_t_i_2, d_t_i_3, d_t_i_4, d_t_i_5, d_t_i_6, d_t_i_7, d_t_i_8, t_i_10m, tilt_x, tilt_y, rot_true, gps_lat, gps_lon, gps_alt, lat, lon, alt, batt_v, t_rad

New variables not in old files:


Old variables removed from new files:

 
![NUK_N](../figures/version_comparisons/V39_versus_thredds_month/NUK_N_0.png)
![NUK_N](../figures/version_comparisons/V39_versus_thredds_month/NUK_N_1.png)
![NUK_N](../figures/version_comparisons/V39_versus_thredds_month/NUK_N_2.png)
![NUK_N](../figures/version_comparisons/V39_versus_thredds_month/NUK_N_3.png)
![NUK_N](../figures/version_comparisons/V39_versus_thredds_month/NUK_N_4.png)
![NUK_N](../figures/version_comparisons/V39_versus_thredds_month/NUK_N_5.png)
![NUK_N](../figures/version_comparisons/V39_versus_thredds_month/NUK_N_6.png)
![NUK_N](../figures/version_comparisons/V39_versus_thredds_month/NUK_N_7.png)
![NUK_N](../figures/version_comparisons/V39_versus_thredds_month/NUK_N_8.png)
![NUK_N](../figures/version_comparisons/V39_versus_thredds_month/NUK_N_9.png)
![NUK_N](../figures/version_comparisons/V39_versus_thredds_month/NUK_N_10.png)
![NUK_N](../figures/version_comparisons/V39_versus_thredds_month/NUK_N_11.png)
 
## NUK_U
/mnt/ice/Baptiste/geussnow01/dataverse//V39/month/NUK_U_month.csv
Variables in new file:
p_u, t_u, rh_u, rh_u_wrt_ice_or_water, qh_u, wspd_u, wdir_u, wspd_x_u, wspd_y_u, dsr, dsr_cor, usr, usr_cor, albedo, dlr, ulr, cc, t_surf, dlhf_u, dshf_u, z_boom_u, z_boom_cor_u, z_stake, z_stake_cor, z_pt, z_pt_cor, z_surf_combined, z_ice_surf, snow_height, rainfall_u, rainfall_cor_u, t_i_1, t_i_2, t_i_3, t_i_4, t_i_5, t_i_6, t_i_7, t_i_8, d_t_i_1, d_t_i_2, d_t_i_3, d_t_i_4, d_t_i_5, d_t_i_6, d_t_i_7, d_t_i_8, t_i_10m, tilt_x, tilt_y, rot_magnetic, rot_true, gps_lat, gps_lon, gps_alt, lat, lon, alt, batt_v, t_rad

New variables not in old files:


Old variables removed from new files:

 
![NUK_U](../figures/version_comparisons/V39_versus_thredds_month/NUK_U_0.png)
![NUK_U](../figures/version_comparisons/V39_versus_thredds_month/NUK_U_1.png)
![NUK_U](../figures/version_comparisons/V39_versus_thredds_month/NUK_U_2.png)
![NUK_U](../figures/version_comparisons/V39_versus_thredds_month/NUK_U_3.png)
![NUK_U](../figures/version_comparisons/V39_versus_thredds_month/NUK_U_4.png)
![NUK_U](../figures/version_comparisons/V39_versus_thredds_month/NUK_U_5.png)
![NUK_U](../figures/version_comparisons/V39_versus_thredds_month/NUK_U_6.png)
![NUK_U](../figures/version_comparisons/V39_versus_thredds_month/NUK_U_7.png)
![NUK_U](../figures/version_comparisons/V39_versus_thredds_month/NUK_U_8.png)
![NUK_U](../figures/version_comparisons/V39_versus_thredds_month/NUK_U_9.png)
![NUK_U](../figures/version_comparisons/V39_versus_thredds_month/NUK_U_10.png)
![NUK_U](../figures/version_comparisons/V39_versus_thredds_month/NUK_U_11.png)
 
## QAS_A
/mnt/ice/Baptiste/geussnow01/dataverse//V39/month/QAS_A_month.csv
Variables in new file:
p_u, t_u, rh_u, rh_u_wrt_ice_or_water, qh_u, wspd_u, wdir_u, wspd_x_u, wspd_y_u, dsr, dsr_cor, usr, usr_cor, albedo, dlr, ulr, cc, t_surf, dlhf_u, dshf_u, z_boom_u, z_boom_cor_u, z_stake, z_stake_cor, z_surf_combined, z_ice_surf, snow_height, t_i_1, t_i_2, t_i_3, t_i_4, t_i_5, t_i_6, t_i_7, t_i_8, d_t_i_1, d_t_i_2, d_t_i_3, d_t_i_4, d_t_i_5, d_t_i_6, d_t_i_7, d_t_i_8, t_i_10m, tilt_x, tilt_y, rot_true, gps_lat, gps_lon, gps_alt, lat, lon, alt, batt_v, t_rad

New variables not in old files:


Old variables removed from new files:

 
![QAS_A](../figures/version_comparisons/V39_versus_thredds_month/QAS_A_0.png)
![QAS_A](../figures/version_comparisons/V39_versus_thredds_month/QAS_A_1.png)
![QAS_A](../figures/version_comparisons/V39_versus_thredds_month/QAS_A_2.png)
![QAS_A](../figures/version_comparisons/V39_versus_thredds_month/QAS_A_3.png)
![QAS_A](../figures/version_comparisons/V39_versus_thredds_month/QAS_A_4.png)
![QAS_A](../figures/version_comparisons/V39_versus_thredds_month/QAS_A_5.png)
![QAS_A](../figures/version_comparisons/V39_versus_thredds_month/QAS_A_6.png)
![QAS_A](../figures/version_comparisons/V39_versus_thredds_month/QAS_A_7.png)
![QAS_A](../figures/version_comparisons/V39_versus_thredds_month/QAS_A_8.png)
![QAS_A](../figures/version_comparisons/V39_versus_thredds_month/QAS_A_9.png)
![QAS_A](../figures/version_comparisons/V39_versus_thredds_month/QAS_A_10.png)
 
## QAS_L
/mnt/ice/Baptiste/geussnow01/dataverse//V39/month/QAS_L_month.csv
Variables in new file:
p_u, t_u, rh_u, rh_u_wrt_ice_or_water, qh_u, wspd_u, wdir_u, wspd_x_u, wspd_y_u, dsr, dsr_cor, usr, usr_cor, albedo, dlr, ulr, cc, t_surf, dlhf_u, dshf_u, z_boom_u, z_boom_cor_u, z_stake, z_stake_cor, z_pt, z_pt_cor, z_surf_combined, z_ice_surf, snow_height, rainfall_u, rainfall_cor_u, t_i_1, t_i_2, t_i_3, t_i_4, t_i_5, t_i_6, t_i_7, t_i_8, d_t_i_1, d_t_i_2, d_t_i_3, d_t_i_4, d_t_i_5, d_t_i_6, d_t_i_7, d_t_i_8, t_i_10m, tilt_x, tilt_y, rot_magnetic, rot_true, gps_lat, gps_lon, gps_alt, lat, lon, alt, batt_v, t_rad

New variables not in old files:


Old variables removed from new files:

 
![QAS_L](../figures/version_comparisons/V39_versus_thredds_month/QAS_L_0.png)
![QAS_L](../figures/version_comparisons/V39_versus_thredds_month/QAS_L_1.png)
![QAS_L](../figures/version_comparisons/V39_versus_thredds_month/QAS_L_2.png)
![QAS_L](../figures/version_comparisons/V39_versus_thredds_month/QAS_L_3.png)
![QAS_L](../figures/version_comparisons/V39_versus_thredds_month/QAS_L_4.png)
![QAS_L](../figures/version_comparisons/V39_versus_thredds_month/QAS_L_5.png)
![QAS_L](../figures/version_comparisons/V39_versus_thredds_month/QAS_L_6.png)
![QAS_L](../figures/version_comparisons/V39_versus_thredds_month/QAS_L_7.png)
![QAS_L](../figures/version_comparisons/V39_versus_thredds_month/QAS_L_8.png)
![QAS_L](../figures/version_comparisons/V39_versus_thredds_month/QAS_L_9.png)
![QAS_L](../figures/version_comparisons/V39_versus_thredds_month/QAS_L_10.png)
![QAS_L](../figures/version_comparisons/V39_versus_thredds_month/QAS_L_11.png)
 
## QAS_M
/mnt/ice/Baptiste/geussnow01/dataverse//V39/month/QAS_M_month.csv
Variables in new file:
p_u, t_u, rh_u, rh_u_wrt_ice_or_water, qh_u, wspd_u, wdir_u, wspd_x_u, wspd_y_u, dsr, dsr_cor, usr, usr_cor, albedo, dlr, ulr, cc, t_surf, dlhf_u, dshf_u, z_boom_u, z_boom_cor_u, z_stake, z_stake_cor, z_pt, z_pt_cor, z_surf_combined, z_ice_surf, snow_height, rainfall_u, rainfall_cor_u, t_i_1, t_i_2, t_i_3, t_i_4, t_i_5, t_i_6, t_i_7, t_i_8, d_t_i_1, d_t_i_2, d_t_i_3, d_t_i_4, d_t_i_5, d_t_i_6, d_t_i_7, d_t_i_8, t_i_10m, tilt_x, tilt_y, rot_magnetic, rot_true, gps_lat, gps_lon, gps_alt, lat, lon, alt, batt_v, t_rad

New variables not in old files:


Old variables removed from new files:

 
![QAS_M](../figures/version_comparisons/V39_versus_thredds_month/QAS_M_0.png)
![QAS_M](../figures/version_comparisons/V39_versus_thredds_month/QAS_M_1.png)
![QAS_M](../figures/version_comparisons/V39_versus_thredds_month/QAS_M_2.png)
![QAS_M](../figures/version_comparisons/V39_versus_thredds_month/QAS_M_3.png)
![QAS_M](../figures/version_comparisons/V39_versus_thredds_month/QAS_M_4.png)
![QAS_M](../figures/version_comparisons/V39_versus_thredds_month/QAS_M_5.png)
![QAS_M](../figures/version_comparisons/V39_versus_thredds_month/QAS_M_6.png)
![QAS_M](../figures/version_comparisons/V39_versus_thredds_month/QAS_M_7.png)
![QAS_M](../figures/version_comparisons/V39_versus_thredds_month/QAS_M_8.png)
![QAS_M](../figures/version_comparisons/V39_versus_thredds_month/QAS_M_9.png)
![QAS_M](../figures/version_comparisons/V39_versus_thredds_month/QAS_M_10.png)
![QAS_M](../figures/version_comparisons/V39_versus_thredds_month/QAS_M_11.png)
 
## QAS_U
/mnt/ice/Baptiste/geussnow01/dataverse//V39/month/QAS_U_month.csv
Variables in new file:
p_u, t_u, rh_u, rh_u_wrt_ice_or_water, qh_u, wspd_u, wdir_u, wspd_x_u, wspd_y_u, dsr, dsr_cor, usr, usr_cor, albedo, dlr, ulr, cc, t_surf, dlhf_u, dshf_u, z_boom_u, z_boom_cor_u, z_stake, z_stake_cor, z_pt, z_pt_cor, z_surf_combined, z_ice_surf, snow_height, rainfall_u, rainfall_cor_u, t_i_1, t_i_2, t_i_3, t_i_4, t_i_5, t_i_6, t_i_7, t_i_8, d_t_i_1, d_t_i_2, d_t_i_3, d_t_i_4, d_t_i_5, d_t_i_6, d_t_i_7, d_t_i_8, t_i_10m, tilt_x, tilt_y, rot_magnetic, rot_true, gps_lat, gps_lon, gps_alt, lat, lon, alt, batt_v, t_rad

New variables not in old files:


Old variables removed from new files:

 
![QAS_U](../figures/version_comparisons/V39_versus_thredds_month/QAS_U_0.png)
![QAS_U](../figures/version_comparisons/V39_versus_thredds_month/QAS_U_1.png)
![QAS_U](../figures/version_comparisons/V39_versus_thredds_month/QAS_U_2.png)
![QAS_U](../figures/version_comparisons/V39_versus_thredds_month/QAS_U_3.png)
![QAS_U](../figures/version_comparisons/V39_versus_thredds_month/QAS_U_4.png)
![QAS_U](../figures/version_comparisons/V39_versus_thredds_month/QAS_U_5.png)
![QAS_U](../figures/version_comparisons/V39_versus_thredds_month/QAS_U_6.png)
![QAS_U](../figures/version_comparisons/V39_versus_thredds_month/QAS_U_7.png)
![QAS_U](../figures/version_comparisons/V39_versus_thredds_month/QAS_U_8.png)
![QAS_U](../figures/version_comparisons/V39_versus_thredds_month/QAS_U_9.png)
![QAS_U](../figures/version_comparisons/V39_versus_thredds_month/QAS_U_10.png)
![QAS_U](../figures/version_comparisons/V39_versus_thredds_month/QAS_U_11.png)
 
## RED_L
/mnt/ice/Baptiste/geussnow01/dataverse//V39/month/RED_L_month.csv
Variables in new file:
p_u, t_u, rh_u, rh_u_wrt_ice_or_water, qh_u, wspd_u, wdir_u, wspd_x_u, wspd_y_u, dsr, dsr_cor, usr, usr_cor, albedo, dlr, ulr, cc, t_surf, dlhf_u, dshf_u, z_boom_u, z_boom_cor_u, z_stake, z_stake_cor, z_surf_combined, z_ice_surf, snow_height, rainfall_u, rainfall_cor_u, t_i_1, t_i_2, t_i_3, t_i_4, t_i_5, t_i_6, t_i_7, t_i_8, d_t_i_1, d_t_i_2, d_t_i_3, d_t_i_4, d_t_i_5, d_t_i_6, d_t_i_7, d_t_i_8, t_i_10m, tilt_x, tilt_y, rot_magnetic, rot_true, gps_lat, gps_lon, gps_alt, lat, lon, alt, batt_v, t_rad

New variables not in old files:


Old variables removed from new files:

 
![RED_L](../figures/version_comparisons/V39_versus_thredds_month/RED_L_0.png)
![RED_L](../figures/version_comparisons/V39_versus_thredds_month/RED_L_1.png)
![RED_L](../figures/version_comparisons/V39_versus_thredds_month/RED_L_2.png)
![RED_L](../figures/version_comparisons/V39_versus_thredds_month/RED_L_3.png)
![RED_L](../figures/version_comparisons/V39_versus_thredds_month/RED_L_4.png)
![RED_L](../figures/version_comparisons/V39_versus_thredds_month/RED_L_5.png)
![RED_L](../figures/version_comparisons/V39_versus_thredds_month/RED_L_6.png)
![RED_L](../figures/version_comparisons/V39_versus_thredds_month/RED_L_7.png)
![RED_L](../figures/version_comparisons/V39_versus_thredds_month/RED_L_8.png)
![RED_L](../figures/version_comparisons/V39_versus_thredds_month/RED_L_9.png)
![RED_L](../figures/version_comparisons/V39_versus_thredds_month/RED_L_10.png)
![RED_L](../figures/version_comparisons/V39_versus_thredds_month/RED_L_11.png)
 
## SCO_L
/mnt/ice/Baptiste/geussnow01/dataverse//V39/month/SCO_L_month.csv
Variables in new file:
p_u, t_u, rh_u, rh_u_wrt_ice_or_water, qh_u, wspd_u, wdir_u, wspd_x_u, wspd_y_u, dsr, dsr_cor, usr, usr_cor, albedo, dlr, ulr, cc, t_surf, dlhf_u, dshf_u, z_boom_u, z_boom_cor_u, z_stake, z_stake_cor, z_pt, z_pt_cor, z_surf_combined, z_ice_surf, snow_height, rainfall_u, rainfall_cor_u, t_i_1, t_i_2, t_i_3, t_i_4, t_i_5, t_i_6, t_i_7, t_i_8, d_t_i_1, d_t_i_2, d_t_i_3, d_t_i_4, d_t_i_5, d_t_i_6, d_t_i_7, d_t_i_8, t_i_10m, tilt_x, tilt_y, rot_magnetic, rot_true, gps_lat, gps_lon, gps_alt, lat, lon, alt, batt_v, t_rad

New variables not in old files:


Old variables removed from new files:

 
![SCO_L](../figures/version_comparisons/V39_versus_thredds_month/SCO_L_0.png)
![SCO_L](../figures/version_comparisons/V39_versus_thredds_month/SCO_L_1.png)
![SCO_L](../figures/version_comparisons/V39_versus_thredds_month/SCO_L_2.png)
![SCO_L](../figures/version_comparisons/V39_versus_thredds_month/SCO_L_3.png)
![SCO_L](../figures/version_comparisons/V39_versus_thredds_month/SCO_L_4.png)
![SCO_L](../figures/version_comparisons/V39_versus_thredds_month/SCO_L_5.png)
![SCO_L](../figures/version_comparisons/V39_versus_thredds_month/SCO_L_6.png)
![SCO_L](../figures/version_comparisons/V39_versus_thredds_month/SCO_L_7.png)
![SCO_L](../figures/version_comparisons/V39_versus_thredds_month/SCO_L_8.png)
![SCO_L](../figures/version_comparisons/V39_versus_thredds_month/SCO_L_9.png)
![SCO_L](../figures/version_comparisons/V39_versus_thredds_month/SCO_L_10.png)
![SCO_L](../figures/version_comparisons/V39_versus_thredds_month/SCO_L_11.png)
 
## SCO_U
/mnt/ice/Baptiste/geussnow01/dataverse//V39/month/SCO_U_month.csv
Variables in new file:
p_u, t_u, rh_u, rh_u_wrt_ice_or_water, qh_u, wspd_u, wdir_u, wspd_x_u, wspd_y_u, dsr, dsr_cor, usr, usr_cor, albedo, dlr, ulr, cc, t_surf, dlhf_u, dshf_u, z_boom_u, z_boom_cor_u, z_stake, z_stake_cor, z_pt, z_pt_cor, z_surf_combined, z_ice_surf, snow_height, rainfall_u, rainfall_cor_u, t_i_1, t_i_2, t_i_3, t_i_4, t_i_5, t_i_6, t_i_7, t_i_8, d_t_i_1, d_t_i_2, d_t_i_3, d_t_i_4, d_t_i_5, d_t_i_6, d_t_i_7, d_t_i_8, t_i_10m, tilt_x, tilt_y, rot_magnetic, rot_true, gps_lat, gps_lon, gps_alt, lat, lon, alt, batt_v, t_rad

New variables not in old files:


Old variables removed from new files:

 
![SCO_U](../figures/version_comparisons/V39_versus_thredds_month/SCO_U_0.png)
![SCO_U](../figures/version_comparisons/V39_versus_thredds_month/SCO_U_1.png)
![SCO_U](../figures/version_comparisons/V39_versus_thredds_month/SCO_U_2.png)
![SCO_U](../figures/version_comparisons/V39_versus_thredds_month/SCO_U_3.png)
![SCO_U](../figures/version_comparisons/V39_versus_thredds_month/SCO_U_4.png)
![SCO_U](../figures/version_comparisons/V39_versus_thredds_month/SCO_U_5.png)
![SCO_U](../figures/version_comparisons/V39_versus_thredds_month/SCO_U_6.png)
![SCO_U](../figures/version_comparisons/V39_versus_thredds_month/SCO_U_7.png)
![SCO_U](../figures/version_comparisons/V39_versus_thredds_month/SCO_U_8.png)
![SCO_U](../figures/version_comparisons/V39_versus_thredds_month/SCO_U_9.png)
![SCO_U](../figures/version_comparisons/V39_versus_thredds_month/SCO_U_10.png)
![SCO_U](../figures/version_comparisons/V39_versus_thredds_month/SCO_U_11.png)
 
## SDL
/mnt/ice/Baptiste/geussnow01/dataverse//V39/month/SDL_month.csv
Variables in new file:
p_u, p_l, t_u, t_l, rh_u, rh_u_wrt_ice_or_water, qh_u, rh_l, rh_l_wrt_ice_or_water, qh_l, wspd_u, wspd_l, wdir_u, wdir_l, wspd_x_u, wspd_y_u, wspd_x_l, wspd_y_l, dsr, dsr_cor, usr, usr_cor, albedo, dlr, ulr, cc, t_surf, dlhf_u, dlhf_l, dshf_u, dshf_l, z_boom_u, z_boom_cor_u, z_boom_l, z_boom_cor_l, z_surf_combined, snow_height, rainfall_u, rainfall_cor_u, rainfall_l, rainfall_cor_l, t_i_1, t_i_2, t_i_3, t_i_4, t_i_5, t_i_6, t_i_7, t_i_8, t_i_9, t_i_10, t_i_11, d_t_i_1, d_t_i_2, d_t_i_3, d_t_i_4, d_t_i_5, d_t_i_6, d_t_i_7, d_t_i_8, d_t_i_9, d_t_i_10, d_t_i_11, t_i_10m, tilt_x, tilt_y, rot_magnetic, rot_true, gps_lat, gps_lon, gps_alt, lat, lon, alt, batt_v, t_rad

New variables not in old files:


Old variables removed from new files:

 
![SDL](../figures/version_comparisons/V39_versus_thredds_month/SDL_0.png)
![SDL](../figures/version_comparisons/V39_versus_thredds_month/SDL_1.png)
![SDL](../figures/version_comparisons/V39_versus_thredds_month/SDL_2.png)
![SDL](../figures/version_comparisons/V39_versus_thredds_month/SDL_3.png)
![SDL](../figures/version_comparisons/V39_versus_thredds_month/SDL_4.png)
![SDL](../figures/version_comparisons/V39_versus_thredds_month/SDL_5.png)
![SDL](../figures/version_comparisons/V39_versus_thredds_month/SDL_6.png)
![SDL](../figures/version_comparisons/V39_versus_thredds_month/SDL_7.png)
![SDL](../figures/version_comparisons/V39_versus_thredds_month/SDL_8.png)
![SDL](../figures/version_comparisons/V39_versus_thredds_month/SDL_9.png)
![SDL](../figures/version_comparisons/V39_versus_thredds_month/SDL_10.png)
![SDL](../figures/version_comparisons/V39_versus_thredds_month/SDL_11.png)
![SDL](../figures/version_comparisons/V39_versus_thredds_month/SDL_12.png)
![SDL](../figures/version_comparisons/V39_versus_thredds_month/SDL_13.png)
![SDL](../figures/version_comparisons/V39_versus_thredds_month/SDL_14.png)
![SDL](../figures/version_comparisons/V39_versus_thredds_month/SDL_15.png)
 
## SDM
/mnt/ice/Baptiste/geussnow01/dataverse//V39/month/SDM_month.csv
Variables in new file:
p_u, p_l, t_u, t_l, rh_u, rh_u_wrt_ice_or_water, qh_u, rh_l, rh_l_wrt_ice_or_water, qh_l, wspd_u, wspd_l, wdir_u, wdir_l, wspd_x_u, wspd_y_u, wspd_x_l, wspd_y_l, dsr, dsr_cor, usr, usr_cor, albedo, dlr, ulr, cc, t_surf, dlhf_u, dlhf_l, dshf_u, dshf_l, z_boom_u, z_boom_cor_u, z_boom_l, z_boom_cor_l, z_surf_combined, snow_height, rainfall_u, rainfall_cor_u, rainfall_l, rainfall_cor_l, t_i_1, t_i_2, t_i_3, t_i_4, t_i_5, t_i_6, t_i_7, t_i_8, t_i_9, t_i_10, t_i_11, d_t_i_1, d_t_i_2, d_t_i_3, d_t_i_4, d_t_i_5, d_t_i_6, d_t_i_7, d_t_i_8, d_t_i_9, d_t_i_10, d_t_i_11, t_i_10m, tilt_x, tilt_y, rot_magnetic, rot_true, gps_lat, gps_lon, gps_alt, lat, lon, alt, batt_v, t_rad

New variables not in old files:


Old variables removed from new files:

 
![SDM](../figures/version_comparisons/V39_versus_thredds_month/SDM_0.png)
![SDM](../figures/version_comparisons/V39_versus_thredds_month/SDM_1.png)
![SDM](../figures/version_comparisons/V39_versus_thredds_month/SDM_2.png)
![SDM](../figures/version_comparisons/V39_versus_thredds_month/SDM_3.png)
![SDM](../figures/version_comparisons/V39_versus_thredds_month/SDM_4.png)
![SDM](../figures/version_comparisons/V39_versus_thredds_month/SDM_5.png)
![SDM](../figures/version_comparisons/V39_versus_thredds_month/SDM_6.png)
![SDM](../figures/version_comparisons/V39_versus_thredds_month/SDM_7.png)
![SDM](../figures/version_comparisons/V39_versus_thredds_month/SDM_8.png)
![SDM](../figures/version_comparisons/V39_versus_thredds_month/SDM_9.png)
![SDM](../figures/version_comparisons/V39_versus_thredds_month/SDM_10.png)
![SDM](../figures/version_comparisons/V39_versus_thredds_month/SDM_11.png)
![SDM](../figures/version_comparisons/V39_versus_thredds_month/SDM_12.png)
![SDM](../figures/version_comparisons/V39_versus_thredds_month/SDM_13.png)
![SDM](../figures/version_comparisons/V39_versus_thredds_month/SDM_14.png)
![SDM](../figures/version_comparisons/V39_versus_thredds_month/SDM_15.png)
 
## SER_B
/mnt/ice/Baptiste/geussnow01/dataverse//V39/month/SER_B_month.csv
Variables in new file:
p_u, t_u, rh_u, rh_u_wrt_ice_or_water, qh_u, wspd_u, wdir_u, wspd_x_u, wspd_y_u, dsr, usr, albedo, dlr, ulr, t_surf, z_boom_u, z_boom_cor_u, z_surf_combined, snow_height, rainfall_u, rainfall_cor_u, tilt_x, tilt_y, rot_magnetic, rot_true, gps_lat, gps_lon, gps_alt, lat, lon, alt, batt_v, t_rad

New variables not in old files:


Old variables removed from new files:

 
![SER_B](../figures/version_comparisons/V39_versus_thredds_month/SER_B_0.png)
![SER_B](../figures/version_comparisons/V39_versus_thredds_month/SER_B_1.png)
![SER_B](../figures/version_comparisons/V39_versus_thredds_month/SER_B_2.png)
![SER_B](../figures/version_comparisons/V39_versus_thredds_month/SER_B_3.png)
![SER_B](../figures/version_comparisons/V39_versus_thredds_month/SER_B_4.png)
![SER_B](../figures/version_comparisons/V39_versus_thredds_month/SER_B_5.png)
![SER_B](../figures/version_comparisons/V39_versus_thredds_month/SER_B_6.png)
 
## STA
/mnt/ice/Baptiste/geussnow01/dataverse//V39/month/STA_month.csv
Variables in new file:
p_u, albedo, z_boom_u, z_boom_cor_u, z_boom_l, z_boom_cor_l, z_surf_combined, snow_height, t_i_1, t_i_2, t_i_3, t_i_4, t_i_5, t_i_6, t_i_7, t_i_8, t_i_9, t_i_10, t_i_11, d_t_i_1, d_t_i_2, d_t_i_3, d_t_i_4, d_t_i_5, d_t_i_6, d_t_i_7, d_t_i_8, d_t_i_9, d_t_i_10, d_t_i_11, t_i_10m, gps_lat, gps_lon, gps_alt, lat, lon, alt, batt_v

New variables not in old files:


Old variables removed from new files:

 
![STA](../figures/version_comparisons/V39_versus_thredds_month/STA_0.png)
![STA](../figures/version_comparisons/V39_versus_thredds_month/STA_1.png)
![STA](../figures/version_comparisons/V39_versus_thredds_month/STA_2.png)
![STA](../figures/version_comparisons/V39_versus_thredds_month/STA_3.png)
![STA](../figures/version_comparisons/V39_versus_thredds_month/STA_4.png)
![STA](../figures/version_comparisons/V39_versus_thredds_month/STA_5.png)
![STA](../figures/version_comparisons/V39_versus_thredds_month/STA_6.png)
![STA](../figures/version_comparisons/V39_versus_thredds_month/STA_7.png)
 
## SUM
/mnt/ice/Baptiste/geussnow01/dataverse//V39/month/SUM_month.csv
Variables in new file:
p_u, albedo, z_boom_u, z_boom_cor_u, z_boom_l, z_boom_cor_l, z_surf_combined, snow_height, t_i_1, t_i_2, t_i_3, t_i_4, t_i_5, t_i_6, t_i_7, t_i_8, t_i_9, t_i_10, t_i_11, d_t_i_1, d_t_i_2, d_t_i_3, d_t_i_4, d_t_i_5, d_t_i_6, d_t_i_7, d_t_i_8, d_t_i_9, d_t_i_10, d_t_i_11, t_i_10m, gps_lat, gps_lon, gps_alt, lat, lon, alt, batt_v

New variables not in old files:


Old variables removed from new files:

 
![SUM](../figures/version_comparisons/V39_versus_thredds_month/SUM_0.png)
![SUM](../figures/version_comparisons/V39_versus_thredds_month/SUM_1.png)
![SUM](../figures/version_comparisons/V39_versus_thredds_month/SUM_2.png)
![SUM](../figures/version_comparisons/V39_versus_thredds_month/SUM_3.png)
![SUM](../figures/version_comparisons/V39_versus_thredds_month/SUM_4.png)
![SUM](../figures/version_comparisons/V39_versus_thredds_month/SUM_5.png)
![SUM](../figures/version_comparisons/V39_versus_thredds_month/SUM_6.png)
![SUM](../figures/version_comparisons/V39_versus_thredds_month/SUM_7.png)
 
## SWC
/mnt/ice/Baptiste/geussnow01/dataverse//V39/month/SWC_month.csv
Variables in new file:
p_u, t_u, t_l, rh_u, rh_u_wrt_ice_or_water, qh_u, rh_l, rh_l_wrt_ice_or_water, qh_l, wspd_u, wspd_l, wdir_u, wdir_l, wspd_x_u, wspd_y_u, wspd_x_l, wspd_y_l, dsr, dsr_cor, usr, usr_cor, albedo, dlr, ulr, cc, t_surf, dlhf_u, dshf_u, z_boom_u, z_boom_cor_u, z_boom_cor_l, z_stake, z_stake_cor, z_pt, z_pt_cor, z_surf_combined, z_ice_surf, snow_height, rainfall_u, rainfall_cor_u, t_i_1, t_i_2, t_i_3, t_i_4, t_i_5, t_i_6, t_i_7, t_i_8, t_i_9, t_i_10, d_t_i_1, d_t_i_2, d_t_i_3, d_t_i_4, d_t_i_5, d_t_i_6, d_t_i_7, d_t_i_8, d_t_i_9, d_t_i_10, t_i_10m, tilt_x, tilt_y, rot_magnetic, rot_true, gps_lat, gps_lon, gps_alt, lat, lon, alt, batt_v, t_rad

New variables not in old files:


Old variables removed from new files:

 
![SWC](../figures/version_comparisons/V39_versus_thredds_month/SWC_0.png)
![SWC](../figures/version_comparisons/V39_versus_thredds_month/SWC_1.png)
![SWC](../figures/version_comparisons/V39_versus_thredds_month/SWC_2.png)
![SWC](../figures/version_comparisons/V39_versus_thredds_month/SWC_3.png)
![SWC](../figures/version_comparisons/V39_versus_thredds_month/SWC_4.png)
![SWC](../figures/version_comparisons/V39_versus_thredds_month/SWC_5.png)
![SWC](../figures/version_comparisons/V39_versus_thredds_month/SWC_6.png)
![SWC](../figures/version_comparisons/V39_versus_thredds_month/SWC_7.png)
![SWC](../figures/version_comparisons/V39_versus_thredds_month/SWC_8.png)
![SWC](../figures/version_comparisons/V39_versus_thredds_month/SWC_9.png)
![SWC](../figures/version_comparisons/V39_versus_thredds_month/SWC_10.png)
![SWC](../figures/version_comparisons/V39_versus_thredds_month/SWC_11.png)
![SWC](../figures/version_comparisons/V39_versus_thredds_month/SWC_12.png)
![SWC](../figures/version_comparisons/V39_versus_thredds_month/SWC_13.png)
![SWC](../figures/version_comparisons/V39_versus_thredds_month/SWC_14.png)
 
## TAS_A
/mnt/ice/Baptiste/geussnow01/dataverse//V39/month/TAS_A_month.csv
Variables in new file:
p_u, t_u, rh_u, rh_u_wrt_ice_or_water, qh_u, wspd_u, wdir_u, wspd_x_u, wspd_y_u, dsr, dsr_cor, usr, usr_cor, albedo, dlr, ulr, cc, t_surf, dlhf_u, dshf_u, z_boom_u, z_boom_cor_u, z_stake, z_stake_cor, z_pt, z_pt_cor, z_surf_combined, z_ice_surf, snow_height, rainfall_u, rainfall_cor_u, t_i_1, t_i_2, t_i_3, t_i_4, t_i_5, t_i_6, t_i_7, t_i_8, d_t_i_1, d_t_i_2, d_t_i_3, d_t_i_4, d_t_i_5, d_t_i_6, d_t_i_7, d_t_i_8, t_i_10m, tilt_x, tilt_y, rot_magnetic, rot_true, gps_lat, gps_lon, gps_alt, lat, lon, alt, batt_v, t_rad

New variables not in old files:


Old variables removed from new files:

 
![TAS_A](../figures/version_comparisons/V39_versus_thredds_month/TAS_A_0.png)
![TAS_A](../figures/version_comparisons/V39_versus_thredds_month/TAS_A_1.png)
![TAS_A](../figures/version_comparisons/V39_versus_thredds_month/TAS_A_2.png)
![TAS_A](../figures/version_comparisons/V39_versus_thredds_month/TAS_A_3.png)
![TAS_A](../figures/version_comparisons/V39_versus_thredds_month/TAS_A_4.png)
![TAS_A](../figures/version_comparisons/V39_versus_thredds_month/TAS_A_5.png)
![TAS_A](../figures/version_comparisons/V39_versus_thredds_month/TAS_A_6.png)
![TAS_A](../figures/version_comparisons/V39_versus_thredds_month/TAS_A_7.png)
![TAS_A](../figures/version_comparisons/V39_versus_thredds_month/TAS_A_8.png)
![TAS_A](../figures/version_comparisons/V39_versus_thredds_month/TAS_A_9.png)
![TAS_A](../figures/version_comparisons/V39_versus_thredds_month/TAS_A_10.png)
![TAS_A](../figures/version_comparisons/V39_versus_thredds_month/TAS_A_11.png)
 
## TAS_L
/mnt/ice/Baptiste/geussnow01/dataverse//V39/month/TAS_L_month.csv
Variables in new file:
p_u, t_u, rh_u, rh_u_wrt_ice_or_water, qh_u, wspd_u, wdir_u, wspd_x_u, wspd_y_u, dsr, dsr_cor, usr, usr_cor, albedo, dlr, ulr, cc, t_surf, dlhf_u, dshf_u, z_boom_u, z_boom_cor_u, z_stake, z_stake_cor, z_pt, z_pt_cor, z_surf_combined, z_ice_surf, snow_height, t_i_1, t_i_2, t_i_3, t_i_4, t_i_5, t_i_6, t_i_7, t_i_8, d_t_i_1, d_t_i_2, d_t_i_3, d_t_i_4, d_t_i_5, d_t_i_6, d_t_i_7, d_t_i_8, t_i_10m, tilt_x, tilt_y, rot_true, gps_lat, gps_lon, gps_alt, lat, lon, alt, batt_v, t_rad

New variables not in old files:


Old variables removed from new files:

 
![TAS_L](../figures/version_comparisons/V39_versus_thredds_month/TAS_L_0.png)
![TAS_L](../figures/version_comparisons/V39_versus_thredds_month/TAS_L_1.png)
![TAS_L](../figures/version_comparisons/V39_versus_thredds_month/TAS_L_2.png)
![TAS_L](../figures/version_comparisons/V39_versus_thredds_month/TAS_L_3.png)
![TAS_L](../figures/version_comparisons/V39_versus_thredds_month/TAS_L_4.png)
![TAS_L](../figures/version_comparisons/V39_versus_thredds_month/TAS_L_5.png)
![TAS_L](../figures/version_comparisons/V39_versus_thredds_month/TAS_L_6.png)
![TAS_L](../figures/version_comparisons/V39_versus_thredds_month/TAS_L_7.png)
![TAS_L](../figures/version_comparisons/V39_versus_thredds_month/TAS_L_8.png)
![TAS_L](../figures/version_comparisons/V39_versus_thredds_month/TAS_L_9.png)
![TAS_L](../figures/version_comparisons/V39_versus_thredds_month/TAS_L_10.png)
![TAS_L](../figures/version_comparisons/V39_versus_thredds_month/TAS_L_11.png)
 
## TAS_U
/mnt/ice/Baptiste/geussnow01/dataverse//V39/month/TAS_U_month.csv
Variables in new file:
p_u, t_u, rh_u, rh_u_wrt_ice_or_water, qh_u, wspd_u, wdir_u, wspd_x_u, wspd_y_u, dsr, dsr_cor, usr, usr_cor, albedo, dlr, ulr, cc, t_surf, dlhf_u, dshf_u, z_boom_u, z_boom_cor_u, z_stake, z_stake_cor, z_pt, z_pt_cor, z_surf_combined, z_ice_surf, snow_height, t_i_1, t_i_2, t_i_3, t_i_4, t_i_5, t_i_6, t_i_7, t_i_8, d_t_i_1, d_t_i_2, d_t_i_3, d_t_i_4, d_t_i_5, d_t_i_6, d_t_i_7, d_t_i_8, t_i_10m, tilt_x, tilt_y, rot_true, gps_lat, gps_lon, gps_alt, lat, lon, alt, batt_v, t_rad

New variables not in old files:


Old variables removed from new files:

 
![TAS_U](../figures/version_comparisons/V39_versus_thredds_month/TAS_U_0.png)
![TAS_U](../figures/version_comparisons/V39_versus_thredds_month/TAS_U_1.png)
![TAS_U](../figures/version_comparisons/V39_versus_thredds_month/TAS_U_2.png)
![TAS_U](../figures/version_comparisons/V39_versus_thredds_month/TAS_U_3.png)
![TAS_U](../figures/version_comparisons/V39_versus_thredds_month/TAS_U_4.png)
![TAS_U](../figures/version_comparisons/V39_versus_thredds_month/TAS_U_5.png)
![TAS_U](../figures/version_comparisons/V39_versus_thredds_month/TAS_U_6.png)
![TAS_U](../figures/version_comparisons/V39_versus_thredds_month/TAS_U_7.png)
![TAS_U](../figures/version_comparisons/V39_versus_thredds_month/TAS_U_8.png)
![TAS_U](../figures/version_comparisons/V39_versus_thredds_month/TAS_U_9.png)
![TAS_U](../figures/version_comparisons/V39_versus_thredds_month/TAS_U_10.png)
![TAS_U](../figures/version_comparisons/V39_versus_thredds_month/TAS_U_11.png)
 
## THU_L
/mnt/ice/Baptiste/geussnow01/dataverse//V39/month/THU_L_month.csv
Variables in new file:
p_u, t_u, rh_u, rh_u_wrt_ice_or_water, qh_u, wspd_u, wdir_u, wspd_x_u, wspd_y_u, dsr, dsr_cor, usr, usr_cor, albedo, dlr, ulr, cc, t_surf, dlhf_u, dshf_u, z_boom_u, z_boom_cor_u, z_stake, z_stake_cor, z_pt, z_pt_cor, z_surf_combined, z_ice_surf, snow_height, t_i_1, t_i_2, t_i_3, t_i_4, t_i_5, t_i_6, t_i_7, t_i_8, d_t_i_1, d_t_i_2, d_t_i_3, d_t_i_4, d_t_i_5, d_t_i_6, d_t_i_7, d_t_i_8, t_i_10m, tilt_x, tilt_y, rot_true, gps_lat, gps_lon, gps_alt, lat, lon, alt, batt_v, t_rad

New variables not in old files:


Old variables removed from new files:

 
![THU_L](../figures/version_comparisons/V39_versus_thredds_month/THU_L_0.png)
![THU_L](../figures/version_comparisons/V39_versus_thredds_month/THU_L_1.png)
![THU_L](../figures/version_comparisons/V39_versus_thredds_month/THU_L_2.png)
![THU_L](../figures/version_comparisons/V39_versus_thredds_month/THU_L_3.png)
![THU_L](../figures/version_comparisons/V39_versus_thredds_month/THU_L_4.png)
![THU_L](../figures/version_comparisons/V39_versus_thredds_month/THU_L_5.png)
![THU_L](../figures/version_comparisons/V39_versus_thredds_month/THU_L_6.png)
![THU_L](../figures/version_comparisons/V39_versus_thredds_month/THU_L_7.png)
![THU_L](../figures/version_comparisons/V39_versus_thredds_month/THU_L_8.png)
![THU_L](../figures/version_comparisons/V39_versus_thredds_month/THU_L_9.png)
![THU_L](../figures/version_comparisons/V39_versus_thredds_month/THU_L_10.png)
![THU_L](../figures/version_comparisons/V39_versus_thredds_month/THU_L_11.png)
 
## THU_L2
/mnt/ice/Baptiste/geussnow01/dataverse//V39/month/THU_L2_month.csv
Variables in new file:
p_u, t_u, rh_u, rh_u_wrt_ice_or_water, qh_u, wspd_u, wdir_u, wspd_x_u, wspd_y_u, dsr, dsr_cor, usr, usr_cor, albedo, dlr, ulr, cc, t_surf, dlhf_u, dshf_u, z_boom_u, z_boom_cor_u, z_stake, z_stake_cor, z_pt, z_pt_cor, z_surf_combined, z_ice_surf, snow_height, t_i_1, t_i_2, t_i_3, t_i_4, t_i_5, t_i_6, t_i_7, t_i_8, d_t_i_1, d_t_i_2, d_t_i_3, d_t_i_4, d_t_i_5, d_t_i_6, d_t_i_7, d_t_i_8, t_i_10m, tilt_x, tilt_y, rot_true, gps_lat, gps_lon, gps_alt, lat, lon, alt, batt_v, t_rad

New variables not in old files:


Old variables removed from new files:

 
![THU_L2](../figures/version_comparisons/V39_versus_thredds_month/THU_L2_0.png)
![THU_L2](../figures/version_comparisons/V39_versus_thredds_month/THU_L2_1.png)
![THU_L2](../figures/version_comparisons/V39_versus_thredds_month/THU_L2_2.png)
![THU_L2](../figures/version_comparisons/V39_versus_thredds_month/THU_L2_3.png)
![THU_L2](../figures/version_comparisons/V39_versus_thredds_month/THU_L2_4.png)
![THU_L2](../figures/version_comparisons/V39_versus_thredds_month/THU_L2_5.png)
![THU_L2](../figures/version_comparisons/V39_versus_thredds_month/THU_L2_6.png)
![THU_L2](../figures/version_comparisons/V39_versus_thredds_month/THU_L2_7.png)
![THU_L2](../figures/version_comparisons/V39_versus_thredds_month/THU_L2_8.png)
![THU_L2](../figures/version_comparisons/V39_versus_thredds_month/THU_L2_9.png)
![THU_L2](../figures/version_comparisons/V39_versus_thredds_month/THU_L2_10.png)
![THU_L2](../figures/version_comparisons/V39_versus_thredds_month/THU_L2_11.png)
 
## THU_U
/mnt/ice/Baptiste/geussnow01/dataverse//V39/month/THU_U_month.csv
Variables in new file:
p_u, t_u, rh_u, rh_u_wrt_ice_or_water, qh_u, wspd_u, wdir_u, wspd_x_u, wspd_y_u, dsr, dsr_cor, usr, usr_cor, albedo, dlr, ulr, cc, t_surf, dlhf_u, dshf_u, z_boom_u, z_boom_cor_u, z_stake, z_stake_cor, z_pt, z_pt_cor, z_surf_combined, z_ice_surf, snow_height, rainfall_u, rainfall_cor_u, t_i_1, t_i_2, t_i_3, t_i_4, t_i_5, t_i_6, t_i_7, t_i_8, d_t_i_1, d_t_i_2, d_t_i_3, d_t_i_4, d_t_i_5, d_t_i_6, d_t_i_7, d_t_i_8, t_i_10m, tilt_x, tilt_y, rot_magnetic, rot_true, gps_lat, gps_lon, gps_alt, lat, lon, alt, batt_v, t_rad

New variables not in old files:


Old variables removed from new files:

 
![THU_U](../figures/version_comparisons/V39_versus_thredds_month/THU_U_0.png)
![THU_U](../figures/version_comparisons/V39_versus_thredds_month/THU_U_1.png)
![THU_U](../figures/version_comparisons/V39_versus_thredds_month/THU_U_2.png)
![THU_U](../figures/version_comparisons/V39_versus_thredds_month/THU_U_3.png)
![THU_U](../figures/version_comparisons/V39_versus_thredds_month/THU_U_4.png)
![THU_U](../figures/version_comparisons/V39_versus_thredds_month/THU_U_5.png)
![THU_U](../figures/version_comparisons/V39_versus_thredds_month/THU_U_6.png)
![THU_U](../figures/version_comparisons/V39_versus_thredds_month/THU_U_7.png)
![THU_U](../figures/version_comparisons/V39_versus_thredds_month/THU_U_8.png)
![THU_U](../figures/version_comparisons/V39_versus_thredds_month/THU_U_9.png)
![THU_U](../figures/version_comparisons/V39_versus_thredds_month/THU_U_10.png)
![THU_U](../figures/version_comparisons/V39_versus_thredds_month/THU_U_11.png)
 
## TUN
/mnt/ice/Baptiste/geussnow01/dataverse//V39/month/TUN_month.csv
Variables in new file:
p_u, p_l, t_u, t_l, rh_u, rh_u_wrt_ice_or_water, qh_u, rh_l, rh_l_wrt_ice_or_water, qh_l, wspd_u, wspd_l, wdir_u, wdir_l, wspd_x_u, wspd_y_u, wspd_x_l, wspd_y_l, dsr, dsr_cor, usr, usr_cor, albedo, dlr, ulr, cc, t_surf, dlhf_u, dlhf_l, dshf_u, dshf_l, z_boom_u, z_boom_cor_u, z_boom_l, z_boom_cor_l, z_surf_combined, snow_height, rainfall_u, rainfall_cor_u, rainfall_l, rainfall_cor_l, t_i_1, t_i_2, t_i_3, t_i_4, t_i_5, t_i_6, t_i_7, t_i_8, t_i_9, t_i_10, t_i_11, d_t_i_1, d_t_i_2, d_t_i_3, d_t_i_4, d_t_i_5, d_t_i_6, d_t_i_7, d_t_i_8, d_t_i_9, d_t_i_10, d_t_i_11, t_i_10m, tilt_x, tilt_y, rot_magnetic, rot_true, gps_lat, gps_lon, gps_alt, lat, lon, alt, batt_v, t_rad

New variables not in old files:


Old variables removed from new files:

 
![TUN](../figures/version_comparisons/V39_versus_thredds_month/TUN_0.png)
![TUN](../figures/version_comparisons/V39_versus_thredds_month/TUN_1.png)
![TUN](../figures/version_comparisons/V39_versus_thredds_month/TUN_2.png)
![TUN](../figures/version_comparisons/V39_versus_thredds_month/TUN_3.png)
![TUN](../figures/version_comparisons/V39_versus_thredds_month/TUN_4.png)
![TUN](../figures/version_comparisons/V39_versus_thredds_month/TUN_5.png)
![TUN](../figures/version_comparisons/V39_versus_thredds_month/TUN_6.png)
![TUN](../figures/version_comparisons/V39_versus_thredds_month/TUN_7.png)
![TUN](../figures/version_comparisons/V39_versus_thredds_month/TUN_8.png)
![TUN](../figures/version_comparisons/V39_versus_thredds_month/TUN_9.png)
![TUN](../figures/version_comparisons/V39_versus_thredds_month/TUN_10.png)
![TUN](../figures/version_comparisons/V39_versus_thredds_month/TUN_11.png)
![TUN](../figures/version_comparisons/V39_versus_thredds_month/TUN_12.png)
![TUN](../figures/version_comparisons/V39_versus_thredds_month/TUN_13.png)
![TUN](../figures/version_comparisons/V39_versus_thredds_month/TUN_14.png)
![TUN](../figures/version_comparisons/V39_versus_thredds_month/TUN_15.png)
 
## UPE_L
/mnt/ice/Baptiste/geussnow01/dataverse//V39/month/UPE_L_month.csv
Variables in new file:
p_u, t_u, rh_u, rh_u_wrt_ice_or_water, qh_u, wspd_u, wdir_u, wspd_x_u, wspd_y_u, dsr, dsr_cor, usr, usr_cor, albedo, dlr, ulr, cc, t_surf, dlhf_u, dshf_u, z_boom_u, z_boom_cor_u, z_stake, z_stake_cor, z_pt, z_pt_cor, z_surf_combined, z_ice_surf, snow_height, t_i_1, t_i_2, t_i_3, t_i_4, t_i_5, t_i_6, t_i_7, t_i_8, d_t_i_1, d_t_i_2, d_t_i_3, d_t_i_4, d_t_i_5, d_t_i_6, d_t_i_7, d_t_i_8, t_i_10m, tilt_x, tilt_y, rot_true, gps_lat, gps_lon, gps_alt, lat, lon, alt, batt_v, t_rad

New variables not in old files:


Old variables removed from new files:

 
![UPE_L](../figures/version_comparisons/V39_versus_thredds_month/UPE_L_0.png)
![UPE_L](../figures/version_comparisons/V39_versus_thredds_month/UPE_L_1.png)
![UPE_L](../figures/version_comparisons/V39_versus_thredds_month/UPE_L_2.png)
![UPE_L](../figures/version_comparisons/V39_versus_thredds_month/UPE_L_3.png)
![UPE_L](../figures/version_comparisons/V39_versus_thredds_month/UPE_L_4.png)
![UPE_L](../figures/version_comparisons/V39_versus_thredds_month/UPE_L_5.png)
![UPE_L](../figures/version_comparisons/V39_versus_thredds_month/UPE_L_6.png)
![UPE_L](../figures/version_comparisons/V39_versus_thredds_month/UPE_L_7.png)
![UPE_L](../figures/version_comparisons/V39_versus_thredds_month/UPE_L_8.png)
![UPE_L](../figures/version_comparisons/V39_versus_thredds_month/UPE_L_9.png)
![UPE_L](../figures/version_comparisons/V39_versus_thredds_month/UPE_L_10.png)
![UPE_L](../figures/version_comparisons/V39_versus_thredds_month/UPE_L_11.png)
 
## UPE_U
/mnt/ice/Baptiste/geussnow01/dataverse//V39/month/UPE_U_month.csv
Variables in new file:
p_u, t_u, rh_u, rh_u_wrt_ice_or_water, qh_u, wspd_u, wdir_u, wspd_x_u, wspd_y_u, dsr, dsr_cor, usr, usr_cor, albedo, dlr, ulr, cc, t_surf, dlhf_u, dshf_u, z_boom_u, z_boom_cor_u, z_stake, z_stake_cor, z_pt, z_pt_cor, z_surf_combined, z_ice_surf, snow_height, t_i_1, t_i_2, t_i_3, t_i_4, t_i_5, t_i_6, t_i_7, t_i_8, d_t_i_1, d_t_i_2, d_t_i_3, d_t_i_4, d_t_i_5, d_t_i_6, d_t_i_7, d_t_i_8, t_i_10m, tilt_x, tilt_y, rot_true, gps_lat, gps_lon, gps_alt, lat, lon, alt, batt_v, t_rad

New variables not in old files:


Old variables removed from new files:

 
![UPE_U](../figures/version_comparisons/V39_versus_thredds_month/UPE_U_0.png)
![UPE_U](../figures/version_comparisons/V39_versus_thredds_month/UPE_U_1.png)
![UPE_U](../figures/version_comparisons/V39_versus_thredds_month/UPE_U_2.png)
![UPE_U](../figures/version_comparisons/V39_versus_thredds_month/UPE_U_3.png)
![UPE_U](../figures/version_comparisons/V39_versus_thredds_month/UPE_U_4.png)
![UPE_U](../figures/version_comparisons/V39_versus_thredds_month/UPE_U_5.png)
![UPE_U](../figures/version_comparisons/V39_versus_thredds_month/UPE_U_6.png)
![UPE_U](../figures/version_comparisons/V39_versus_thredds_month/UPE_U_7.png)
![UPE_U](../figures/version_comparisons/V39_versus_thredds_month/UPE_U_8.png)
![UPE_U](../figures/version_comparisons/V39_versus_thredds_month/UPE_U_9.png)
![UPE_U](../figures/version_comparisons/V39_versus_thredds_month/UPE_U_10.png)
![UPE_U](../figures/version_comparisons/V39_versus_thredds_month/UPE_U_11.png)
 
## WEG_B
/mnt/ice/Baptiste/geussnow01/dataverse//V39/month/WEG_B_month.csv
Variables in new file:
p_u, t_u, rh_u, rh_u_wrt_ice_or_water, qh_u, wspd_u, wdir_u, wspd_x_u, wspd_y_u, dsr, usr, albedo, dlr, ulr, t_surf, z_boom_u, z_boom_cor_u, z_surf_combined, snow_height, rainfall_u, rainfall_cor_u, tilt_x, tilt_y, rot_magnetic, rot_true, gps_lat, gps_lon, gps_alt, lat, lon, alt, batt_v, t_rad

New variables not in old files:


Old variables removed from new files:

 
![WEG_B](../figures/version_comparisons/V39_versus_thredds_month/WEG_B_0.png)
![WEG_B](../figures/version_comparisons/V39_versus_thredds_month/WEG_B_1.png)
![WEG_B](../figures/version_comparisons/V39_versus_thredds_month/WEG_B_2.png)
![WEG_B](../figures/version_comparisons/V39_versus_thredds_month/WEG_B_3.png)
![WEG_B](../figures/version_comparisons/V39_versus_thredds_month/WEG_B_4.png)
![WEG_B](../figures/version_comparisons/V39_versus_thredds_month/WEG_B_5.png)
![WEG_B](../figures/version_comparisons/V39_versus_thredds_month/WEG_B_6.png)
 
## WEG_L
/mnt/ice/Baptiste/geussnow01/dataverse//V39/month/WEG_L_month.csv
Variables in new file:
p_u, t_u, rh_u, rh_u_wrt_ice_or_water, qh_u, wspd_u, wdir_u, wspd_x_u, wspd_y_u, dsr, dsr_cor, usr, usr_cor, albedo, dlr, ulr, cc, t_surf, dlhf_u, dshf_u, z_boom_u, z_boom_cor_u, z_stake, z_stake_cor, z_pt, z_pt_cor, z_surf_combined, z_ice_surf, snow_height, rainfall_u, rainfall_cor_u, t_i_1, t_i_2, t_i_3, t_i_4, t_i_5, t_i_6, t_i_7, t_i_8, d_t_i_1, d_t_i_2, d_t_i_3, d_t_i_4, d_t_i_5, d_t_i_6, d_t_i_7, d_t_i_8, tilt_x, tilt_y, rot_magnetic, rot_true, gps_lat, gps_lon, gps_alt, lat, lon, alt, batt_v, t_rad

New variables not in old files:


Old variables removed from new files:

 
![WEG_L](../figures/version_comparisons/V39_versus_thredds_month/WEG_L_0.png)
![WEG_L](../figures/version_comparisons/V39_versus_thredds_month/WEG_L_1.png)
![WEG_L](../figures/version_comparisons/V39_versus_thredds_month/WEG_L_2.png)
![WEG_L](../figures/version_comparisons/V39_versus_thredds_month/WEG_L_3.png)
![WEG_L](../figures/version_comparisons/V39_versus_thredds_month/WEG_L_4.png)
![WEG_L](../figures/version_comparisons/V39_versus_thredds_month/WEG_L_5.png)
![WEG_L](../figures/version_comparisons/V39_versus_thredds_month/WEG_L_6.png)
![WEG_L](../figures/version_comparisons/V39_versus_thredds_month/WEG_L_7.png)
![WEG_L](../figures/version_comparisons/V39_versus_thredds_month/WEG_L_8.png)
![WEG_L](../figures/version_comparisons/V39_versus_thredds_month/WEG_L_9.png)
![WEG_L](../figures/version_comparisons/V39_versus_thredds_month/WEG_L_10.png)
![WEG_L](../figures/version_comparisons/V39_versus_thredds_month/WEG_L_11.png)
 
## ZAC_A
/mnt/ice/Baptiste/geussnow01/dataverse//V39/month/ZAC_A_month.csv
Variables in new file:
p_u, p_l, t_u, t_l, rh_u, rh_u_wrt_ice_or_water, qh_u, rh_l, rh_l_wrt_ice_or_water, qh_l, wspd_u, wspd_l, wdir_u, wdir_l, wspd_x_u, wspd_y_u, wspd_x_l, wspd_y_l, dsr, dsr_cor, usr, usr_cor, albedo, dlr, ulr, cc, t_surf, dlhf_u, dlhf_l, dshf_u, dshf_l, z_boom_u, z_boom_cor_u, z_boom_l, z_boom_cor_l, z_stake, z_surf_combined, snow_height, rainfall_u, rainfall_cor_u, rainfall_l, rainfall_cor_l, t_i_1, t_i_2, t_i_3, t_i_4, t_i_5, t_i_6, t_i_7, t_i_8, t_i_9, t_i_10, t_i_11, d_t_i_1, d_t_i_2, d_t_i_3, d_t_i_4, d_t_i_5, d_t_i_6, d_t_i_7, d_t_i_8, d_t_i_9, d_t_i_10, d_t_i_11, t_i_10m, tilt_x, tilt_y, rot_magnetic, rot_true, gps_lat, gps_lon, gps_alt, lat, lon, alt, batt_v, t_rad

New variables not in old files:


Old variables removed from new files:

 
![ZAC_A](../figures/version_comparisons/V39_versus_thredds_month/ZAC_A_0.png)
![ZAC_A](../figures/version_comparisons/V39_versus_thredds_month/ZAC_A_1.png)
![ZAC_A](../figures/version_comparisons/V39_versus_thredds_month/ZAC_A_2.png)
![ZAC_A](../figures/version_comparisons/V39_versus_thredds_month/ZAC_A_3.png)
![ZAC_A](../figures/version_comparisons/V39_versus_thredds_month/ZAC_A_4.png)
![ZAC_A](../figures/version_comparisons/V39_versus_thredds_month/ZAC_A_5.png)
![ZAC_A](../figures/version_comparisons/V39_versus_thredds_month/ZAC_A_6.png)
![ZAC_A](../figures/version_comparisons/V39_versus_thredds_month/ZAC_A_7.png)
![ZAC_A](../figures/version_comparisons/V39_versus_thredds_month/ZAC_A_8.png)
![ZAC_A](../figures/version_comparisons/V39_versus_thredds_month/ZAC_A_9.png)
![ZAC_A](../figures/version_comparisons/V39_versus_thredds_month/ZAC_A_10.png)
![ZAC_A](../figures/version_comparisons/V39_versus_thredds_month/ZAC_A_11.png)
![ZAC_A](../figures/version_comparisons/V39_versus_thredds_month/ZAC_A_12.png)
![ZAC_A](../figures/version_comparisons/V39_versus_thredds_month/ZAC_A_13.png)
![ZAC_A](../figures/version_comparisons/V39_versus_thredds_month/ZAC_A_14.png)
![ZAC_A](../figures/version_comparisons/V39_versus_thredds_month/ZAC_A_15.png)
 
## ZAC_L
/mnt/ice/Baptiste/geussnow01/dataverse//V39/month/ZAC_L_month.csv
Variables in new file:
p_u, t_u, rh_u, rh_u_wrt_ice_or_water, qh_u, wspd_u, wdir_u, wspd_x_u, wspd_y_u, dsr, dsr_cor, usr, usr_cor, albedo, dlr, ulr, cc, t_surf, dlhf_u, dshf_u, z_boom_u, z_boom_cor_u, z_stake, z_stake_cor, z_pt, z_pt_cor, z_surf_combined, z_ice_surf, snow_height, rainfall_u, rainfall_cor_u, t_i_1, t_i_2, t_i_3, t_i_4, t_i_5, t_i_6, t_i_7, t_i_8, d_t_i_1, d_t_i_2, d_t_i_3, d_t_i_4, d_t_i_5, d_t_i_6, d_t_i_7, d_t_i_8, t_i_10m, tilt_x, tilt_y, rot_magnetic, rot_true, gps_lat, gps_lon, gps_alt, lat, lon, alt, batt_v, t_rad

New variables not in old files:


Old variables removed from new files:

 
![ZAC_L](../figures/version_comparisons/V39_versus_thredds_month/ZAC_L_0.png)
![ZAC_L](../figures/version_comparisons/V39_versus_thredds_month/ZAC_L_1.png)
![ZAC_L](../figures/version_comparisons/V39_versus_thredds_month/ZAC_L_2.png)
![ZAC_L](../figures/version_comparisons/V39_versus_thredds_month/ZAC_L_3.png)
![ZAC_L](../figures/version_comparisons/V39_versus_thredds_month/ZAC_L_4.png)
![ZAC_L](../figures/version_comparisons/V39_versus_thredds_month/ZAC_L_5.png)
![ZAC_L](../figures/version_comparisons/V39_versus_thredds_month/ZAC_L_6.png)
![ZAC_L](../figures/version_comparisons/V39_versus_thredds_month/ZAC_L_7.png)
![ZAC_L](../figures/version_comparisons/V39_versus_thredds_month/ZAC_L_8.png)
![ZAC_L](../figures/version_comparisons/V39_versus_thredds_month/ZAC_L_9.png)
![ZAC_L](../figures/version_comparisons/V39_versus_thredds_month/ZAC_L_10.png)
![ZAC_L](../figures/version_comparisons/V39_versus_thredds_month/ZAC_L_11.png)
 
## ZAC_U
/mnt/ice/Baptiste/geussnow01/dataverse//V39/month/ZAC_U_month.csv
Variables in new file:
p_u, t_u, rh_u, rh_u_wrt_ice_or_water, qh_u, wspd_u, wdir_u, wspd_x_u, wspd_y_u, dsr, dsr_cor, usr, usr_cor, albedo, dlr, ulr, cc, t_surf, dlhf_u, dshf_u, z_boom_u, z_boom_cor_u, z_stake, z_stake_cor, z_pt, z_pt_cor, z_surf_combined, z_ice_surf, snow_height, rainfall_u, rainfall_cor_u, t_i_1, t_i_2, t_i_3, t_i_4, t_i_5, t_i_6, t_i_7, t_i_8, d_t_i_1, d_t_i_2, d_t_i_3, d_t_i_4, d_t_i_5, d_t_i_6, d_t_i_7, d_t_i_8, t_i_10m, tilt_x, tilt_y, rot_magnetic, rot_true, gps_lat, gps_lon, gps_alt, lat, lon, alt, batt_v, t_rad

New variables not in old files:


Old variables removed from new files:

 
![ZAC_U](../figures/version_comparisons/V39_versus_thredds_month/ZAC_U_0.png)
![ZAC_U](../figures/version_comparisons/V39_versus_thredds_month/ZAC_U_1.png)
![ZAC_U](../figures/version_comparisons/V39_versus_thredds_month/ZAC_U_2.png)
![ZAC_U](../figures/version_comparisons/V39_versus_thredds_month/ZAC_U_3.png)
![ZAC_U](../figures/version_comparisons/V39_versus_thredds_month/ZAC_U_4.png)
![ZAC_U](../figures/version_comparisons/V39_versus_thredds_month/ZAC_U_5.png)
![ZAC_U](../figures/version_comparisons/V39_versus_thredds_month/ZAC_U_6.png)
![ZAC_U](../figures/version_comparisons/V39_versus_thredds_month/ZAC_U_7.png)
![ZAC_U](../figures/version_comparisons/V39_versus_thredds_month/ZAC_U_8.png)
![ZAC_U](../figures/version_comparisons/V39_versus_thredds_month/ZAC_U_9.png)
![ZAC_U](../figures/version_comparisons/V39_versus_thredds_month/ZAC_U_10.png)
![ZAC_U](../figures/version_comparisons/V39_versus_thredds_month/ZAC_U_11.png)
 
# Comparison of data thredds to V39 (old).
## CEN
/mnt/ice/Baptiste/geussnow01/dataverse//V39/day/CEN_day.csv
Variables in new file:
p_u, p_l, t_u, t_l, rh_u, rh_u_wrt_ice_or_water, qh_u, rh_l, rh_l_wrt_ice_or_water, qh_l, wspd_u, wspd_l, wdir_u, wdir_l, wspd_x_u, wspd_y_u, wspd_x_l, wspd_y_l, dsr, dsr_cor, usr, usr_cor, albedo, dlr, ulr, cc, t_surf, dlhf_u, dlhf_l, dshf_u, dshf_l, z_boom_u, z_boom_cor_u, z_boom_l, z_boom_cor_l, z_stake, z_stake_cor, z_surf_combined, snow_height, rainfall_u, rainfall_cor_u, rainfall_l, rainfall_cor_l, t_i_1, t_i_2, t_i_3, t_i_4, t_i_5, t_i_6, t_i_7, t_i_8, t_i_9, t_i_10, t_i_11, d_t_i_1, d_t_i_2, d_t_i_3, d_t_i_4, d_t_i_5, d_t_i_6, d_t_i_7, d_t_i_8, d_t_i_9, d_t_i_10, d_t_i_11, t_i_10m, tilt_x, tilt_y, rot_magnetic, rot_true, gps_lat, gps_lon, gps_alt, lat, lon, alt, batt_v, t_rad

New variables not in old files:


Old variables removed from new files:

 
![CEN](../figures/version_comparisons/V39_versus_thredds_day/CEN_0.png)
![CEN](../figures/version_comparisons/V39_versus_thredds_day/CEN_1.png)
![CEN](../figures/version_comparisons/V39_versus_thredds_day/CEN_2.png)
![CEN](../figures/version_comparisons/V39_versus_thredds_day/CEN_3.png)
![CEN](../figures/version_comparisons/V39_versus_thredds_day/CEN_4.png)
![CEN](../figures/version_comparisons/V39_versus_thredds_day/CEN_5.png)
![CEN](../figures/version_comparisons/V39_versus_thredds_day/CEN_6.png)
![CEN](../figures/version_comparisons/V39_versus_thredds_day/CEN_7.png)
![CEN](../figures/version_comparisons/V39_versus_thredds_day/CEN_8.png)
![CEN](../figures/version_comparisons/V39_versus_thredds_day/CEN_9.png)
![CEN](../figures/version_comparisons/V39_versus_thredds_day/CEN_10.png)
![CEN](../figures/version_comparisons/V39_versus_thredds_day/CEN_11.png)
![CEN](../figures/version_comparisons/V39_versus_thredds_day/CEN_12.png)
![CEN](../figures/version_comparisons/V39_versus_thredds_day/CEN_13.png)
![CEN](../figures/version_comparisons/V39_versus_thredds_day/CEN_14.png)
![CEN](../figures/version_comparisons/V39_versus_thredds_day/CEN_15.png)
 
## CP1
/mnt/ice/Baptiste/geussnow01/dataverse//V39/day/CP1_day.csv
Variables in new file:
p_u, p_l, t_u, t_l, rh_u, rh_u_wrt_ice_or_water, qh_u, rh_l, rh_l_wrt_ice_or_water, qh_l, wspd_u, wspd_l, wdir_u, wdir_l, wspd_x_u, wspd_y_u, wspd_x_l, wspd_y_l, dsr, dsr_cor, usr, usr_cor, albedo, dlr, ulr, cc, t_surf, dlhf_u, dlhf_l, dshf_u, dshf_l, z_boom_u, z_boom_cor_u, z_boom_l, z_boom_cor_l, z_surf_combined, snow_height, rainfall_u, rainfall_cor_u, rainfall_l, rainfall_cor_l, t_i_1, t_i_2, t_i_3, t_i_4, t_i_5, t_i_6, t_i_7, t_i_8, t_i_9, t_i_10, t_i_11, d_t_i_1, d_t_i_2, d_t_i_3, d_t_i_4, d_t_i_5, d_t_i_6, d_t_i_7, d_t_i_8, d_t_i_9, d_t_i_10, d_t_i_11, t_i_10m, tilt_x, tilt_y, rot_magnetic, rot_true, gps_lat, gps_lon, gps_alt, lat, lon, alt, batt_v, t_rad

New variables not in old files:


Old variables removed from new files:

 
![CP1](../figures/version_comparisons/V39_versus_thredds_day/CP1_0.png)
![CP1](../figures/version_comparisons/V39_versus_thredds_day/CP1_1.png)
![CP1](../figures/version_comparisons/V39_versus_thredds_day/CP1_2.png)
![CP1](../figures/version_comparisons/V39_versus_thredds_day/CP1_3.png)
![CP1](../figures/version_comparisons/V39_versus_thredds_day/CP1_4.png)
![CP1](../figures/version_comparisons/V39_versus_thredds_day/CP1_5.png)
![CP1](../figures/version_comparisons/V39_versus_thredds_day/CP1_6.png)
![CP1](../figures/version_comparisons/V39_versus_thredds_day/CP1_7.png)
![CP1](../figures/version_comparisons/V39_versus_thredds_day/CP1_8.png)
![CP1](../figures/version_comparisons/V39_versus_thredds_day/CP1_9.png)
![CP1](../figures/version_comparisons/V39_versus_thredds_day/CP1_10.png)
![CP1](../figures/version_comparisons/V39_versus_thredds_day/CP1_11.png)
![CP1](../figures/version_comparisons/V39_versus_thredds_day/CP1_12.png)
![CP1](../figures/version_comparisons/V39_versus_thredds_day/CP1_13.png)
![CP1](../figures/version_comparisons/V39_versus_thredds_day/CP1_14.png)
![CP1](../figures/version_comparisons/V39_versus_thredds_day/CP1_15.png)
 
## DY2
/mnt/ice/Baptiste/geussnow01/dataverse//V39/day/DY2_day.csv
Variables in new file:
p_u, p_l, t_u, t_l, rh_u, rh_u_wrt_ice_or_water, qh_u, rh_l, rh_l_wrt_ice_or_water, qh_l, wspd_u, wspd_l, wdir_u, wdir_l, wspd_x_u, wspd_y_u, wspd_x_l, wspd_y_l, dsr, dsr_cor, usr, usr_cor, albedo, dlr, ulr, cc, t_surf, dlhf_u, dlhf_l, dshf_u, dshf_l, z_boom_u, z_boom_cor_u, z_boom_l, z_boom_cor_l, z_surf_combined, snow_height, rainfall_u, rainfall_cor_u, rainfall_l, rainfall_cor_l, t_i_1, t_i_2, t_i_3, t_i_4, t_i_5, t_i_6, t_i_7, t_i_8, t_i_9, t_i_10, t_i_11, d_t_i_1, d_t_i_2, d_t_i_3, d_t_i_4, d_t_i_5, d_t_i_6, d_t_i_7, d_t_i_8, d_t_i_9, d_t_i_10, d_t_i_11, t_i_10m, tilt_x, tilt_y, rot_magnetic, rot_true, gps_lat, gps_lon, gps_alt, lat, lon, alt, batt_v, t_rad

New variables not in old files:


Old variables removed from new files:

 
![DY2](../figures/version_comparisons/V39_versus_thredds_day/DY2_0.png)
![DY2](../figures/version_comparisons/V39_versus_thredds_day/DY2_1.png)
![DY2](../figures/version_comparisons/V39_versus_thredds_day/DY2_2.png)
![DY2](../figures/version_comparisons/V39_versus_thredds_day/DY2_3.png)
![DY2](../figures/version_comparisons/V39_versus_thredds_day/DY2_4.png)
![DY2](../figures/version_comparisons/V39_versus_thredds_day/DY2_5.png)
![DY2](../figures/version_comparisons/V39_versus_thredds_day/DY2_6.png)
![DY2](../figures/version_comparisons/V39_versus_thredds_day/DY2_7.png)
![DY2](../figures/version_comparisons/V39_versus_thredds_day/DY2_8.png)
![DY2](../figures/version_comparisons/V39_versus_thredds_day/DY2_9.png)
![DY2](../figures/version_comparisons/V39_versus_thredds_day/DY2_10.png)
![DY2](../figures/version_comparisons/V39_versus_thredds_day/DY2_11.png)
![DY2](../figures/version_comparisons/V39_versus_thredds_day/DY2_12.png)
![DY2](../figures/version_comparisons/V39_versus_thredds_day/DY2_13.png)
![DY2](../figures/version_comparisons/V39_versus_thredds_day/DY2_14.png)
![DY2](../figures/version_comparisons/V39_versus_thredds_day/DY2_15.png)
 
## EGP
/mnt/ice/Baptiste/geussnow01/dataverse//V39/day/EGP_day.csv
Variables in new file:
p_u, t_u, t_l, rh_u, rh_u_wrt_ice_or_water, qh_u, rh_l, rh_l_wrt_ice_or_water, qh_l, wspd_u, wspd_l, wdir_u, wdir_l, wspd_x_u, wspd_y_u, wspd_x_l, wspd_y_l, dsr, dsr_cor, usr, usr_cor, albedo, dlr, ulr, cc, t_surf, dlhf_u, dshf_u, z_boom_u, z_boom_cor_u, z_boom_l, z_boom_cor_l, z_stake, z_stake_cor, z_surf_combined, snow_height, rainfall_u, rainfall_cor_u, t_i_1, t_i_2, t_i_3, t_i_4, t_i_5, t_i_6, t_i_7, t_i_8, t_i_9, t_i_10, t_i_11, d_t_i_1, d_t_i_2, d_t_i_3, d_t_i_4, d_t_i_5, d_t_i_6, d_t_i_7, d_t_i_8, d_t_i_9, d_t_i_10, d_t_i_11, t_i_10m, tilt_x, tilt_y, rot_magnetic, rot_true, gps_lat, gps_lon, gps_alt, lat, lon, alt, batt_v, t_rad

New variables not in old files:


Old variables removed from new files:

 
![EGP](../figures/version_comparisons/V39_versus_thredds_day/EGP_0.png)
![EGP](../figures/version_comparisons/V39_versus_thredds_day/EGP_1.png)
![EGP](../figures/version_comparisons/V39_versus_thredds_day/EGP_2.png)
![EGP](../figures/version_comparisons/V39_versus_thredds_day/EGP_3.png)
![EGP](../figures/version_comparisons/V39_versus_thredds_day/EGP_4.png)
![EGP](../figures/version_comparisons/V39_versus_thredds_day/EGP_5.png)
![EGP](../figures/version_comparisons/V39_versus_thredds_day/EGP_6.png)
![EGP](../figures/version_comparisons/V39_versus_thredds_day/EGP_7.png)
![EGP](../figures/version_comparisons/V39_versus_thredds_day/EGP_8.png)
![EGP](../figures/version_comparisons/V39_versus_thredds_day/EGP_9.png)
![EGP](../figures/version_comparisons/V39_versus_thredds_day/EGP_10.png)
![EGP](../figures/version_comparisons/V39_versus_thredds_day/EGP_11.png)
![EGP](../figures/version_comparisons/V39_versus_thredds_day/EGP_12.png)
![EGP](../figures/version_comparisons/V39_versus_thredds_day/EGP_13.png)
![EGP](../figures/version_comparisons/V39_versus_thredds_day/EGP_14.png)
 
## FRE
/mnt/ice/Baptiste/geussnow01/dataverse//V39/day/FRE_day.csv
Variables in new file:
p_u, t_u, rh_u, rh_u_wrt_ice_or_water, qh_u, wspd_u, wdir_u, wspd_x_u, wspd_y_u, dsr, dsr_cor, usr, usr_cor, albedo, dlr, ulr, cc, t_surf, dlhf_u, dshf_u, z_boom_u, z_boom_cor_u, z_stake, z_stake_cor, z_pt, z_pt_cor, z_surf_combined, z_ice_surf, snow_height, t_i_1, t_i_2, t_i_3, t_i_4, t_i_5, t_i_6, t_i_7, t_i_8, d_t_i_1, d_t_i_2, d_t_i_3, d_t_i_4, d_t_i_5, d_t_i_6, d_t_i_7, d_t_i_8, t_i_10m, tilt_x, tilt_y, rot_true, gps_lat, gps_lon, gps_alt, lat, lon, alt, batt_v, t_rad

New variables not in old files:


Old variables removed from new files:

 
![FRE](../figures/version_comparisons/V39_versus_thredds_day/FRE_0.png)
![FRE](../figures/version_comparisons/V39_versus_thredds_day/FRE_1.png)
![FRE](../figures/version_comparisons/V39_versus_thredds_day/FRE_2.png)
![FRE](../figures/version_comparisons/V39_versus_thredds_day/FRE_3.png)
![FRE](../figures/version_comparisons/V39_versus_thredds_day/FRE_4.png)
![FRE](../figures/version_comparisons/V39_versus_thredds_day/FRE_5.png)
![FRE](../figures/version_comparisons/V39_versus_thredds_day/FRE_6.png)
![FRE](../figures/version_comparisons/V39_versus_thredds_day/FRE_7.png)
![FRE](../figures/version_comparisons/V39_versus_thredds_day/FRE_8.png)
![FRE](../figures/version_comparisons/V39_versus_thredds_day/FRE_9.png)
![FRE](../figures/version_comparisons/V39_versus_thredds_day/FRE_10.png)
![FRE](../figures/version_comparisons/V39_versus_thredds_day/FRE_11.png)
 
## HUM
/mnt/ice/Baptiste/geussnow01/dataverse//V39/day/HUM_day.csv
Variables in new file:
p_u, p_l, t_u, t_l, rh_u, rh_u_wrt_ice_or_water, qh_u, rh_l, rh_l_wrt_ice_or_water, qh_l, wspd_u, wspd_l, wdir_u, wdir_l, wspd_x_u, wspd_y_u, wspd_x_l, wspd_y_l, dsr, dsr_cor, usr, usr_cor, albedo, dlr, ulr, cc, t_surf, dlhf_u, dlhf_l, dshf_u, dshf_l, z_boom_u, z_boom_cor_u, z_boom_l, z_boom_cor_l, z_surf_combined, snow_height, rainfall_u, rainfall_cor_u, rainfall_l, rainfall_cor_l, t_i_1, t_i_2, t_i_3, t_i_4, t_i_5, t_i_6, t_i_7, t_i_8, t_i_9, t_i_10, t_i_11, d_t_i_1, d_t_i_2, d_t_i_3, d_t_i_4, d_t_i_5, d_t_i_6, d_t_i_7, d_t_i_8, d_t_i_9, d_t_i_10, d_t_i_11, t_i_10m, tilt_x, tilt_y, rot_magnetic, rot_true, gps_lat, gps_lon, gps_alt, lat, lon, alt, batt_v, t_rad

New variables not in old files:


Old variables removed from new files:

 
![HUM](../figures/version_comparisons/V39_versus_thredds_day/HUM_0.png)
![HUM](../figures/version_comparisons/V39_versus_thredds_day/HUM_1.png)
![HUM](../figures/version_comparisons/V39_versus_thredds_day/HUM_2.png)
![HUM](../figures/version_comparisons/V39_versus_thredds_day/HUM_3.png)
![HUM](../figures/version_comparisons/V39_versus_thredds_day/HUM_4.png)
![HUM](../figures/version_comparisons/V39_versus_thredds_day/HUM_5.png)
![HUM](../figures/version_comparisons/V39_versus_thredds_day/HUM_6.png)
![HUM](../figures/version_comparisons/V39_versus_thredds_day/HUM_7.png)
![HUM](../figures/version_comparisons/V39_versus_thredds_day/HUM_8.png)
![HUM](../figures/version_comparisons/V39_versus_thredds_day/HUM_9.png)
![HUM](../figures/version_comparisons/V39_versus_thredds_day/HUM_10.png)
![HUM](../figures/version_comparisons/V39_versus_thredds_day/HUM_11.png)
![HUM](../figures/version_comparisons/V39_versus_thredds_day/HUM_12.png)
![HUM](../figures/version_comparisons/V39_versus_thredds_day/HUM_13.png)
![HUM](../figures/version_comparisons/V39_versus_thredds_day/HUM_14.png)
![HUM](../figures/version_comparisons/V39_versus_thredds_day/HUM_15.png)
 
## JAR
/mnt/ice/Baptiste/geussnow01/dataverse//V39/day/JAR_day.csv
Variables in new file:
p_u, t_u, t_l, rh_u, rh_u_wrt_ice_or_water, qh_u, rh_l, rh_l_wrt_ice_or_water, qh_l, wspd_u, wspd_l, wdir_u, wdir_l, wspd_x_u, wspd_y_u, wspd_x_l, wspd_y_l, dsr, dsr_cor, usr, usr_cor, albedo, dlr, ulr, cc, t_surf, dlhf_u, dshf_u, z_boom_u, z_boom_cor_u, z_boom_cor_l, z_stake, z_stake_cor, z_pt, z_pt_cor, z_surf_combined, z_ice_surf, snow_height, rainfall_u, rainfall_cor_u, t_i_1, t_i_2, t_i_3, t_i_4, t_i_5, t_i_6, t_i_7, t_i_8, t_i_9, t_i_10, d_t_i_1, d_t_i_2, d_t_i_3, d_t_i_4, d_t_i_5, d_t_i_6, d_t_i_7, d_t_i_8, d_t_i_9, d_t_i_10, t_i_10m, tilt_x, tilt_y, rot_magnetic, rot_true, gps_lat, gps_lon, gps_alt, lat, lon, alt, batt_v, t_rad

New variables not in old files:


Old variables removed from new files:

 
![JAR](../figures/version_comparisons/V39_versus_thredds_day/JAR_0.png)
![JAR](../figures/version_comparisons/V39_versus_thredds_day/JAR_1.png)
![JAR](../figures/version_comparisons/V39_versus_thredds_day/JAR_2.png)
![JAR](../figures/version_comparisons/V39_versus_thredds_day/JAR_3.png)
![JAR](../figures/version_comparisons/V39_versus_thredds_day/JAR_4.png)
![JAR](../figures/version_comparisons/V39_versus_thredds_day/JAR_5.png)
![JAR](../figures/version_comparisons/V39_versus_thredds_day/JAR_6.png)
![JAR](../figures/version_comparisons/V39_versus_thredds_day/JAR_7.png)
![JAR](../figures/version_comparisons/V39_versus_thredds_day/JAR_8.png)
![JAR](../figures/version_comparisons/V39_versus_thredds_day/JAR_9.png)
![JAR](../figures/version_comparisons/V39_versus_thredds_day/JAR_10.png)
![JAR](../figures/version_comparisons/V39_versus_thredds_day/JAR_11.png)
![JAR](../figures/version_comparisons/V39_versus_thredds_day/JAR_12.png)
![JAR](../figures/version_comparisons/V39_versus_thredds_day/JAR_13.png)
![JAR](../figures/version_comparisons/V39_versus_thredds_day/JAR_14.png)
 
## KAN_B
/mnt/ice/Baptiste/geussnow01/dataverse//V39/day/KAN_B_day.csv
Variables in new file:
p_u, t_u, rh_u, rh_u_wrt_ice_or_water, qh_u, wspd_u, wdir_u, wspd_x_u, wspd_y_u, dsr, usr, albedo, dlr, ulr, t_surf, z_boom_u, z_boom_cor_u, z_surf_combined, snow_height, rainfall_u, rainfall_cor_u, rot_true, lat, lon, alt, batt_v, t_rad

New variables not in old files:


Old variables removed from new files:

 
![KAN_B](../figures/version_comparisons/V39_versus_thredds_day/KAN_B_0.png)
![KAN_B](../figures/version_comparisons/V39_versus_thredds_day/KAN_B_1.png)
![KAN_B](../figures/version_comparisons/V39_versus_thredds_day/KAN_B_2.png)
![KAN_B](../figures/version_comparisons/V39_versus_thredds_day/KAN_B_3.png)
![KAN_B](../figures/version_comparisons/V39_versus_thredds_day/KAN_B_4.png)
![KAN_B](../figures/version_comparisons/V39_versus_thredds_day/KAN_B_5.png)
 
## KAN_L
/mnt/ice/Baptiste/geussnow01/dataverse//V39/day/KAN_L_day.csv
Variables in new file:
p_u, t_u, rh_u, rh_u_wrt_ice_or_water, qh_u, wspd_u, wdir_u, wspd_x_u, wspd_y_u, dsr, dsr_cor, usr, usr_cor, albedo, dlr, ulr, cc, t_surf, dlhf_u, dshf_u, z_boom_u, z_boom_cor_u, z_stake, z_stake_cor, z_pt, z_pt_cor, z_surf_combined, z_ice_surf, snow_height, rainfall_u, rainfall_cor_u, t_i_1, t_i_2, t_i_3, t_i_4, t_i_5, t_i_6, t_i_7, t_i_8, d_t_i_1, d_t_i_2, d_t_i_3, d_t_i_4, d_t_i_5, d_t_i_6, d_t_i_7, d_t_i_8, t_i_10m, tilt_x, tilt_y, rot_magnetic, rot_true, gps_lat, gps_lon, gps_alt, lat, lon, alt, batt_v, t_rad

New variables not in old files:


Old variables removed from new files:

 
![KAN_L](../figures/version_comparisons/V39_versus_thredds_day/KAN_L_0.png)
![KAN_L](../figures/version_comparisons/V39_versus_thredds_day/KAN_L_1.png)
![KAN_L](../figures/version_comparisons/V39_versus_thredds_day/KAN_L_2.png)
![KAN_L](../figures/version_comparisons/V39_versus_thredds_day/KAN_L_3.png)
![KAN_L](../figures/version_comparisons/V39_versus_thredds_day/KAN_L_4.png)
![KAN_L](../figures/version_comparisons/V39_versus_thredds_day/KAN_L_5.png)
![KAN_L](../figures/version_comparisons/V39_versus_thredds_day/KAN_L_6.png)
![KAN_L](../figures/version_comparisons/V39_versus_thredds_day/KAN_L_7.png)
![KAN_L](../figures/version_comparisons/V39_versus_thredds_day/KAN_L_8.png)
![KAN_L](../figures/version_comparisons/V39_versus_thredds_day/KAN_L_9.png)
![KAN_L](../figures/version_comparisons/V39_versus_thredds_day/KAN_L_10.png)
![KAN_L](../figures/version_comparisons/V39_versus_thredds_day/KAN_L_11.png)
 
## KAN_M
/mnt/ice/Baptiste/geussnow01/dataverse//V39/day/KAN_M_day.csv
Variables in new file:
p_u, t_u, rh_u, rh_u_wrt_ice_or_water, qh_u, wspd_u, wdir_u, wspd_x_u, wspd_y_u, dsr, dsr_cor, usr, usr_cor, albedo, dlr, ulr, cc, t_surf, dlhf_u, dshf_u, z_boom_u, z_boom_cor_u, z_stake, z_stake_cor, z_pt, z_pt_cor, z_surf_combined, z_ice_surf, snow_height, t_i_1, t_i_2, t_i_3, t_i_4, t_i_5, t_i_6, t_i_7, t_i_8, d_t_i_1, d_t_i_2, d_t_i_3, d_t_i_4, d_t_i_5, d_t_i_6, d_t_i_7, d_t_i_8, t_i_10m, tilt_x, tilt_y, rot_true, gps_lat, gps_lon, gps_alt, lat, lon, alt, batt_v, t_rad

New variables not in old files:


Old variables removed from new files:

 
![KAN_M](../figures/version_comparisons/V39_versus_thredds_day/KAN_M_0.png)
![KAN_M](../figures/version_comparisons/V39_versus_thredds_day/KAN_M_1.png)
![KAN_M](../figures/version_comparisons/V39_versus_thredds_day/KAN_M_2.png)
![KAN_M](../figures/version_comparisons/V39_versus_thredds_day/KAN_M_3.png)
![KAN_M](../figures/version_comparisons/V39_versus_thredds_day/KAN_M_4.png)
![KAN_M](../figures/version_comparisons/V39_versus_thredds_day/KAN_M_5.png)
![KAN_M](../figures/version_comparisons/V39_versus_thredds_day/KAN_M_6.png)
![KAN_M](../figures/version_comparisons/V39_versus_thredds_day/KAN_M_7.png)
![KAN_M](../figures/version_comparisons/V39_versus_thredds_day/KAN_M_8.png)
![KAN_M](../figures/version_comparisons/V39_versus_thredds_day/KAN_M_9.png)
![KAN_M](../figures/version_comparisons/V39_versus_thredds_day/KAN_M_10.png)
![KAN_M](../figures/version_comparisons/V39_versus_thredds_day/KAN_M_11.png)
 
## KAN_T
/mnt/ice/Baptiste/geussnow01/dataverse//V39/day/KAN_T_day.csv
Variables in new file:
p_u, t_u, rh_u, rh_u_wrt_ice_or_water, qh_u, wspd_u, wdir_u, wspd_x_u, wspd_y_u, dsr, dsr_cor, usr, usr_cor, albedo, dlr, ulr, cc, t_surf, dlhf_u, dshf_u, z_boom_u, z_boom_cor_u, z_stake, z_stake_cor, z_pt, z_pt_cor, z_surf_combined, z_ice_surf, snow_height, rainfall_u, rainfall_cor_u, t_i_1, t_i_2, t_i_3, t_i_4, t_i_5, t_i_6, t_i_7, t_i_8, d_t_i_1, d_t_i_2, d_t_i_3, d_t_i_4, d_t_i_5, d_t_i_6, d_t_i_7, d_t_i_8, tilt_x, tilt_y, rot_magnetic, rot_true, gps_lat, gps_lon, gps_alt, lat, lon, alt, batt_v, t_rad

New variables not in old files:


Old variables removed from new files:

 
![KAN_T](../figures/version_comparisons/V39_versus_thredds_day/KAN_T_0.png)
![KAN_T](../figures/version_comparisons/V39_versus_thredds_day/KAN_T_1.png)
![KAN_T](../figures/version_comparisons/V39_versus_thredds_day/KAN_T_2.png)
![KAN_T](../figures/version_comparisons/V39_versus_thredds_day/KAN_T_3.png)
![KAN_T](../figures/version_comparisons/V39_versus_thredds_day/KAN_T_4.png)
![KAN_T](../figures/version_comparisons/V39_versus_thredds_day/KAN_T_5.png)
![KAN_T](../figures/version_comparisons/V39_versus_thredds_day/KAN_T_6.png)
![KAN_T](../figures/version_comparisons/V39_versus_thredds_day/KAN_T_7.png)
![KAN_T](../figures/version_comparisons/V39_versus_thredds_day/KAN_T_8.png)
![KAN_T](../figures/version_comparisons/V39_versus_thredds_day/KAN_T_9.png)
![KAN_T](../figures/version_comparisons/V39_versus_thredds_day/KAN_T_10.png)
![KAN_T](../figures/version_comparisons/V39_versus_thredds_day/KAN_T_11.png)
 
## KAN_U
/mnt/ice/Baptiste/geussnow01/dataverse//V39/day/KAN_U_day.csv
Variables in new file:
p_u, p_l, t_u, t_l, rh_u, rh_u_wrt_ice_or_water, qh_u, rh_l, rh_l_wrt_ice_or_water, qh_l, wspd_u, wspd_l, wdir_u, wdir_l, wspd_x_u, wspd_y_u, wspd_x_l, wspd_y_l, dsr, dsr_cor, usr, usr_cor, albedo, dlr, ulr, cc, t_surf, dlhf_u, dlhf_l, dshf_u, dshf_l, z_boom_u, z_boom_cor_u, z_boom_l, z_boom_cor_l, z_stake, z_stake_cor, z_surf_combined, snow_height, rainfall_u, rainfall_cor_u, rainfall_l, rainfall_cor_l, t_i_1, t_i_2, t_i_3, t_i_4, t_i_5, t_i_6, t_i_7, t_i_8, t_i_9, t_i_10, t_i_11, d_t_i_1, d_t_i_2, d_t_i_3, d_t_i_4, d_t_i_5, d_t_i_6, d_t_i_7, d_t_i_8, d_t_i_9, d_t_i_10, d_t_i_11, t_i_10m, tilt_x, tilt_y, rot_magnetic, rot_true, gps_lat, gps_lon, gps_alt, lat, lon, alt, batt_v, t_rad

New variables not in old files:


Old variables removed from new files:

 
![KAN_U](../figures/version_comparisons/V39_versus_thredds_day/KAN_U_0.png)
![KAN_U](../figures/version_comparisons/V39_versus_thredds_day/KAN_U_1.png)
![KAN_U](../figures/version_comparisons/V39_versus_thredds_day/KAN_U_2.png)
![KAN_U](../figures/version_comparisons/V39_versus_thredds_day/KAN_U_3.png)
![KAN_U](../figures/version_comparisons/V39_versus_thredds_day/KAN_U_4.png)
![KAN_U](../figures/version_comparisons/V39_versus_thredds_day/KAN_U_5.png)
![KAN_U](../figures/version_comparisons/V39_versus_thredds_day/KAN_U_6.png)
![KAN_U](../figures/version_comparisons/V39_versus_thredds_day/KAN_U_7.png)
![KAN_U](../figures/version_comparisons/V39_versus_thredds_day/KAN_U_8.png)
![KAN_U](../figures/version_comparisons/V39_versus_thredds_day/KAN_U_9.png)
![KAN_U](../figures/version_comparisons/V39_versus_thredds_day/KAN_U_10.png)
![KAN_U](../figures/version_comparisons/V39_versus_thredds_day/KAN_U_11.png)
![KAN_U](../figures/version_comparisons/V39_versus_thredds_day/KAN_U_12.png)
![KAN_U](../figures/version_comparisons/V39_versus_thredds_day/KAN_U_13.png)
![KAN_U](../figures/version_comparisons/V39_versus_thredds_day/KAN_U_14.png)
![KAN_U](../figures/version_comparisons/V39_versus_thredds_day/KAN_U_15.png)
 
## KPC_L
/mnt/ice/Baptiste/geussnow01/dataverse//V39/day/KPC_L_day.csv
Variables in new file:
p_u, t_u, rh_u, rh_u_wrt_ice_or_water, qh_u, wspd_u, wdir_u, wspd_x_u, wspd_y_u, dsr, dsr_cor, usr, usr_cor, albedo, dlr, ulr, cc, t_surf, dlhf_u, dshf_u, z_boom_u, z_boom_cor_u, z_stake, z_stake_cor, z_pt, z_pt_cor, z_surf_combined, z_ice_surf, snow_height, t_i_1, t_i_2, t_i_3, t_i_4, t_i_5, t_i_6, t_i_7, t_i_8, d_t_i_1, d_t_i_2, d_t_i_3, d_t_i_4, d_t_i_5, d_t_i_6, d_t_i_7, d_t_i_8, t_i_10m, tilt_x, tilt_y, rot_true, gps_lat, gps_lon, gps_alt, lat, lon, alt, batt_v, t_rad

New variables not in old files:


Old variables removed from new files:

 
![KPC_L](../figures/version_comparisons/V39_versus_thredds_day/KPC_L_0.png)
![KPC_L](../figures/version_comparisons/V39_versus_thredds_day/KPC_L_1.png)
![KPC_L](../figures/version_comparisons/V39_versus_thredds_day/KPC_L_2.png)
![KPC_L](../figures/version_comparisons/V39_versus_thredds_day/KPC_L_3.png)
![KPC_L](../figures/version_comparisons/V39_versus_thredds_day/KPC_L_4.png)
![KPC_L](../figures/version_comparisons/V39_versus_thredds_day/KPC_L_5.png)
![KPC_L](../figures/version_comparisons/V39_versus_thredds_day/KPC_L_6.png)
![KPC_L](../figures/version_comparisons/V39_versus_thredds_day/KPC_L_7.png)
![KPC_L](../figures/version_comparisons/V39_versus_thredds_day/KPC_L_8.png)
![KPC_L](../figures/version_comparisons/V39_versus_thredds_day/KPC_L_9.png)
![KPC_L](../figures/version_comparisons/V39_versus_thredds_day/KPC_L_10.png)
![KPC_L](../figures/version_comparisons/V39_versus_thredds_day/KPC_L_11.png)
 
## KPC_U
/mnt/ice/Baptiste/geussnow01/dataverse//V39/day/KPC_U_day.csv
Variables in new file:
p_u, t_u, rh_u, rh_u_wrt_ice_or_water, qh_u, wspd_u, wdir_u, wspd_x_u, wspd_y_u, dsr, dsr_cor, usr, usr_cor, albedo, dlr, ulr, cc, t_surf, dlhf_u, dshf_u, z_boom_u, z_boom_cor_u, z_stake, z_stake_cor, z_surf_combined, z_ice_surf, snow_height, t_i_1, t_i_2, t_i_3, t_i_4, t_i_5, t_i_6, t_i_7, t_i_8, d_t_i_1, d_t_i_2, d_t_i_3, d_t_i_4, d_t_i_5, d_t_i_6, d_t_i_7, d_t_i_8, t_i_10m, tilt_x, tilt_y, rot_true, gps_lat, gps_lon, gps_alt, lat, lon, alt, batt_v, t_rad

New variables not in old files:


Old variables removed from new files:

 
![KPC_U](../figures/version_comparisons/V39_versus_thredds_day/KPC_U_0.png)
![KPC_U](../figures/version_comparisons/V39_versus_thredds_day/KPC_U_1.png)
![KPC_U](../figures/version_comparisons/V39_versus_thredds_day/KPC_U_2.png)
![KPC_U](../figures/version_comparisons/V39_versus_thredds_day/KPC_U_3.png)
![KPC_U](../figures/version_comparisons/V39_versus_thredds_day/KPC_U_4.png)
![KPC_U](../figures/version_comparisons/V39_versus_thredds_day/KPC_U_5.png)
![KPC_U](../figures/version_comparisons/V39_versus_thredds_day/KPC_U_6.png)
![KPC_U](../figures/version_comparisons/V39_versus_thredds_day/KPC_U_7.png)
![KPC_U](../figures/version_comparisons/V39_versus_thredds_day/KPC_U_8.png)
![KPC_U](../figures/version_comparisons/V39_versus_thredds_day/KPC_U_9.png)
![KPC_U](../figures/version_comparisons/V39_versus_thredds_day/KPC_U_10.png)
 
## LYN_L
/mnt/ice/Baptiste/geussnow01/dataverse//V39/day/LYN_L_day.csv
Variables in new file:
p_u, t_u, rh_u, rh_u_wrt_ice_or_water, qh_u, wspd_u, wdir_u, wspd_x_u, wspd_y_u, z_boom_u, z_boom_cor_u, z_stake, z_stake_cor, z_surf_combined, z_ice_surf, snow_height, t_i_1, t_i_2, t_i_3, t_i_4, t_i_5, t_i_6, t_i_7, d_t_i_1, d_t_i_2, d_t_i_3, d_t_i_4, d_t_i_5, d_t_i_6, d_t_i_7, d_t_i_8, t_i_10m, tilt_x, tilt_y, rot_true, gps_lat, gps_lon, gps_alt, lat, lon, alt, batt_v, t_rad

New variables not in old files:


Old variables removed from new files:

 
![LYN_L](../figures/version_comparisons/V39_versus_thredds_day/LYN_L_0.png)
![LYN_L](../figures/version_comparisons/V39_versus_thredds_day/LYN_L_1.png)
![LYN_L](../figures/version_comparisons/V39_versus_thredds_day/LYN_L_2.png)
![LYN_L](../figures/version_comparisons/V39_versus_thredds_day/LYN_L_3.png)
![LYN_L](../figures/version_comparisons/V39_versus_thredds_day/LYN_L_4.png)
![LYN_L](../figures/version_comparisons/V39_versus_thredds_day/LYN_L_5.png)
![LYN_L](../figures/version_comparisons/V39_versus_thredds_day/LYN_L_6.png)
![LYN_L](../figures/version_comparisons/V39_versus_thredds_day/LYN_L_7.png)
![LYN_L](../figures/version_comparisons/V39_versus_thredds_day/LYN_L_8.png)
 
## LYN_T
/mnt/ice/Baptiste/geussnow01/dataverse//V39/day/LYN_T_day.csv
Variables in new file:
p_u, t_u, rh_u, rh_u_wrt_ice_or_water, qh_u, wspd_u, wdir_u, wspd_x_u, wspd_y_u, dsr, dsr_cor, usr, usr_cor, albedo, dlr, ulr, cc, t_surf, dlhf_u, dshf_u, z_boom_u, z_boom_cor_u, z_stake, z_stake_cor, z_surf_combined, z_ice_surf, snow_height, t_i_1, t_i_2, t_i_3, t_i_4, t_i_5, t_i_6, t_i_7, d_t_i_1, d_t_i_2, d_t_i_3, d_t_i_4, d_t_i_5, d_t_i_6, d_t_i_7, d_t_i_8, t_i_10m, tilt_x, tilt_y, rot_true, gps_lat, gps_lon, gps_alt, lat, lon, alt, batt_v, t_rad

New variables not in old files:


Old variables removed from new files:

 
![LYN_T](../figures/version_comparisons/V39_versus_thredds_day/LYN_T_0.png)
![LYN_T](../figures/version_comparisons/V39_versus_thredds_day/LYN_T_1.png)
![LYN_T](../figures/version_comparisons/V39_versus_thredds_day/LYN_T_2.png)
![LYN_T](../figures/version_comparisons/V39_versus_thredds_day/LYN_T_3.png)
![LYN_T](../figures/version_comparisons/V39_versus_thredds_day/LYN_T_4.png)
![LYN_T](../figures/version_comparisons/V39_versus_thredds_day/LYN_T_5.png)
![LYN_T](../figures/version_comparisons/V39_versus_thredds_day/LYN_T_6.png)
![LYN_T](../figures/version_comparisons/V39_versus_thredds_day/LYN_T_7.png)
![LYN_T](../figures/version_comparisons/V39_versus_thredds_day/LYN_T_8.png)
![LYN_T](../figures/version_comparisons/V39_versus_thredds_day/LYN_T_9.png)
![LYN_T](../figures/version_comparisons/V39_versus_thredds_day/LYN_T_10.png)
 
## MIT
/mnt/ice/Baptiste/geussnow01/dataverse//V39/day/MIT_day.csv
Variables in new file:
p_u, t_u, rh_u, rh_u_wrt_ice_or_water, qh_u, wspd_u, wdir_u, wspd_x_u, wspd_y_u, dsr, dsr_cor, usr, usr_cor, albedo, dlr, ulr, cc, t_surf, dlhf_u, dshf_u, z_boom_u, z_boom_cor_u, z_stake, z_stake_cor, z_pt, z_pt_cor, z_surf_combined, z_ice_surf, snow_height, t_i_1, t_i_2, t_i_3, t_i_4, t_i_5, t_i_6, t_i_7, t_i_8, d_t_i_1, d_t_i_2, d_t_i_3, d_t_i_4, d_t_i_5, d_t_i_6, d_t_i_7, d_t_i_8, t_i_10m, tilt_x, tilt_y, rot_true, gps_lat, gps_lon, gps_alt, lat, lon, alt, batt_v, t_rad

New variables not in old files:


Old variables removed from new files:

 
![MIT](../figures/version_comparisons/V39_versus_thredds_day/MIT_0.png)
![MIT](../figures/version_comparisons/V39_versus_thredds_day/MIT_1.png)
![MIT](../figures/version_comparisons/V39_versus_thredds_day/MIT_2.png)
![MIT](../figures/version_comparisons/V39_versus_thredds_day/MIT_3.png)
![MIT](../figures/version_comparisons/V39_versus_thredds_day/MIT_4.png)
![MIT](../figures/version_comparisons/V39_versus_thredds_day/MIT_5.png)
![MIT](../figures/version_comparisons/V39_versus_thredds_day/MIT_6.png)
![MIT](../figures/version_comparisons/V39_versus_thredds_day/MIT_7.png)
![MIT](../figures/version_comparisons/V39_versus_thredds_day/MIT_8.png)
![MIT](../figures/version_comparisons/V39_versus_thredds_day/MIT_9.png)
![MIT](../figures/version_comparisons/V39_versus_thredds_day/MIT_10.png)
![MIT](../figures/version_comparisons/V39_versus_thredds_day/MIT_11.png)
 
## NAE
/mnt/ice/Baptiste/geussnow01/dataverse//V39/day/NAE_day.csv
Variables in new file:
p_u, p_l, t_u, t_l, rh_u, rh_u_wrt_ice_or_water, qh_u, rh_l, rh_l_wrt_ice_or_water, qh_l, wspd_u, wspd_l, wdir_u, wdir_l, wspd_x_u, wspd_y_u, wspd_x_l, wspd_y_l, dsr, dsr_cor, usr, usr_cor, albedo, dlr, ulr, cc, t_surf, dlhf_u, dlhf_l, dshf_u, dshf_l, z_boom_u, z_boom_cor_u, z_boom_l, z_boom_cor_l, z_surf_combined, snow_height, rainfall_u, rainfall_cor_u, rainfall_l, rainfall_cor_l, t_i_1, t_i_2, t_i_3, t_i_4, t_i_5, t_i_6, t_i_7, t_i_8, t_i_9, t_i_10, t_i_11, d_t_i_1, d_t_i_2, d_t_i_3, d_t_i_4, d_t_i_5, d_t_i_6, d_t_i_7, d_t_i_8, d_t_i_9, d_t_i_10, d_t_i_11, t_i_10m, tilt_x, tilt_y, rot_magnetic, rot_true, gps_lat, gps_lon, gps_alt, lat, lon, alt, batt_v, t_rad

New variables not in old files:


Old variables removed from new files:

 
![NAE](../figures/version_comparisons/V39_versus_thredds_day/NAE_0.png)
![NAE](../figures/version_comparisons/V39_versus_thredds_day/NAE_1.png)
![NAE](../figures/version_comparisons/V39_versus_thredds_day/NAE_2.png)
![NAE](../figures/version_comparisons/V39_versus_thredds_day/NAE_3.png)
![NAE](../figures/version_comparisons/V39_versus_thredds_day/NAE_4.png)
![NAE](../figures/version_comparisons/V39_versus_thredds_day/NAE_5.png)
![NAE](../figures/version_comparisons/V39_versus_thredds_day/NAE_6.png)
![NAE](../figures/version_comparisons/V39_versus_thredds_day/NAE_7.png)
![NAE](../figures/version_comparisons/V39_versus_thredds_day/NAE_8.png)
![NAE](../figures/version_comparisons/V39_versus_thredds_day/NAE_9.png)
![NAE](../figures/version_comparisons/V39_versus_thredds_day/NAE_10.png)
![NAE](../figures/version_comparisons/V39_versus_thredds_day/NAE_11.png)
![NAE](../figures/version_comparisons/V39_versus_thredds_day/NAE_12.png)
![NAE](../figures/version_comparisons/V39_versus_thredds_day/NAE_13.png)
![NAE](../figures/version_comparisons/V39_versus_thredds_day/NAE_14.png)
![NAE](../figures/version_comparisons/V39_versus_thredds_day/NAE_15.png)
 
## NAU
/mnt/ice/Baptiste/geussnow01/dataverse//V39/day/NAU_day.csv
Variables in new file:
p_u, p_l, t_u, t_l, rh_u, rh_u_wrt_ice_or_water, qh_u, rh_l, rh_l_wrt_ice_or_water, qh_l, wspd_u, wspd_l, wdir_u, wdir_l, wspd_x_u, wspd_y_u, wspd_x_l, wspd_y_l, dsr, dsr_cor, usr, usr_cor, albedo, dlr, ulr, cc, t_surf, dlhf_u, dlhf_l, dshf_u, dshf_l, z_boom_u, z_boom_cor_u, z_boom_l, z_boom_cor_l, z_surf_combined, snow_height, rainfall_u, rainfall_cor_u, rainfall_l, rainfall_cor_l, t_i_1, t_i_2, t_i_3, t_i_4, t_i_5, t_i_6, t_i_7, t_i_8, t_i_9, t_i_10, t_i_11, d_t_i_1, d_t_i_2, d_t_i_3, d_t_i_4, d_t_i_5, d_t_i_6, d_t_i_7, d_t_i_8, d_t_i_9, d_t_i_10, d_t_i_11, t_i_10m, tilt_x, tilt_y, rot_magnetic, rot_true, gps_lat, gps_lon, gps_alt, lat, lon, alt, batt_v, t_rad

New variables not in old files:


Old variables removed from new files:

 
![NAU](../figures/version_comparisons/V39_versus_thredds_day/NAU_0.png)
![NAU](../figures/version_comparisons/V39_versus_thredds_day/NAU_1.png)
![NAU](../figures/version_comparisons/V39_versus_thredds_day/NAU_2.png)
![NAU](../figures/version_comparisons/V39_versus_thredds_day/NAU_3.png)
![NAU](../figures/version_comparisons/V39_versus_thredds_day/NAU_4.png)
![NAU](../figures/version_comparisons/V39_versus_thredds_day/NAU_5.png)
![NAU](../figures/version_comparisons/V39_versus_thredds_day/NAU_6.png)
![NAU](../figures/version_comparisons/V39_versus_thredds_day/NAU_7.png)
![NAU](../figures/version_comparisons/V39_versus_thredds_day/NAU_8.png)
![NAU](../figures/version_comparisons/V39_versus_thredds_day/NAU_9.png)
![NAU](../figures/version_comparisons/V39_versus_thredds_day/NAU_10.png)
![NAU](../figures/version_comparisons/V39_versus_thredds_day/NAU_11.png)
![NAU](../figures/version_comparisons/V39_versus_thredds_day/NAU_12.png)
![NAU](../figures/version_comparisons/V39_versus_thredds_day/NAU_13.png)
![NAU](../figures/version_comparisons/V39_versus_thredds_day/NAU_14.png)
![NAU](../figures/version_comparisons/V39_versus_thredds_day/NAU_15.png)
 
## NEM
/mnt/ice/Baptiste/geussnow01/dataverse//V39/day/NEM_day.csv
Variables in new file:
p_u, p_l, t_u, t_l, rh_u, rh_u_wrt_ice_or_water, qh_u, rh_l, rh_l_wrt_ice_or_water, qh_l, wspd_u, wspd_l, wdir_u, wdir_l, wspd_x_u, wspd_y_u, wspd_x_l, wspd_y_l, dsr, dsr_cor, usr, usr_cor, albedo, dlr, ulr, cc, t_surf, dlhf_u, dlhf_l, dshf_u, dshf_l, z_boom_u, z_boom_cor_u, z_boom_l, z_boom_cor_l, z_surf_combined, snow_height, rainfall_u, rainfall_cor_u, rainfall_l, rainfall_cor_l, t_i_1, t_i_2, t_i_3, t_i_4, t_i_5, t_i_6, t_i_7, t_i_8, t_i_9, t_i_10, t_i_11, d_t_i_1, d_t_i_2, d_t_i_3, d_t_i_4, d_t_i_5, d_t_i_6, d_t_i_7, d_t_i_8, d_t_i_9, d_t_i_10, d_t_i_11, t_i_10m, tilt_x, tilt_y, rot_magnetic, rot_true, gps_lat, gps_lon, gps_alt, lat, lon, alt, batt_v, t_rad

New variables not in old files:


Old variables removed from new files:

 
![NEM](../figures/version_comparisons/V39_versus_thredds_day/NEM_0.png)
![NEM](../figures/version_comparisons/V39_versus_thredds_day/NEM_1.png)
![NEM](../figures/version_comparisons/V39_versus_thredds_day/NEM_2.png)
![NEM](../figures/version_comparisons/V39_versus_thredds_day/NEM_3.png)
![NEM](../figures/version_comparisons/V39_versus_thredds_day/NEM_4.png)
![NEM](../figures/version_comparisons/V39_versus_thredds_day/NEM_5.png)
![NEM](../figures/version_comparisons/V39_versus_thredds_day/NEM_6.png)
![NEM](../figures/version_comparisons/V39_versus_thredds_day/NEM_7.png)
![NEM](../figures/version_comparisons/V39_versus_thredds_day/NEM_8.png)
![NEM](../figures/version_comparisons/V39_versus_thredds_day/NEM_9.png)
![NEM](../figures/version_comparisons/V39_versus_thredds_day/NEM_10.png)
![NEM](../figures/version_comparisons/V39_versus_thredds_day/NEM_11.png)
![NEM](../figures/version_comparisons/V39_versus_thredds_day/NEM_12.png)
![NEM](../figures/version_comparisons/V39_versus_thredds_day/NEM_13.png)
![NEM](../figures/version_comparisons/V39_versus_thredds_day/NEM_14.png)
![NEM](../figures/version_comparisons/V39_versus_thredds_day/NEM_15.png)
 
## NSE
/mnt/ice/Baptiste/geussnow01/dataverse//V39/day/NSE_day.csv
Variables in new file:
p_u, p_l, t_u, t_l, rh_u, rh_u_wrt_ice_or_water, qh_u, rh_l, rh_l_wrt_ice_or_water, qh_l, wspd_u, wspd_l, wdir_u, wdir_l, wspd_x_u, wspd_y_u, wspd_x_l, wspd_y_l, dsr, dsr_cor, usr, usr_cor, albedo, dlr, ulr, cc, t_surf, dlhf_u, dlhf_l, dshf_u, dshf_l, z_boom_u, z_boom_cor_u, z_boom_l, z_boom_cor_l, z_surf_combined, snow_height, rainfall_u, rainfall_cor_u, rainfall_l, rainfall_cor_l, t_i_1, t_i_2, t_i_3, t_i_4, t_i_5, t_i_6, t_i_7, t_i_8, t_i_9, t_i_10, t_i_11, d_t_i_1, d_t_i_2, d_t_i_3, d_t_i_4, d_t_i_5, d_t_i_6, d_t_i_7, d_t_i_8, d_t_i_9, d_t_i_10, d_t_i_11, t_i_10m, tilt_x, tilt_y, rot_magnetic, rot_true, gps_lat, gps_lon, gps_alt, lat, lon, alt, batt_v, t_rad

New variables not in old files:


Old variables removed from new files:

 
![NSE](../figures/version_comparisons/V39_versus_thredds_day/NSE_0.png)
![NSE](../figures/version_comparisons/V39_versus_thredds_day/NSE_1.png)
![NSE](../figures/version_comparisons/V39_versus_thredds_day/NSE_2.png)
![NSE](../figures/version_comparisons/V39_versus_thredds_day/NSE_3.png)
![NSE](../figures/version_comparisons/V39_versus_thredds_day/NSE_4.png)
![NSE](../figures/version_comparisons/V39_versus_thredds_day/NSE_5.png)
![NSE](../figures/version_comparisons/V39_versus_thredds_day/NSE_6.png)
![NSE](../figures/version_comparisons/V39_versus_thredds_day/NSE_7.png)
![NSE](../figures/version_comparisons/V39_versus_thredds_day/NSE_8.png)
![NSE](../figures/version_comparisons/V39_versus_thredds_day/NSE_9.png)
![NSE](../figures/version_comparisons/V39_versus_thredds_day/NSE_10.png)
![NSE](../figures/version_comparisons/V39_versus_thredds_day/NSE_11.png)
![NSE](../figures/version_comparisons/V39_versus_thredds_day/NSE_12.png)
![NSE](../figures/version_comparisons/V39_versus_thredds_day/NSE_13.png)
![NSE](../figures/version_comparisons/V39_versus_thredds_day/NSE_14.png)
![NSE](../figures/version_comparisons/V39_versus_thredds_day/NSE_15.png)
 
## NUK_B
/mnt/ice/Baptiste/geussnow01/dataverse//V39/day/NUK_B_day.csv
Variables in new file:
p_u, t_u, rh_u, rh_u_wrt_ice_or_water, qh_u, wspd_u, wdir_u, wspd_x_u, wspd_y_u, dsr, usr, albedo, dlr, ulr, t_surf, z_boom_u, z_boom_cor_u, z_surf_combined, snow_height, rainfall_u, rainfall_cor_u, tilt_x, tilt_y, rot_magnetic, rot_true, gps_lat, gps_lon, gps_alt, lat, lon, alt, batt_v, t_rad

New variables not in old files:


Old variables removed from new files:

 
![NUK_B](../figures/version_comparisons/V39_versus_thredds_day/NUK_B_0.png)
![NUK_B](../figures/version_comparisons/V39_versus_thredds_day/NUK_B_1.png)
![NUK_B](../figures/version_comparisons/V39_versus_thredds_day/NUK_B_2.png)
![NUK_B](../figures/version_comparisons/V39_versus_thredds_day/NUK_B_3.png)
![NUK_B](../figures/version_comparisons/V39_versus_thredds_day/NUK_B_4.png)
![NUK_B](../figures/version_comparisons/V39_versus_thredds_day/NUK_B_5.png)
![NUK_B](../figures/version_comparisons/V39_versus_thredds_day/NUK_B_6.png)
 
## NUK_K
/mnt/ice/Baptiste/geussnow01/dataverse//V39/day/NUK_K_day.csv
Variables in new file:
p_u, t_u, rh_u, rh_u_wrt_ice_or_water, qh_u, wspd_u, wdir_u, wspd_x_u, wspd_y_u, dsr, dsr_cor, usr, usr_cor, albedo, dlr, ulr, cc, t_surf, dlhf_u, dshf_u, z_boom_u, z_boom_cor_u, z_stake, z_stake_cor, z_pt, z_pt_cor, z_surf_combined, z_ice_surf, snow_height, rainfall_u, rainfall_cor_u, t_i_1, t_i_2, t_i_3, t_i_4, t_i_5, t_i_6, t_i_7, t_i_8, d_t_i_1, d_t_i_2, d_t_i_3, d_t_i_4, d_t_i_5, d_t_i_6, d_t_i_7, d_t_i_8, t_i_10m, tilt_x, tilt_y, rot_magnetic, rot_true, gps_lat, gps_lon, gps_alt, lat, lon, alt, batt_v, t_rad

New variables not in old files:


Old variables removed from new files:

 
![NUK_K](../figures/version_comparisons/V39_versus_thredds_day/NUK_K_0.png)
![NUK_K](../figures/version_comparisons/V39_versus_thredds_day/NUK_K_1.png)
![NUK_K](../figures/version_comparisons/V39_versus_thredds_day/NUK_K_2.png)
![NUK_K](../figures/version_comparisons/V39_versus_thredds_day/NUK_K_3.png)
![NUK_K](../figures/version_comparisons/V39_versus_thredds_day/NUK_K_4.png)
![NUK_K](../figures/version_comparisons/V39_versus_thredds_day/NUK_K_5.png)
![NUK_K](../figures/version_comparisons/V39_versus_thredds_day/NUK_K_6.png)
![NUK_K](../figures/version_comparisons/V39_versus_thredds_day/NUK_K_7.png)
![NUK_K](../figures/version_comparisons/V39_versus_thredds_day/NUK_K_8.png)
![NUK_K](../figures/version_comparisons/V39_versus_thredds_day/NUK_K_9.png)
![NUK_K](../figures/version_comparisons/V39_versus_thredds_day/NUK_K_10.png)
![NUK_K](../figures/version_comparisons/V39_versus_thredds_day/NUK_K_11.png)
 
## NUK_L
/mnt/ice/Baptiste/geussnow01/dataverse//V39/day/NUK_L_day.csv
Variables in new file:
p_u, t_u, rh_u, rh_u_wrt_ice_or_water, qh_u, wspd_u, wdir_u, wspd_x_u, wspd_y_u, dsr, dsr_cor, usr, usr_cor, albedo, dlr, ulr, cc, t_surf, dlhf_u, dshf_u, z_boom_u, z_boom_cor_u, z_stake, z_stake_cor, z_pt, z_pt_cor, z_surf_combined, z_ice_surf, snow_height, rainfall_u, rainfall_cor_u, t_i_1, t_i_2, t_i_3, t_i_4, t_i_5, t_i_6, t_i_7, t_i_8, d_t_i_1, d_t_i_2, d_t_i_3, d_t_i_4, d_t_i_5, d_t_i_6, d_t_i_7, d_t_i_8, t_i_10m, tilt_x, tilt_y, rot_magnetic, rot_true, gps_lat, gps_lon, gps_alt, lat, lon, alt, batt_v, t_rad

New variables not in old files:


Old variables removed from new files:

 
![NUK_L](../figures/version_comparisons/V39_versus_thredds_day/NUK_L_0.png)
![NUK_L](../figures/version_comparisons/V39_versus_thredds_day/NUK_L_1.png)
![NUK_L](../figures/version_comparisons/V39_versus_thredds_day/NUK_L_2.png)
![NUK_L](../figures/version_comparisons/V39_versus_thredds_day/NUK_L_3.png)
![NUK_L](../figures/version_comparisons/V39_versus_thredds_day/NUK_L_4.png)
![NUK_L](../figures/version_comparisons/V39_versus_thredds_day/NUK_L_5.png)
![NUK_L](../figures/version_comparisons/V39_versus_thredds_day/NUK_L_6.png)
![NUK_L](../figures/version_comparisons/V39_versus_thredds_day/NUK_L_7.png)
![NUK_L](../figures/version_comparisons/V39_versus_thredds_day/NUK_L_8.png)
![NUK_L](../figures/version_comparisons/V39_versus_thredds_day/NUK_L_9.png)
![NUK_L](../figures/version_comparisons/V39_versus_thredds_day/NUK_L_10.png)
![NUK_L](../figures/version_comparisons/V39_versus_thredds_day/NUK_L_11.png)
 
## NUK_N
/mnt/ice/Baptiste/geussnow01/dataverse//V39/day/NUK_N_day.csv
Variables in new file:
p_u, t_u, rh_u, rh_u_wrt_ice_or_water, qh_u, wspd_u, wdir_u, wspd_x_u, wspd_y_u, dsr, dsr_cor, usr, usr_cor, albedo, dlr, ulr, cc, t_surf, dlhf_u, dshf_u, z_boom_u, z_boom_cor_u, z_stake, z_stake_cor, z_pt, z_pt_cor, z_surf_combined, z_ice_surf, snow_height, t_i_1, t_i_2, t_i_3, t_i_4, t_i_5, t_i_6, t_i_7, t_i_8, d_t_i_1, d_t_i_2, d_t_i_3, d_t_i_4, d_t_i_5, d_t_i_6, d_t_i_7, d_t_i_8, t_i_10m, tilt_x, tilt_y, rot_true, gps_lat, gps_lon, gps_alt, lat, lon, alt, batt_v, t_rad

New variables not in old files:


Old variables removed from new files:

 
![NUK_N](../figures/version_comparisons/V39_versus_thredds_day/NUK_N_0.png)
![NUK_N](../figures/version_comparisons/V39_versus_thredds_day/NUK_N_1.png)
![NUK_N](../figures/version_comparisons/V39_versus_thredds_day/NUK_N_2.png)
![NUK_N](../figures/version_comparisons/V39_versus_thredds_day/NUK_N_3.png)
![NUK_N](../figures/version_comparisons/V39_versus_thredds_day/NUK_N_4.png)
![NUK_N](../figures/version_comparisons/V39_versus_thredds_day/NUK_N_5.png)
![NUK_N](../figures/version_comparisons/V39_versus_thredds_day/NUK_N_6.png)
![NUK_N](../figures/version_comparisons/V39_versus_thredds_day/NUK_N_7.png)
![NUK_N](../figures/version_comparisons/V39_versus_thredds_day/NUK_N_8.png)
![NUK_N](../figures/version_comparisons/V39_versus_thredds_day/NUK_N_9.png)
![NUK_N](../figures/version_comparisons/V39_versus_thredds_day/NUK_N_10.png)
![NUK_N](../figures/version_comparisons/V39_versus_thredds_day/NUK_N_11.png)
 
## NUK_U
/mnt/ice/Baptiste/geussnow01/dataverse//V39/day/NUK_U_day.csv
Variables in new file:
p_u, t_u, rh_u, rh_u_wrt_ice_or_water, qh_u, wspd_u, wdir_u, wspd_x_u, wspd_y_u, dsr, dsr_cor, usr, usr_cor, albedo, dlr, ulr, cc, t_surf, dlhf_u, dshf_u, z_boom_u, z_boom_cor_u, z_stake, z_stake_cor, z_pt, z_pt_cor, z_surf_combined, z_ice_surf, snow_height, rainfall_u, rainfall_cor_u, t_i_1, t_i_2, t_i_3, t_i_4, t_i_5, t_i_6, t_i_7, t_i_8, d_t_i_1, d_t_i_2, d_t_i_3, d_t_i_4, d_t_i_5, d_t_i_6, d_t_i_7, d_t_i_8, t_i_10m, tilt_x, tilt_y, rot_magnetic, rot_true, gps_lat, gps_lon, gps_alt, lat, lon, alt, batt_v, t_rad

New variables not in old files:


Old variables removed from new files:

 
![NUK_U](../figures/version_comparisons/V39_versus_thredds_day/NUK_U_0.png)
![NUK_U](../figures/version_comparisons/V39_versus_thredds_day/NUK_U_1.png)
![NUK_U](../figures/version_comparisons/V39_versus_thredds_day/NUK_U_2.png)
![NUK_U](../figures/version_comparisons/V39_versus_thredds_day/NUK_U_3.png)
![NUK_U](../figures/version_comparisons/V39_versus_thredds_day/NUK_U_4.png)
![NUK_U](../figures/version_comparisons/V39_versus_thredds_day/NUK_U_5.png)
![NUK_U](../figures/version_comparisons/V39_versus_thredds_day/NUK_U_6.png)
![NUK_U](../figures/version_comparisons/V39_versus_thredds_day/NUK_U_7.png)
![NUK_U](../figures/version_comparisons/V39_versus_thredds_day/NUK_U_8.png)
![NUK_U](../figures/version_comparisons/V39_versus_thredds_day/NUK_U_9.png)
![NUK_U](../figures/version_comparisons/V39_versus_thredds_day/NUK_U_10.png)
![NUK_U](../figures/version_comparisons/V39_versus_thredds_day/NUK_U_11.png)
 
## QAS_A
/mnt/ice/Baptiste/geussnow01/dataverse//V39/day/QAS_A_day.csv
Variables in new file:
p_u, t_u, rh_u, rh_u_wrt_ice_or_water, qh_u, wspd_u, wdir_u, wspd_x_u, wspd_y_u, dsr, dsr_cor, usr, usr_cor, albedo, dlr, ulr, cc, t_surf, dlhf_u, dshf_u, z_boom_u, z_boom_cor_u, z_stake, z_stake_cor, z_surf_combined, z_ice_surf, snow_height, t_i_1, t_i_2, t_i_3, t_i_4, t_i_5, t_i_6, t_i_7, t_i_8, d_t_i_1, d_t_i_2, d_t_i_3, d_t_i_4, d_t_i_5, d_t_i_6, d_t_i_7, d_t_i_8, t_i_10m, tilt_x, tilt_y, rot_true, gps_lat, gps_lon, gps_alt, lat, lon, alt, batt_v, t_rad

New variables not in old files:


Old variables removed from new files:

 
![QAS_A](../figures/version_comparisons/V39_versus_thredds_day/QAS_A_0.png)
![QAS_A](../figures/version_comparisons/V39_versus_thredds_day/QAS_A_1.png)
![QAS_A](../figures/version_comparisons/V39_versus_thredds_day/QAS_A_2.png)
![QAS_A](../figures/version_comparisons/V39_versus_thredds_day/QAS_A_3.png)
![QAS_A](../figures/version_comparisons/V39_versus_thredds_day/QAS_A_4.png)
![QAS_A](../figures/version_comparisons/V39_versus_thredds_day/QAS_A_5.png)
![QAS_A](../figures/version_comparisons/V39_versus_thredds_day/QAS_A_6.png)
![QAS_A](../figures/version_comparisons/V39_versus_thredds_day/QAS_A_7.png)
![QAS_A](../figures/version_comparisons/V39_versus_thredds_day/QAS_A_8.png)
![QAS_A](../figures/version_comparisons/V39_versus_thredds_day/QAS_A_9.png)
![QAS_A](../figures/version_comparisons/V39_versus_thredds_day/QAS_A_10.png)
 
## QAS_L
/mnt/ice/Baptiste/geussnow01/dataverse//V39/day/QAS_L_day.csv
Variables in new file:
p_u, t_u, rh_u, rh_u_wrt_ice_or_water, qh_u, wspd_u, wdir_u, wspd_x_u, wspd_y_u, dsr, dsr_cor, usr, usr_cor, albedo, dlr, ulr, cc, t_surf, dlhf_u, dshf_u, z_boom_u, z_boom_cor_u, z_stake, z_stake_cor, z_pt, z_pt_cor, z_surf_combined, z_ice_surf, snow_height, rainfall_u, rainfall_cor_u, t_i_1, t_i_2, t_i_3, t_i_4, t_i_5, t_i_6, t_i_7, t_i_8, d_t_i_1, d_t_i_2, d_t_i_3, d_t_i_4, d_t_i_5, d_t_i_6, d_t_i_7, d_t_i_8, t_i_10m, tilt_x, tilt_y, rot_magnetic, rot_true, gps_lat, gps_lon, gps_alt, lat, lon, alt, batt_v, t_rad

New variables not in old files:


Old variables removed from new files:

 
![QAS_L](../figures/version_comparisons/V39_versus_thredds_day/QAS_L_0.png)
![QAS_L](../figures/version_comparisons/V39_versus_thredds_day/QAS_L_1.png)
![QAS_L](../figures/version_comparisons/V39_versus_thredds_day/QAS_L_2.png)
![QAS_L](../figures/version_comparisons/V39_versus_thredds_day/QAS_L_3.png)
![QAS_L](../figures/version_comparisons/V39_versus_thredds_day/QAS_L_4.png)
![QAS_L](../figures/version_comparisons/V39_versus_thredds_day/QAS_L_5.png)
![QAS_L](../figures/version_comparisons/V39_versus_thredds_day/QAS_L_6.png)
![QAS_L](../figures/version_comparisons/V39_versus_thredds_day/QAS_L_7.png)
![QAS_L](../figures/version_comparisons/V39_versus_thredds_day/QAS_L_8.png)
![QAS_L](../figures/version_comparisons/V39_versus_thredds_day/QAS_L_9.png)
![QAS_L](../figures/version_comparisons/V39_versus_thredds_day/QAS_L_10.png)
![QAS_L](../figures/version_comparisons/V39_versus_thredds_day/QAS_L_11.png)
 
## QAS_M
/mnt/ice/Baptiste/geussnow01/dataverse//V39/day/QAS_M_day.csv
Variables in new file:
p_u, t_u, rh_u, rh_u_wrt_ice_or_water, qh_u, wspd_u, wdir_u, wspd_x_u, wspd_y_u, dsr, dsr_cor, usr, usr_cor, albedo, dlr, ulr, cc, t_surf, dlhf_u, dshf_u, z_boom_u, z_boom_cor_u, z_stake, z_stake_cor, z_pt, z_pt_cor, z_surf_combined, z_ice_surf, snow_height, rainfall_u, rainfall_cor_u, t_i_1, t_i_2, t_i_3, t_i_4, t_i_5, t_i_6, t_i_7, t_i_8, d_t_i_1, d_t_i_2, d_t_i_3, d_t_i_4, d_t_i_5, d_t_i_6, d_t_i_7, d_t_i_8, t_i_10m, tilt_x, tilt_y, rot_magnetic, rot_true, gps_lat, gps_lon, gps_alt, lat, lon, alt, batt_v, t_rad

New variables not in old files:


Old variables removed from new files:

 
![QAS_M](../figures/version_comparisons/V39_versus_thredds_day/QAS_M_0.png)
![QAS_M](../figures/version_comparisons/V39_versus_thredds_day/QAS_M_1.png)
![QAS_M](../figures/version_comparisons/V39_versus_thredds_day/QAS_M_2.png)
![QAS_M](../figures/version_comparisons/V39_versus_thredds_day/QAS_M_3.png)
![QAS_M](../figures/version_comparisons/V39_versus_thredds_day/QAS_M_4.png)
![QAS_M](../figures/version_comparisons/V39_versus_thredds_day/QAS_M_5.png)
![QAS_M](../figures/version_comparisons/V39_versus_thredds_day/QAS_M_6.png)
![QAS_M](../figures/version_comparisons/V39_versus_thredds_day/QAS_M_7.png)
![QAS_M](../figures/version_comparisons/V39_versus_thredds_day/QAS_M_8.png)
![QAS_M](../figures/version_comparisons/V39_versus_thredds_day/QAS_M_9.png)
![QAS_M](../figures/version_comparisons/V39_versus_thredds_day/QAS_M_10.png)
![QAS_M](../figures/version_comparisons/V39_versus_thredds_day/QAS_M_11.png)
 
## QAS_U
/mnt/ice/Baptiste/geussnow01/dataverse//V39/day/QAS_U_day.csv
Variables in new file:
p_u, t_u, rh_u, rh_u_wrt_ice_or_water, qh_u, wspd_u, wdir_u, wspd_x_u, wspd_y_u, dsr, dsr_cor, usr, usr_cor, albedo, dlr, ulr, cc, t_surf, dlhf_u, dshf_u, z_boom_u, z_boom_cor_u, z_stake, z_stake_cor, z_pt, z_pt_cor, z_surf_combined, z_ice_surf, snow_height, rainfall_u, rainfall_cor_u, t_i_1, t_i_2, t_i_3, t_i_4, t_i_5, t_i_6, t_i_7, t_i_8, d_t_i_1, d_t_i_2, d_t_i_3, d_t_i_4, d_t_i_5, d_t_i_6, d_t_i_7, d_t_i_8, t_i_10m, tilt_x, tilt_y, rot_magnetic, rot_true, gps_lat, gps_lon, gps_alt, lat, lon, alt, batt_v, t_rad

New variables not in old files:


Old variables removed from new files:

 
![QAS_U](../figures/version_comparisons/V39_versus_thredds_day/QAS_U_0.png)
![QAS_U](../figures/version_comparisons/V39_versus_thredds_day/QAS_U_1.png)
![QAS_U](../figures/version_comparisons/V39_versus_thredds_day/QAS_U_2.png)
![QAS_U](../figures/version_comparisons/V39_versus_thredds_day/QAS_U_3.png)
![QAS_U](../figures/version_comparisons/V39_versus_thredds_day/QAS_U_4.png)
![QAS_U](../figures/version_comparisons/V39_versus_thredds_day/QAS_U_5.png)
![QAS_U](../figures/version_comparisons/V39_versus_thredds_day/QAS_U_6.png)
![QAS_U](../figures/version_comparisons/V39_versus_thredds_day/QAS_U_7.png)
![QAS_U](../figures/version_comparisons/V39_versus_thredds_day/QAS_U_8.png)
![QAS_U](../figures/version_comparisons/V39_versus_thredds_day/QAS_U_9.png)
![QAS_U](../figures/version_comparisons/V39_versus_thredds_day/QAS_U_10.png)
![QAS_U](../figures/version_comparisons/V39_versus_thredds_day/QAS_U_11.png)
 
## RED_L
/mnt/ice/Baptiste/geussnow01/dataverse//V39/day/RED_L_day.csv
Variables in new file:
p_u, t_u, rh_u, rh_u_wrt_ice_or_water, qh_u, wspd_u, wdir_u, wspd_x_u, wspd_y_u, dsr, dsr_cor, usr, usr_cor, albedo, dlr, ulr, cc, t_surf, dlhf_u, dshf_u, z_boom_u, z_boom_cor_u, z_stake, z_stake_cor, z_surf_combined, z_ice_surf, snow_height, rainfall_u, rainfall_cor_u, t_i_1, t_i_2, t_i_3, t_i_4, t_i_5, t_i_6, t_i_7, t_i_8, d_t_i_1, d_t_i_2, d_t_i_3, d_t_i_4, d_t_i_5, d_t_i_6, d_t_i_7, d_t_i_8, t_i_10m, tilt_x, tilt_y, rot_magnetic, rot_true, gps_lat, gps_lon, gps_alt, lat, lon, alt, batt_v, t_rad

New variables not in old files:


Old variables removed from new files:

 
![RED_L](../figures/version_comparisons/V39_versus_thredds_day/RED_L_0.png)
![RED_L](../figures/version_comparisons/V39_versus_thredds_day/RED_L_1.png)
![RED_L](../figures/version_comparisons/V39_versus_thredds_day/RED_L_2.png)
![RED_L](../figures/version_comparisons/V39_versus_thredds_day/RED_L_3.png)
![RED_L](../figures/version_comparisons/V39_versus_thredds_day/RED_L_4.png)
![RED_L](../figures/version_comparisons/V39_versus_thredds_day/RED_L_5.png)
![RED_L](../figures/version_comparisons/V39_versus_thredds_day/RED_L_6.png)
![RED_L](../figures/version_comparisons/V39_versus_thredds_day/RED_L_7.png)
![RED_L](../figures/version_comparisons/V39_versus_thredds_day/RED_L_8.png)
![RED_L](../figures/version_comparisons/V39_versus_thredds_day/RED_L_9.png)
![RED_L](../figures/version_comparisons/V39_versus_thredds_day/RED_L_10.png)
![RED_L](../figures/version_comparisons/V39_versus_thredds_day/RED_L_11.png)
 
## SCO_L
/mnt/ice/Baptiste/geussnow01/dataverse//V39/day/SCO_L_day.csv
Variables in new file:
p_u, t_u, rh_u, rh_u_wrt_ice_or_water, qh_u, wspd_u, wdir_u, wspd_x_u, wspd_y_u, dsr, dsr_cor, usr, usr_cor, albedo, dlr, ulr, cc, t_surf, dlhf_u, dshf_u, z_boom_u, z_boom_cor_u, z_stake, z_stake_cor, z_pt, z_pt_cor, z_surf_combined, z_ice_surf, snow_height, rainfall_u, rainfall_cor_u, t_i_1, t_i_2, t_i_3, t_i_4, t_i_5, t_i_6, t_i_7, t_i_8, d_t_i_1, d_t_i_2, d_t_i_3, d_t_i_4, d_t_i_5, d_t_i_6, d_t_i_7, d_t_i_8, t_i_10m, tilt_x, tilt_y, rot_magnetic, rot_true, gps_lat, gps_lon, gps_alt, lat, lon, alt, batt_v, t_rad

New variables not in old files:


Old variables removed from new files:

 
![SCO_L](../figures/version_comparisons/V39_versus_thredds_day/SCO_L_0.png)
![SCO_L](../figures/version_comparisons/V39_versus_thredds_day/SCO_L_1.png)
![SCO_L](../figures/version_comparisons/V39_versus_thredds_day/SCO_L_2.png)
![SCO_L](../figures/version_comparisons/V39_versus_thredds_day/SCO_L_3.png)
![SCO_L](../figures/version_comparisons/V39_versus_thredds_day/SCO_L_4.png)
![SCO_L](../figures/version_comparisons/V39_versus_thredds_day/SCO_L_5.png)
![SCO_L](../figures/version_comparisons/V39_versus_thredds_day/SCO_L_6.png)
![SCO_L](../figures/version_comparisons/V39_versus_thredds_day/SCO_L_7.png)
![SCO_L](../figures/version_comparisons/V39_versus_thredds_day/SCO_L_8.png)
![SCO_L](../figures/version_comparisons/V39_versus_thredds_day/SCO_L_9.png)
![SCO_L](../figures/version_comparisons/V39_versus_thredds_day/SCO_L_10.png)
![SCO_L](../figures/version_comparisons/V39_versus_thredds_day/SCO_L_11.png)
 
## SCO_U
/mnt/ice/Baptiste/geussnow01/dataverse//V39/day/SCO_U_day.csv
Variables in new file:
p_u, t_u, rh_u, rh_u_wrt_ice_or_water, qh_u, wspd_u, wdir_u, wspd_x_u, wspd_y_u, dsr, dsr_cor, usr, usr_cor, albedo, dlr, ulr, cc, t_surf, dlhf_u, dshf_u, z_boom_u, z_boom_cor_u, z_stake, z_stake_cor, z_pt, z_pt_cor, z_surf_combined, z_ice_surf, snow_height, rainfall_u, rainfall_cor_u, t_i_1, t_i_2, t_i_3, t_i_4, t_i_5, t_i_6, t_i_7, t_i_8, d_t_i_1, d_t_i_2, d_t_i_3, d_t_i_4, d_t_i_5, d_t_i_6, d_t_i_7, d_t_i_8, t_i_10m, tilt_x, tilt_y, rot_magnetic, rot_true, gps_lat, gps_lon, gps_alt, lat, lon, alt, batt_v, t_rad

New variables not in old files:


Old variables removed from new files:

 
![SCO_U](../figures/version_comparisons/V39_versus_thredds_day/SCO_U_0.png)
![SCO_U](../figures/version_comparisons/V39_versus_thredds_day/SCO_U_1.png)
![SCO_U](../figures/version_comparisons/V39_versus_thredds_day/SCO_U_2.png)
![SCO_U](../figures/version_comparisons/V39_versus_thredds_day/SCO_U_3.png)
![SCO_U](../figures/version_comparisons/V39_versus_thredds_day/SCO_U_4.png)
![SCO_U](../figures/version_comparisons/V39_versus_thredds_day/SCO_U_5.png)
![SCO_U](../figures/version_comparisons/V39_versus_thredds_day/SCO_U_6.png)
![SCO_U](../figures/version_comparisons/V39_versus_thredds_day/SCO_U_7.png)
![SCO_U](../figures/version_comparisons/V39_versus_thredds_day/SCO_U_8.png)
![SCO_U](../figures/version_comparisons/V39_versus_thredds_day/SCO_U_9.png)
![SCO_U](../figures/version_comparisons/V39_versus_thredds_day/SCO_U_10.png)
![SCO_U](../figures/version_comparisons/V39_versus_thredds_day/SCO_U_11.png)
 
## SDL
/mnt/ice/Baptiste/geussnow01/dataverse//V39/day/SDL_day.csv
Variables in new file:
p_u, p_l, t_u, t_l, rh_u, rh_u_wrt_ice_or_water, qh_u, rh_l, rh_l_wrt_ice_or_water, qh_l, wspd_u, wspd_l, wdir_u, wdir_l, wspd_x_u, wspd_y_u, wspd_x_l, wspd_y_l, dsr, dsr_cor, usr, usr_cor, albedo, dlr, ulr, cc, t_surf, dlhf_u, dlhf_l, dshf_u, dshf_l, z_boom_u, z_boom_cor_u, z_boom_l, z_boom_cor_l, z_surf_combined, snow_height, rainfall_u, rainfall_cor_u, rainfall_l, rainfall_cor_l, t_i_1, t_i_2, t_i_3, t_i_4, t_i_5, t_i_6, t_i_7, t_i_8, t_i_9, t_i_10, t_i_11, d_t_i_1, d_t_i_2, d_t_i_3, d_t_i_4, d_t_i_5, d_t_i_6, d_t_i_7, d_t_i_8, d_t_i_9, d_t_i_10, d_t_i_11, t_i_10m, tilt_x, tilt_y, rot_magnetic, rot_true, gps_lat, gps_lon, gps_alt, lat, lon, alt, batt_v, t_rad

New variables not in old files:


Old variables removed from new files:

 
![SDL](../figures/version_comparisons/V39_versus_thredds_day/SDL_0.png)
![SDL](../figures/version_comparisons/V39_versus_thredds_day/SDL_1.png)
![SDL](../figures/version_comparisons/V39_versus_thredds_day/SDL_2.png)
![SDL](../figures/version_comparisons/V39_versus_thredds_day/SDL_3.png)
![SDL](../figures/version_comparisons/V39_versus_thredds_day/SDL_4.png)
![SDL](../figures/version_comparisons/V39_versus_thredds_day/SDL_5.png)
![SDL](../figures/version_comparisons/V39_versus_thredds_day/SDL_6.png)
![SDL](../figures/version_comparisons/V39_versus_thredds_day/SDL_7.png)
![SDL](../figures/version_comparisons/V39_versus_thredds_day/SDL_8.png)
![SDL](../figures/version_comparisons/V39_versus_thredds_day/SDL_9.png)
![SDL](../figures/version_comparisons/V39_versus_thredds_day/SDL_10.png)
![SDL](../figures/version_comparisons/V39_versus_thredds_day/SDL_11.png)
![SDL](../figures/version_comparisons/V39_versus_thredds_day/SDL_12.png)
![SDL](../figures/version_comparisons/V39_versus_thredds_day/SDL_13.png)
![SDL](../figures/version_comparisons/V39_versus_thredds_day/SDL_14.png)
![SDL](../figures/version_comparisons/V39_versus_thredds_day/SDL_15.png)
 
## SDM
/mnt/ice/Baptiste/geussnow01/dataverse//V39/day/SDM_day.csv
Variables in new file:
p_u, p_l, t_u, t_l, rh_u, rh_u_wrt_ice_or_water, qh_u, rh_l, rh_l_wrt_ice_or_water, qh_l, wspd_u, wspd_l, wdir_u, wdir_l, wspd_x_u, wspd_y_u, wspd_x_l, wspd_y_l, dsr, dsr_cor, usr, usr_cor, albedo, dlr, ulr, cc, t_surf, dlhf_u, dlhf_l, dshf_u, dshf_l, z_boom_u, z_boom_cor_u, z_boom_l, z_boom_cor_l, z_surf_combined, snow_height, rainfall_u, rainfall_cor_u, rainfall_l, rainfall_cor_l, t_i_1, t_i_2, t_i_3, t_i_4, t_i_5, t_i_6, t_i_7, t_i_8, t_i_9, t_i_10, t_i_11, d_t_i_1, d_t_i_2, d_t_i_3, d_t_i_4, d_t_i_5, d_t_i_6, d_t_i_7, d_t_i_8, d_t_i_9, d_t_i_10, d_t_i_11, t_i_10m, tilt_x, tilt_y, rot_magnetic, rot_true, gps_lat, gps_lon, gps_alt, lat, lon, alt, batt_v, t_rad

New variables not in old files:


Old variables removed from new files:

 
![SDM](../figures/version_comparisons/V39_versus_thredds_day/SDM_0.png)
![SDM](../figures/version_comparisons/V39_versus_thredds_day/SDM_1.png)
![SDM](../figures/version_comparisons/V39_versus_thredds_day/SDM_2.png)
![SDM](../figures/version_comparisons/V39_versus_thredds_day/SDM_3.png)
![SDM](../figures/version_comparisons/V39_versus_thredds_day/SDM_4.png)
![SDM](../figures/version_comparisons/V39_versus_thredds_day/SDM_5.png)
![SDM](../figures/version_comparisons/V39_versus_thredds_day/SDM_6.png)
![SDM](../figures/version_comparisons/V39_versus_thredds_day/SDM_7.png)
![SDM](../figures/version_comparisons/V39_versus_thredds_day/SDM_8.png)
![SDM](../figures/version_comparisons/V39_versus_thredds_day/SDM_9.png)
![SDM](../figures/version_comparisons/V39_versus_thredds_day/SDM_10.png)
![SDM](../figures/version_comparisons/V39_versus_thredds_day/SDM_11.png)
![SDM](../figures/version_comparisons/V39_versus_thredds_day/SDM_12.png)
![SDM](../figures/version_comparisons/V39_versus_thredds_day/SDM_13.png)
![SDM](../figures/version_comparisons/V39_versus_thredds_day/SDM_14.png)
![SDM](../figures/version_comparisons/V39_versus_thredds_day/SDM_15.png)
 
## SER_B
/mnt/ice/Baptiste/geussnow01/dataverse//V39/day/SER_B_day.csv
Variables in new file:
p_u, t_u, rh_u, rh_u_wrt_ice_or_water, qh_u, wspd_u, wdir_u, wspd_x_u, wspd_y_u, dsr, usr, albedo, dlr, ulr, t_surf, z_boom_u, z_boom_cor_u, z_surf_combined, snow_height, rainfall_u, rainfall_cor_u, tilt_x, tilt_y, rot_magnetic, rot_true, gps_lat, gps_lon, gps_alt, lat, lon, alt, batt_v, t_rad

New variables not in old files:


Old variables removed from new files:

 
![SER_B](../figures/version_comparisons/V39_versus_thredds_day/SER_B_0.png)
![SER_B](../figures/version_comparisons/V39_versus_thredds_day/SER_B_1.png)
![SER_B](../figures/version_comparisons/V39_versus_thredds_day/SER_B_2.png)
![SER_B](../figures/version_comparisons/V39_versus_thredds_day/SER_B_3.png)
![SER_B](../figures/version_comparisons/V39_versus_thredds_day/SER_B_4.png)
![SER_B](../figures/version_comparisons/V39_versus_thredds_day/SER_B_5.png)
![SER_B](../figures/version_comparisons/V39_versus_thredds_day/SER_B_6.png)
 
## STA
/mnt/ice/Baptiste/geussnow01/dataverse//V39/day/STA_day.csv
Variables in new file:
p_u, t_u, t_l, rh_u, rh_u_wrt_ice_or_water, qh_u, rh_l, rh_l_wrt_ice_or_water, wspd_u, wspd_l, wdir_u, wdir_l, wspd_x_u, wspd_y_u, wspd_x_l, wspd_y_l, dsr, dsr_cor, usr, usr_cor, albedo, dlr, ulr, cc, t_surf, dlhf_u, dshf_u, z_boom_u, z_boom_cor_u, z_boom_l, z_boom_cor_l, z_surf_combined, snow_height, rainfall_u, rainfall_cor_u, t_i_1, t_i_2, t_i_3, t_i_4, t_i_5, t_i_6, t_i_7, t_i_8, t_i_9, t_i_10, t_i_11, d_t_i_1, d_t_i_2, d_t_i_3, d_t_i_4, d_t_i_5, d_t_i_6, d_t_i_7, d_t_i_8, d_t_i_9, d_t_i_10, d_t_i_11, t_i_10m, tilt_x, tilt_y, rot_magnetic, rot_true, gps_lat, gps_lon, gps_alt, lat, lon, alt, batt_v, t_rad

New variables not in old files:


Old variables removed from new files:

 
![STA](../figures/version_comparisons/V39_versus_thredds_day/STA_0.png)
![STA](../figures/version_comparisons/V39_versus_thredds_day/STA_1.png)
![STA](../figures/version_comparisons/V39_versus_thredds_day/STA_2.png)
![STA](../figures/version_comparisons/V39_versus_thredds_day/STA_3.png)
![STA](../figures/version_comparisons/V39_versus_thredds_day/STA_4.png)
![STA](../figures/version_comparisons/V39_versus_thredds_day/STA_5.png)
![STA](../figures/version_comparisons/V39_versus_thredds_day/STA_6.png)
![STA](../figures/version_comparisons/V39_versus_thredds_day/STA_7.png)
![STA](../figures/version_comparisons/V39_versus_thredds_day/STA_8.png)
![STA](../figures/version_comparisons/V39_versus_thredds_day/STA_9.png)
![STA](../figures/version_comparisons/V39_versus_thredds_day/STA_10.png)
![STA](../figures/version_comparisons/V39_versus_thredds_day/STA_11.png)
![STA](../figures/version_comparisons/V39_versus_thredds_day/STA_12.png)
![STA](../figures/version_comparisons/V39_versus_thredds_day/STA_13.png)
 
## SUM
/mnt/ice/Baptiste/geussnow01/dataverse//V39/day/SUM_day.csv
Variables in new file:
p_u, t_u, t_l, rh_u, rh_u_wrt_ice_or_water, qh_u, rh_l, rh_l_wrt_ice_or_water, wspd_u, wspd_l, wdir_u, wdir_l, wspd_x_u, wspd_y_u, wspd_x_l, wspd_y_l, dsr, dsr_cor, usr, usr_cor, albedo, dlr, ulr, cc, t_surf, dlhf_u, dshf_u, z_boom_u, z_boom_cor_u, z_boom_l, z_boom_cor_l, z_surf_combined, snow_height, rainfall_u, rainfall_cor_u, t_i_1, t_i_2, t_i_3, t_i_4, t_i_5, t_i_6, t_i_7, t_i_8, t_i_9, t_i_10, t_i_11, d_t_i_1, d_t_i_2, d_t_i_3, d_t_i_4, d_t_i_5, d_t_i_6, d_t_i_7, d_t_i_8, d_t_i_9, d_t_i_10, d_t_i_11, t_i_10m, tilt_x, tilt_y, rot_magnetic, rot_true, gps_lat, gps_lon, gps_alt, lat, lon, alt, batt_v, t_rad

New variables not in old files:


Old variables removed from new files:

 
![SUM](../figures/version_comparisons/V39_versus_thredds_day/SUM_0.png)
![SUM](../figures/version_comparisons/V39_versus_thredds_day/SUM_1.png)
![SUM](../figures/version_comparisons/V39_versus_thredds_day/SUM_2.png)
![SUM](../figures/version_comparisons/V39_versus_thredds_day/SUM_3.png)
![SUM](../figures/version_comparisons/V39_versus_thredds_day/SUM_4.png)
![SUM](../figures/version_comparisons/V39_versus_thredds_day/SUM_5.png)
![SUM](../figures/version_comparisons/V39_versus_thredds_day/SUM_6.png)
![SUM](../figures/version_comparisons/V39_versus_thredds_day/SUM_7.png)
![SUM](../figures/version_comparisons/V39_versus_thredds_day/SUM_8.png)
![SUM](../figures/version_comparisons/V39_versus_thredds_day/SUM_9.png)
![SUM](../figures/version_comparisons/V39_versus_thredds_day/SUM_10.png)
![SUM](../figures/version_comparisons/V39_versus_thredds_day/SUM_11.png)
![SUM](../figures/version_comparisons/V39_versus_thredds_day/SUM_12.png)
![SUM](../figures/version_comparisons/V39_versus_thredds_day/SUM_13.png)
 
## SWC
/mnt/ice/Baptiste/geussnow01/dataverse//V39/day/SWC_day.csv
Variables in new file:
p_u, t_u, t_l, rh_u, rh_u_wrt_ice_or_water, qh_u, rh_l, rh_l_wrt_ice_or_water, qh_l, wspd_u, wspd_l, wdir_u, wdir_l, wspd_x_u, wspd_y_u, wspd_x_l, wspd_y_l, dsr, dsr_cor, usr, usr_cor, albedo, dlr, ulr, cc, t_surf, dlhf_u, dshf_u, z_boom_u, z_boom_cor_u, z_boom_cor_l, z_stake, z_stake_cor, z_pt, z_pt_cor, z_surf_combined, z_ice_surf, snow_height, rainfall_u, rainfall_cor_u, t_i_1, t_i_2, t_i_3, t_i_4, t_i_5, t_i_6, t_i_7, t_i_8, t_i_9, t_i_10, d_t_i_1, d_t_i_2, d_t_i_3, d_t_i_4, d_t_i_5, d_t_i_6, d_t_i_7, d_t_i_8, d_t_i_9, d_t_i_10, t_i_10m, tilt_x, tilt_y, rot_magnetic, rot_true, gps_lat, gps_lon, gps_alt, lat, lon, alt, batt_v, t_rad

New variables not in old files:


Old variables removed from new files:

 
![SWC](../figures/version_comparisons/V39_versus_thredds_day/SWC_0.png)
![SWC](../figures/version_comparisons/V39_versus_thredds_day/SWC_1.png)
![SWC](../figures/version_comparisons/V39_versus_thredds_day/SWC_2.png)
![SWC](../figures/version_comparisons/V39_versus_thredds_day/SWC_3.png)
![SWC](../figures/version_comparisons/V39_versus_thredds_day/SWC_4.png)
![SWC](../figures/version_comparisons/V39_versus_thredds_day/SWC_5.png)
![SWC](../figures/version_comparisons/V39_versus_thredds_day/SWC_6.png)
![SWC](../figures/version_comparisons/V39_versus_thredds_day/SWC_7.png)
![SWC](../figures/version_comparisons/V39_versus_thredds_day/SWC_8.png)
![SWC](../figures/version_comparisons/V39_versus_thredds_day/SWC_9.png)
![SWC](../figures/version_comparisons/V39_versus_thredds_day/SWC_10.png)
![SWC](../figures/version_comparisons/V39_versus_thredds_day/SWC_11.png)
![SWC](../figures/version_comparisons/V39_versus_thredds_day/SWC_12.png)
![SWC](../figures/version_comparisons/V39_versus_thredds_day/SWC_13.png)
![SWC](../figures/version_comparisons/V39_versus_thredds_day/SWC_14.png)
 
## TAS_A
/mnt/ice/Baptiste/geussnow01/dataverse//V39/day/TAS_A_day.csv
Variables in new file:
p_u, t_u, rh_u, rh_u_wrt_ice_or_water, qh_u, wspd_u, wdir_u, wspd_x_u, wspd_y_u, dsr, dsr_cor, usr, usr_cor, albedo, dlr, ulr, cc, t_surf, dlhf_u, dshf_u, z_boom_u, z_boom_cor_u, z_stake, z_stake_cor, z_pt, z_pt_cor, z_surf_combined, z_ice_surf, snow_height, rainfall_u, rainfall_cor_u, t_i_1, t_i_2, t_i_3, t_i_4, t_i_5, t_i_6, t_i_7, t_i_8, d_t_i_1, d_t_i_2, d_t_i_3, d_t_i_4, d_t_i_5, d_t_i_6, d_t_i_7, d_t_i_8, t_i_10m, tilt_x, tilt_y, rot_magnetic, rot_true, gps_lat, gps_lon, gps_alt, lat, lon, alt, batt_v, t_rad

New variables not in old files:


Old variables removed from new files:

 
![TAS_A](../figures/version_comparisons/V39_versus_thredds_day/TAS_A_0.png)
![TAS_A](../figures/version_comparisons/V39_versus_thredds_day/TAS_A_1.png)
![TAS_A](../figures/version_comparisons/V39_versus_thredds_day/TAS_A_2.png)
![TAS_A](../figures/version_comparisons/V39_versus_thredds_day/TAS_A_3.png)
![TAS_A](../figures/version_comparisons/V39_versus_thredds_day/TAS_A_4.png)
![TAS_A](../figures/version_comparisons/V39_versus_thredds_day/TAS_A_5.png)
![TAS_A](../figures/version_comparisons/V39_versus_thredds_day/TAS_A_6.png)
![TAS_A](../figures/version_comparisons/V39_versus_thredds_day/TAS_A_7.png)
![TAS_A](../figures/version_comparisons/V39_versus_thredds_day/TAS_A_8.png)
![TAS_A](../figures/version_comparisons/V39_versus_thredds_day/TAS_A_9.png)
![TAS_A](../figures/version_comparisons/V39_versus_thredds_day/TAS_A_10.png)
![TAS_A](../figures/version_comparisons/V39_versus_thredds_day/TAS_A_11.png)
 
## TAS_L
/mnt/ice/Baptiste/geussnow01/dataverse//V39/day/TAS_L_day.csv
Variables in new file:
p_u, t_u, rh_u, rh_u_wrt_ice_or_water, qh_u, wspd_u, wdir_u, wspd_x_u, wspd_y_u, dsr, dsr_cor, usr, usr_cor, albedo, dlr, ulr, cc, t_surf, dlhf_u, dshf_u, z_boom_u, z_boom_cor_u, z_stake, z_stake_cor, z_pt, z_pt_cor, z_surf_combined, z_ice_surf, snow_height, t_i_1, t_i_2, t_i_3, t_i_4, t_i_5, t_i_6, t_i_7, t_i_8, d_t_i_1, d_t_i_2, d_t_i_3, d_t_i_4, d_t_i_5, d_t_i_6, d_t_i_7, d_t_i_8, t_i_10m, tilt_x, tilt_y, rot_true, gps_lat, gps_lon, gps_alt, lat, lon, alt, batt_v, t_rad

New variables not in old files:


Old variables removed from new files:

 
![TAS_L](../figures/version_comparisons/V39_versus_thredds_day/TAS_L_0.png)
![TAS_L](../figures/version_comparisons/V39_versus_thredds_day/TAS_L_1.png)
![TAS_L](../figures/version_comparisons/V39_versus_thredds_day/TAS_L_2.png)
![TAS_L](../figures/version_comparisons/V39_versus_thredds_day/TAS_L_3.png)
![TAS_L](../figures/version_comparisons/V39_versus_thredds_day/TAS_L_4.png)
![TAS_L](../figures/version_comparisons/V39_versus_thredds_day/TAS_L_5.png)
![TAS_L](../figures/version_comparisons/V39_versus_thredds_day/TAS_L_6.png)
![TAS_L](../figures/version_comparisons/V39_versus_thredds_day/TAS_L_7.png)
![TAS_L](../figures/version_comparisons/V39_versus_thredds_day/TAS_L_8.png)
![TAS_L](../figures/version_comparisons/V39_versus_thredds_day/TAS_L_9.png)
![TAS_L](../figures/version_comparisons/V39_versus_thredds_day/TAS_L_10.png)
![TAS_L](../figures/version_comparisons/V39_versus_thredds_day/TAS_L_11.png)
 
## TAS_U
/mnt/ice/Baptiste/geussnow01/dataverse//V39/day/TAS_U_day.csv
Variables in new file:
p_u, t_u, rh_u, rh_u_wrt_ice_or_water, qh_u, wspd_u, wdir_u, wspd_x_u, wspd_y_u, dsr, dsr_cor, usr, usr_cor, albedo, dlr, ulr, cc, t_surf, dlhf_u, dshf_u, z_boom_u, z_boom_cor_u, z_stake, z_stake_cor, z_pt, z_pt_cor, z_surf_combined, z_ice_surf, snow_height, t_i_1, t_i_2, t_i_3, t_i_4, t_i_5, t_i_6, t_i_7, t_i_8, d_t_i_1, d_t_i_2, d_t_i_3, d_t_i_4, d_t_i_5, d_t_i_6, d_t_i_7, d_t_i_8, t_i_10m, tilt_x, tilt_y, rot_true, gps_lat, gps_lon, gps_alt, lat, lon, alt, batt_v, t_rad

New variables not in old files:


Old variables removed from new files:

 
![TAS_U](../figures/version_comparisons/V39_versus_thredds_day/TAS_U_0.png)
![TAS_U](../figures/version_comparisons/V39_versus_thredds_day/TAS_U_1.png)
![TAS_U](../figures/version_comparisons/V39_versus_thredds_day/TAS_U_2.png)
![TAS_U](../figures/version_comparisons/V39_versus_thredds_day/TAS_U_3.png)
![TAS_U](../figures/version_comparisons/V39_versus_thredds_day/TAS_U_4.png)
![TAS_U](../figures/version_comparisons/V39_versus_thredds_day/TAS_U_5.png)
![TAS_U](../figures/version_comparisons/V39_versus_thredds_day/TAS_U_6.png)
![TAS_U](../figures/version_comparisons/V39_versus_thredds_day/TAS_U_7.png)
![TAS_U](../figures/version_comparisons/V39_versus_thredds_day/TAS_U_8.png)
![TAS_U](../figures/version_comparisons/V39_versus_thredds_day/TAS_U_9.png)
![TAS_U](../figures/version_comparisons/V39_versus_thredds_day/TAS_U_10.png)
![TAS_U](../figures/version_comparisons/V39_versus_thredds_day/TAS_U_11.png)
 
## THU_L
/mnt/ice/Baptiste/geussnow01/dataverse//V39/day/THU_L_day.csv
Variables in new file:
p_u, t_u, rh_u, rh_u_wrt_ice_or_water, qh_u, wspd_u, wdir_u, wspd_x_u, wspd_y_u, dsr, dsr_cor, usr, usr_cor, albedo, dlr, ulr, cc, t_surf, dlhf_u, dshf_u, z_boom_u, z_boom_cor_u, z_stake, z_stake_cor, z_pt, z_pt_cor, z_surf_combined, z_ice_surf, snow_height, t_i_1, t_i_2, t_i_3, t_i_4, t_i_5, t_i_6, t_i_7, t_i_8, d_t_i_1, d_t_i_2, d_t_i_3, d_t_i_4, d_t_i_5, d_t_i_6, d_t_i_7, d_t_i_8, t_i_10m, tilt_x, tilt_y, rot_true, gps_lat, gps_lon, gps_alt, lat, lon, alt, batt_v, t_rad

New variables not in old files:


Old variables removed from new files:

 
![THU_L](../figures/version_comparisons/V39_versus_thredds_day/THU_L_0.png)
![THU_L](../figures/version_comparisons/V39_versus_thredds_day/THU_L_1.png)
![THU_L](../figures/version_comparisons/V39_versus_thredds_day/THU_L_2.png)
![THU_L](../figures/version_comparisons/V39_versus_thredds_day/THU_L_3.png)
![THU_L](../figures/version_comparisons/V39_versus_thredds_day/THU_L_4.png)
![THU_L](../figures/version_comparisons/V39_versus_thredds_day/THU_L_5.png)
![THU_L](../figures/version_comparisons/V39_versus_thredds_day/THU_L_6.png)
![THU_L](../figures/version_comparisons/V39_versus_thredds_day/THU_L_7.png)
![THU_L](../figures/version_comparisons/V39_versus_thredds_day/THU_L_8.png)
![THU_L](../figures/version_comparisons/V39_versus_thredds_day/THU_L_9.png)
![THU_L](../figures/version_comparisons/V39_versus_thredds_day/THU_L_10.png)
![THU_L](../figures/version_comparisons/V39_versus_thredds_day/THU_L_11.png)
 
## THU_L2
/mnt/ice/Baptiste/geussnow01/dataverse//V39/day/THU_L2_day.csv
Variables in new file:
p_u, t_u, rh_u, rh_u_wrt_ice_or_water, qh_u, wspd_u, wdir_u, wspd_x_u, wspd_y_u, dsr, dsr_cor, usr, usr_cor, albedo, dlr, ulr, cc, t_surf, dlhf_u, dshf_u, z_boom_u, z_boom_cor_u, z_stake, z_stake_cor, z_pt, z_pt_cor, z_surf_combined, z_ice_surf, snow_height, t_i_1, t_i_2, t_i_3, t_i_4, t_i_5, t_i_6, t_i_7, t_i_8, d_t_i_1, d_t_i_2, d_t_i_3, d_t_i_4, d_t_i_5, d_t_i_6, d_t_i_7, d_t_i_8, t_i_10m, tilt_x, tilt_y, rot_true, gps_lat, gps_lon, gps_alt, lat, lon, alt, batt_v, t_rad

New variables not in old files:


Old variables removed from new files:

 
![THU_L2](../figures/version_comparisons/V39_versus_thredds_day/THU_L2_0.png)
![THU_L2](../figures/version_comparisons/V39_versus_thredds_day/THU_L2_1.png)
![THU_L2](../figures/version_comparisons/V39_versus_thredds_day/THU_L2_2.png)
![THU_L2](../figures/version_comparisons/V39_versus_thredds_day/THU_L2_3.png)
![THU_L2](../figures/version_comparisons/V39_versus_thredds_day/THU_L2_4.png)
![THU_L2](../figures/version_comparisons/V39_versus_thredds_day/THU_L2_5.png)
![THU_L2](../figures/version_comparisons/V39_versus_thredds_day/THU_L2_6.png)
![THU_L2](../figures/version_comparisons/V39_versus_thredds_day/THU_L2_7.png)
![THU_L2](../figures/version_comparisons/V39_versus_thredds_day/THU_L2_8.png)
![THU_L2](../figures/version_comparisons/V39_versus_thredds_day/THU_L2_9.png)
![THU_L2](../figures/version_comparisons/V39_versus_thredds_day/THU_L2_10.png)
![THU_L2](../figures/version_comparisons/V39_versus_thredds_day/THU_L2_11.png)
 
## THU_U
/mnt/ice/Baptiste/geussnow01/dataverse//V39/day/THU_U_day.csv
Variables in new file:
p_u, t_u, rh_u, rh_u_wrt_ice_or_water, qh_u, wspd_u, wdir_u, wspd_x_u, wspd_y_u, dsr, dsr_cor, usr, usr_cor, albedo, dlr, ulr, cc, t_surf, dlhf_u, dshf_u, z_boom_u, z_boom_cor_u, z_stake, z_stake_cor, z_pt, z_pt_cor, z_surf_combined, z_ice_surf, snow_height, rainfall_u, rainfall_cor_u, t_i_1, t_i_2, t_i_3, t_i_4, t_i_5, t_i_6, t_i_7, t_i_8, d_t_i_1, d_t_i_2, d_t_i_3, d_t_i_4, d_t_i_5, d_t_i_6, d_t_i_7, d_t_i_8, t_i_10m, tilt_x, tilt_y, rot_magnetic, rot_true, gps_lat, gps_lon, gps_alt, lat, lon, alt, batt_v, t_rad

New variables not in old files:


Old variables removed from new files:

 
![THU_U](../figures/version_comparisons/V39_versus_thredds_day/THU_U_0.png)
![THU_U](../figures/version_comparisons/V39_versus_thredds_day/THU_U_1.png)
![THU_U](../figures/version_comparisons/V39_versus_thredds_day/THU_U_2.png)
![THU_U](../figures/version_comparisons/V39_versus_thredds_day/THU_U_3.png)
![THU_U](../figures/version_comparisons/V39_versus_thredds_day/THU_U_4.png)
![THU_U](../figures/version_comparisons/V39_versus_thredds_day/THU_U_5.png)
![THU_U](../figures/version_comparisons/V39_versus_thredds_day/THU_U_6.png)
![THU_U](../figures/version_comparisons/V39_versus_thredds_day/THU_U_7.png)
![THU_U](../figures/version_comparisons/V39_versus_thredds_day/THU_U_8.png)
![THU_U](../figures/version_comparisons/V39_versus_thredds_day/THU_U_9.png)
![THU_U](../figures/version_comparisons/V39_versus_thredds_day/THU_U_10.png)
![THU_U](../figures/version_comparisons/V39_versus_thredds_day/THU_U_11.png)
 
## TUN
/mnt/ice/Baptiste/geussnow01/dataverse//V39/day/TUN_day.csv
Variables in new file:
p_u, p_l, t_u, t_l, rh_u, rh_u_wrt_ice_or_water, qh_u, rh_l, rh_l_wrt_ice_or_water, qh_l, wspd_u, wspd_l, wdir_u, wdir_l, wspd_x_u, wspd_y_u, wspd_x_l, wspd_y_l, dsr, dsr_cor, usr, usr_cor, albedo, dlr, ulr, cc, t_surf, dlhf_u, dlhf_l, dshf_u, dshf_l, z_boom_u, z_boom_cor_u, z_boom_l, z_boom_cor_l, z_surf_combined, snow_height, rainfall_u, rainfall_cor_u, rainfall_l, rainfall_cor_l, t_i_1, t_i_2, t_i_3, t_i_4, t_i_5, t_i_6, t_i_7, t_i_8, t_i_9, t_i_10, t_i_11, d_t_i_1, d_t_i_2, d_t_i_3, d_t_i_4, d_t_i_5, d_t_i_6, d_t_i_7, d_t_i_8, d_t_i_9, d_t_i_10, d_t_i_11, t_i_10m, tilt_x, tilt_y, rot_magnetic, rot_true, gps_lat, gps_lon, gps_alt, lat, lon, alt, batt_v, t_rad

New variables not in old files:


Old variables removed from new files:

 
![TUN](../figures/version_comparisons/V39_versus_thredds_day/TUN_0.png)
![TUN](../figures/version_comparisons/V39_versus_thredds_day/TUN_1.png)
![TUN](../figures/version_comparisons/V39_versus_thredds_day/TUN_2.png)
![TUN](../figures/version_comparisons/V39_versus_thredds_day/TUN_3.png)
![TUN](../figures/version_comparisons/V39_versus_thredds_day/TUN_4.png)
![TUN](../figures/version_comparisons/V39_versus_thredds_day/TUN_5.png)
![TUN](../figures/version_comparisons/V39_versus_thredds_day/TUN_6.png)
![TUN](../figures/version_comparisons/V39_versus_thredds_day/TUN_7.png)
![TUN](../figures/version_comparisons/V39_versus_thredds_day/TUN_8.png)
![TUN](../figures/version_comparisons/V39_versus_thredds_day/TUN_9.png)
![TUN](../figures/version_comparisons/V39_versus_thredds_day/TUN_10.png)
![TUN](../figures/version_comparisons/V39_versus_thredds_day/TUN_11.png)
![TUN](../figures/version_comparisons/V39_versus_thredds_day/TUN_12.png)
![TUN](../figures/version_comparisons/V39_versus_thredds_day/TUN_13.png)
![TUN](../figures/version_comparisons/V39_versus_thredds_day/TUN_14.png)
![TUN](../figures/version_comparisons/V39_versus_thredds_day/TUN_15.png)
 
## UPE_L
/mnt/ice/Baptiste/geussnow01/dataverse//V39/day/UPE_L_day.csv
Variables in new file:
p_u, t_u, rh_u, rh_u_wrt_ice_or_water, qh_u, wspd_u, wdir_u, wspd_x_u, wspd_y_u, dsr, dsr_cor, usr, usr_cor, albedo, dlr, ulr, cc, t_surf, dlhf_u, dshf_u, z_boom_u, z_boom_cor_u, z_stake, z_stake_cor, z_pt, z_pt_cor, z_surf_combined, z_ice_surf, snow_height, t_i_1, t_i_2, t_i_3, t_i_4, t_i_5, t_i_6, t_i_7, t_i_8, d_t_i_1, d_t_i_2, d_t_i_3, d_t_i_4, d_t_i_5, d_t_i_6, d_t_i_7, d_t_i_8, t_i_10m, tilt_x, tilt_y, rot_true, gps_lat, gps_lon, gps_alt, lat, lon, alt, batt_v, t_rad

New variables not in old files:


Old variables removed from new files:

 
![UPE_L](../figures/version_comparisons/V39_versus_thredds_day/UPE_L_0.png)
![UPE_L](../figures/version_comparisons/V39_versus_thredds_day/UPE_L_1.png)
![UPE_L](../figures/version_comparisons/V39_versus_thredds_day/UPE_L_2.png)
![UPE_L](../figures/version_comparisons/V39_versus_thredds_day/UPE_L_3.png)
![UPE_L](../figures/version_comparisons/V39_versus_thredds_day/UPE_L_4.png)
![UPE_L](../figures/version_comparisons/V39_versus_thredds_day/UPE_L_5.png)
![UPE_L](../figures/version_comparisons/V39_versus_thredds_day/UPE_L_6.png)
![UPE_L](../figures/version_comparisons/V39_versus_thredds_day/UPE_L_7.png)
![UPE_L](../figures/version_comparisons/V39_versus_thredds_day/UPE_L_8.png)
![UPE_L](../figures/version_comparisons/V39_versus_thredds_day/UPE_L_9.png)
![UPE_L](../figures/version_comparisons/V39_versus_thredds_day/UPE_L_10.png)
![UPE_L](../figures/version_comparisons/V39_versus_thredds_day/UPE_L_11.png)
 
## UPE_U
/mnt/ice/Baptiste/geussnow01/dataverse//V39/day/UPE_U_day.csv
Variables in new file:
p_u, t_u, rh_u, rh_u_wrt_ice_or_water, qh_u, wspd_u, wdir_u, wspd_x_u, wspd_y_u, dsr, dsr_cor, usr, usr_cor, albedo, dlr, ulr, cc, t_surf, dlhf_u, dshf_u, z_boom_u, z_boom_cor_u, z_stake, z_stake_cor, z_pt, z_pt_cor, z_surf_combined, z_ice_surf, snow_height, t_i_1, t_i_2, t_i_3, t_i_4, t_i_5, t_i_6, t_i_7, t_i_8, d_t_i_1, d_t_i_2, d_t_i_3, d_t_i_4, d_t_i_5, d_t_i_6, d_t_i_7, d_t_i_8, t_i_10m, tilt_x, tilt_y, rot_true, gps_lat, gps_lon, gps_alt, lat, lon, alt, batt_v, t_rad

New variables not in old files:


Old variables removed from new files:

 
![UPE_U](../figures/version_comparisons/V39_versus_thredds_day/UPE_U_0.png)
![UPE_U](../figures/version_comparisons/V39_versus_thredds_day/UPE_U_1.png)
![UPE_U](../figures/version_comparisons/V39_versus_thredds_day/UPE_U_2.png)
![UPE_U](../figures/version_comparisons/V39_versus_thredds_day/UPE_U_3.png)
![UPE_U](../figures/version_comparisons/V39_versus_thredds_day/UPE_U_4.png)
![UPE_U](../figures/version_comparisons/V39_versus_thredds_day/UPE_U_5.png)
![UPE_U](../figures/version_comparisons/V39_versus_thredds_day/UPE_U_6.png)
![UPE_U](../figures/version_comparisons/V39_versus_thredds_day/UPE_U_7.png)
![UPE_U](../figures/version_comparisons/V39_versus_thredds_day/UPE_U_8.png)
![UPE_U](../figures/version_comparisons/V39_versus_thredds_day/UPE_U_9.png)
![UPE_U](../figures/version_comparisons/V39_versus_thredds_day/UPE_U_10.png)
![UPE_U](../figures/version_comparisons/V39_versus_thredds_day/UPE_U_11.png)
 
## WEG_B
/mnt/ice/Baptiste/geussnow01/dataverse//V39/day/WEG_B_day.csv
Variables in new file:
p_u, t_u, rh_u, rh_u_wrt_ice_or_water, qh_u, wspd_u, wdir_u, wspd_x_u, wspd_y_u, dsr, usr, albedo, dlr, ulr, t_surf, z_boom_u, z_boom_cor_u, z_surf_combined, snow_height, rainfall_u, rainfall_cor_u, tilt_x, tilt_y, rot_magnetic, rot_true, gps_lat, gps_lon, gps_alt, lat, lon, alt, batt_v, t_rad

New variables not in old files:


Old variables removed from new files:

 
![WEG_B](../figures/version_comparisons/V39_versus_thredds_day/WEG_B_0.png)
![WEG_B](../figures/version_comparisons/V39_versus_thredds_day/WEG_B_1.png)
![WEG_B](../figures/version_comparisons/V39_versus_thredds_day/WEG_B_2.png)
![WEG_B](../figures/version_comparisons/V39_versus_thredds_day/WEG_B_3.png)
![WEG_B](../figures/version_comparisons/V39_versus_thredds_day/WEG_B_4.png)
![WEG_B](../figures/version_comparisons/V39_versus_thredds_day/WEG_B_5.png)
![WEG_B](../figures/version_comparisons/V39_versus_thredds_day/WEG_B_6.png)
 
## WEG_L
/mnt/ice/Baptiste/geussnow01/dataverse//V39/day/WEG_L_day.csv
Variables in new file:
p_u, t_u, rh_u, rh_u_wrt_ice_or_water, qh_u, wspd_u, wdir_u, wspd_x_u, wspd_y_u, dsr, dsr_cor, usr, usr_cor, albedo, dlr, ulr, cc, t_surf, dlhf_u, dshf_u, z_boom_u, z_boom_cor_u, z_stake, z_stake_cor, z_pt, z_pt_cor, z_surf_combined, z_ice_surf, snow_height, rainfall_u, rainfall_cor_u, t_i_1, t_i_2, t_i_3, t_i_4, t_i_5, t_i_6, t_i_7, t_i_8, d_t_i_1, d_t_i_2, d_t_i_3, d_t_i_4, d_t_i_5, d_t_i_6, d_t_i_7, d_t_i_8, tilt_x, tilt_y, rot_magnetic, rot_true, gps_lat, gps_lon, gps_alt, lat, lon, alt, batt_v, t_rad

New variables not in old files:


Old variables removed from new files:

 
![WEG_L](../figures/version_comparisons/V39_versus_thredds_day/WEG_L_0.png)
![WEG_L](../figures/version_comparisons/V39_versus_thredds_day/WEG_L_1.png)
![WEG_L](../figures/version_comparisons/V39_versus_thredds_day/WEG_L_2.png)
![WEG_L](../figures/version_comparisons/V39_versus_thredds_day/WEG_L_3.png)
![WEG_L](../figures/version_comparisons/V39_versus_thredds_day/WEG_L_4.png)
![WEG_L](../figures/version_comparisons/V39_versus_thredds_day/WEG_L_5.png)
![WEG_L](../figures/version_comparisons/V39_versus_thredds_day/WEG_L_6.png)
![WEG_L](../figures/version_comparisons/V39_versus_thredds_day/WEG_L_7.png)
![WEG_L](../figures/version_comparisons/V39_versus_thredds_day/WEG_L_8.png)
![WEG_L](../figures/version_comparisons/V39_versus_thredds_day/WEG_L_9.png)
![WEG_L](../figures/version_comparisons/V39_versus_thredds_day/WEG_L_10.png)
![WEG_L](../figures/version_comparisons/V39_versus_thredds_day/WEG_L_11.png)
 
## ZAC_A
/mnt/ice/Baptiste/geussnow01/dataverse//V39/day/ZAC_A_day.csv
Variables in new file:
p_u, p_l, t_u, t_l, rh_u, rh_u_wrt_ice_or_water, qh_u, rh_l, rh_l_wrt_ice_or_water, qh_l, wspd_u, wspd_l, wdir_u, wdir_l, wspd_x_u, wspd_y_u, wspd_x_l, wspd_y_l, dsr, dsr_cor, usr, usr_cor, albedo, dlr, ulr, cc, t_surf, dlhf_u, dlhf_l, dshf_u, dshf_l, z_boom_u, z_boom_cor_u, z_boom_l, z_boom_cor_l, z_stake, z_surf_combined, snow_height, rainfall_u, rainfall_cor_u, rainfall_l, rainfall_cor_l, t_i_1, t_i_2, t_i_3, t_i_4, t_i_5, t_i_6, t_i_7, t_i_8, t_i_9, t_i_10, t_i_11, d_t_i_1, d_t_i_2, d_t_i_3, d_t_i_4, d_t_i_5, d_t_i_6, d_t_i_7, d_t_i_8, d_t_i_9, d_t_i_10, d_t_i_11, t_i_10m, tilt_x, tilt_y, rot_magnetic, rot_true, gps_lat, gps_lon, gps_alt, lat, lon, alt, batt_v, t_rad

New variables not in old files:


Old variables removed from new files:

 
![ZAC_A](../figures/version_comparisons/V39_versus_thredds_day/ZAC_A_0.png)
![ZAC_A](../figures/version_comparisons/V39_versus_thredds_day/ZAC_A_1.png)
![ZAC_A](../figures/version_comparisons/V39_versus_thredds_day/ZAC_A_2.png)
![ZAC_A](../figures/version_comparisons/V39_versus_thredds_day/ZAC_A_3.png)
![ZAC_A](../figures/version_comparisons/V39_versus_thredds_day/ZAC_A_4.png)
![ZAC_A](../figures/version_comparisons/V39_versus_thredds_day/ZAC_A_5.png)
![ZAC_A](../figures/version_comparisons/V39_versus_thredds_day/ZAC_A_6.png)
![ZAC_A](../figures/version_comparisons/V39_versus_thredds_day/ZAC_A_7.png)
![ZAC_A](../figures/version_comparisons/V39_versus_thredds_day/ZAC_A_8.png)
![ZAC_A](../figures/version_comparisons/V39_versus_thredds_day/ZAC_A_9.png)
![ZAC_A](../figures/version_comparisons/V39_versus_thredds_day/ZAC_A_10.png)
![ZAC_A](../figures/version_comparisons/V39_versus_thredds_day/ZAC_A_11.png)
![ZAC_A](../figures/version_comparisons/V39_versus_thredds_day/ZAC_A_12.png)
![ZAC_A](../figures/version_comparisons/V39_versus_thredds_day/ZAC_A_13.png)
![ZAC_A](../figures/version_comparisons/V39_versus_thredds_day/ZAC_A_14.png)
![ZAC_A](../figures/version_comparisons/V39_versus_thredds_day/ZAC_A_15.png)
 
## ZAC_L
/mnt/ice/Baptiste/geussnow01/dataverse//V39/day/ZAC_L_day.csv
Variables in new file:
p_u, t_u, rh_u, rh_u_wrt_ice_or_water, qh_u, wspd_u, wdir_u, wspd_x_u, wspd_y_u, dsr, dsr_cor, usr, usr_cor, albedo, dlr, ulr, cc, t_surf, dlhf_u, dshf_u, z_boom_u, z_boom_cor_u, z_stake, z_stake_cor, z_pt, z_pt_cor, z_surf_combined, z_ice_surf, snow_height, rainfall_u, rainfall_cor_u, t_i_1, t_i_2, t_i_3, t_i_4, t_i_5, t_i_6, t_i_7, t_i_8, d_t_i_1, d_t_i_2, d_t_i_3, d_t_i_4, d_t_i_5, d_t_i_6, d_t_i_7, d_t_i_8, t_i_10m, tilt_x, tilt_y, rot_magnetic, rot_true, gps_lat, gps_lon, gps_alt, lat, lon, alt, batt_v, t_rad

New variables not in old files:


Old variables removed from new files:

 
![ZAC_L](../figures/version_comparisons/V39_versus_thredds_day/ZAC_L_0.png)
![ZAC_L](../figures/version_comparisons/V39_versus_thredds_day/ZAC_L_1.png)
![ZAC_L](../figures/version_comparisons/V39_versus_thredds_day/ZAC_L_2.png)
![ZAC_L](../figures/version_comparisons/V39_versus_thredds_day/ZAC_L_3.png)
![ZAC_L](../figures/version_comparisons/V39_versus_thredds_day/ZAC_L_4.png)
![ZAC_L](../figures/version_comparisons/V39_versus_thredds_day/ZAC_L_5.png)
![ZAC_L](../figures/version_comparisons/V39_versus_thredds_day/ZAC_L_6.png)
![ZAC_L](../figures/version_comparisons/V39_versus_thredds_day/ZAC_L_7.png)
![ZAC_L](../figures/version_comparisons/V39_versus_thredds_day/ZAC_L_8.png)
![ZAC_L](../figures/version_comparisons/V39_versus_thredds_day/ZAC_L_9.png)
![ZAC_L](../figures/version_comparisons/V39_versus_thredds_day/ZAC_L_10.png)
![ZAC_L](../figures/version_comparisons/V39_versus_thredds_day/ZAC_L_11.png)
 
## ZAC_U
/mnt/ice/Baptiste/geussnow01/dataverse//V39/day/ZAC_U_day.csv
Variables in new file:
p_u, t_u, rh_u, rh_u_wrt_ice_or_water, qh_u, wspd_u, wdir_u, wspd_x_u, wspd_y_u, dsr, dsr_cor, usr, usr_cor, albedo, dlr, ulr, cc, t_surf, dlhf_u, dshf_u, z_boom_u, z_boom_cor_u, z_stake, z_stake_cor, z_pt, z_pt_cor, z_surf_combined, z_ice_surf, snow_height, rainfall_u, rainfall_cor_u, t_i_1, t_i_2, t_i_3, t_i_4, t_i_5, t_i_6, t_i_7, t_i_8, d_t_i_1, d_t_i_2, d_t_i_3, d_t_i_4, d_t_i_5, d_t_i_6, d_t_i_7, d_t_i_8, t_i_10m, tilt_x, tilt_y, rot_magnetic, rot_true, gps_lat, gps_lon, gps_alt, lat, lon, alt, batt_v, t_rad

New variables not in old files:


Old variables removed from new files:

 
![ZAC_U](../figures/version_comparisons/V39_versus_thredds_day/ZAC_U_0.png)
![ZAC_U](../figures/version_comparisons/V39_versus_thredds_day/ZAC_U_1.png)
![ZAC_U](../figures/version_comparisons/V39_versus_thredds_day/ZAC_U_2.png)
![ZAC_U](../figures/version_comparisons/V39_versus_thredds_day/ZAC_U_3.png)
![ZAC_U](../figures/version_comparisons/V39_versus_thredds_day/ZAC_U_4.png)
![ZAC_U](../figures/version_comparisons/V39_versus_thredds_day/ZAC_U_5.png)
![ZAC_U](../figures/version_comparisons/V39_versus_thredds_day/ZAC_U_6.png)
![ZAC_U](../figures/version_comparisons/V39_versus_thredds_day/ZAC_U_7.png)
![ZAC_U](../figures/version_comparisons/V39_versus_thredds_day/ZAC_U_8.png)
![ZAC_U](../figures/version_comparisons/V39_versus_thredds_day/ZAC_U_9.png)
![ZAC_U](../figures/version_comparisons/V39_versus_thredds_day/ZAC_U_10.png)
![ZAC_U](../figures/version_comparisons/V39_versus_thredds_day/ZAC_U_11.png)
 
# Comparison of data thredds to V39 (old).
## CEN
/mnt/ice/Baptiste/geussnow01/dataverse//V39/hour/CEN_hour.csv
Variables in new file:
p_u, p_l, t_u, t_l, rh_u, rh_u_wrt_ice_or_water, qh_u, rh_l, rh_l_wrt_ice_or_water, qh_l, wspd_u, wspd_l, wdir_u, wdir_l, wspd_x_u, wspd_y_u, wspd_x_l, wspd_y_l, dsr, dsr_cor, usr, usr_cor, albedo, dlr, ulr, cc, t_surf, dlhf_u, dlhf_l, dshf_u, dshf_l, z_boom_u, z_boom_cor_u, z_boom_l, z_boom_cor_l, z_stake, z_stake_cor, z_surf_combined, snow_height, rainfall_u, rainfall_cor_u, rainfall_l, rainfall_cor_l, t_i_1, t_i_2, t_i_3, t_i_4, t_i_5, t_i_6, t_i_7, t_i_8, t_i_9, t_i_10, t_i_11, d_t_i_1, d_t_i_2, d_t_i_3, d_t_i_4, d_t_i_5, d_t_i_6, d_t_i_7, d_t_i_8, d_t_i_9, d_t_i_10, d_t_i_11, t_i_10m, tilt_x, tilt_y, rot_magnetic, rot_true, gps_lat, gps_lon, gps_alt, lat, lon, alt, batt_v, t_rad, p_i, t_i, rh_i, rh_i_wrt_ice_or_water, wspd_i, wdir_i, wspd_x_i, wspd_y_i

New variables not in old files:


Old variables removed from new files:

 
![CEN](../figures/version_comparisons/V39_versus_thredds_hour/CEN_0.png)
![CEN](../figures/version_comparisons/V39_versus_thredds_hour/CEN_1.png)
![CEN](../figures/version_comparisons/V39_versus_thredds_hour/CEN_2.png)
![CEN](../figures/version_comparisons/V39_versus_thredds_hour/CEN_3.png)
![CEN](../figures/version_comparisons/V39_versus_thredds_hour/CEN_4.png)
![CEN](../figures/version_comparisons/V39_versus_thredds_hour/CEN_5.png)
![CEN](../figures/version_comparisons/V39_versus_thredds_hour/CEN_6.png)
![CEN](../figures/version_comparisons/V39_versus_thredds_hour/CEN_7.png)
![CEN](../figures/version_comparisons/V39_versus_thredds_hour/CEN_8.png)
![CEN](../figures/version_comparisons/V39_versus_thredds_hour/CEN_9.png)
![CEN](../figures/version_comparisons/V39_versus_thredds_hour/CEN_10.png)
![CEN](../figures/version_comparisons/V39_versus_thredds_hour/CEN_11.png)
![CEN](../figures/version_comparisons/V39_versus_thredds_hour/CEN_12.png)
![CEN](../figures/version_comparisons/V39_versus_thredds_hour/CEN_13.png)
![CEN](../figures/version_comparisons/V39_versus_thredds_hour/CEN_14.png)
![CEN](../figures/version_comparisons/V39_versus_thredds_hour/CEN_15.png)
![CEN](../figures/version_comparisons/V39_versus_thredds_hour/CEN_16.png)
![CEN](../figures/version_comparisons/V39_versus_thredds_hour/CEN_17.png)
 
## CP1
/mnt/ice/Baptiste/geussnow01/dataverse//V39/hour/CP1_hour.csv
Variables in new file:
p_u, p_l, t_u, t_l, rh_u, rh_u_wrt_ice_or_water, qh_u, rh_l, rh_l_wrt_ice_or_water, qh_l, wspd_u, wspd_l, wdir_u, wdir_l, wspd_x_u, wspd_y_u, wspd_x_l, wspd_y_l, dsr, dsr_cor, usr, usr_cor, albedo, dlr, ulr, cc, t_surf, dlhf_u, dlhf_l, dshf_u, dshf_l, z_boom_u, z_boom_cor_u, z_boom_l, z_boom_cor_l, z_surf_combined, snow_height, rainfall_u, rainfall_cor_u, rainfall_l, rainfall_cor_l, t_i_1, t_i_2, t_i_3, t_i_4, t_i_5, t_i_6, t_i_7, t_i_8, t_i_9, t_i_10, t_i_11, d_t_i_1, d_t_i_2, d_t_i_3, d_t_i_4, d_t_i_5, d_t_i_6, d_t_i_7, d_t_i_8, d_t_i_9, d_t_i_10, d_t_i_11, t_i_10m, tilt_x, tilt_y, rot_magnetic, rot_true, gps_lat, gps_lon, gps_alt, lat, lon, alt, batt_v, t_rad, p_i, t_i, rh_i, rh_i_wrt_ice_or_water, wspd_i, wdir_i, wspd_x_i, wspd_y_i

New variables not in old files:


Old variables removed from new files:

 
![CP1](../figures/version_comparisons/V39_versus_thredds_hour/CP1_0.png)
![CP1](../figures/version_comparisons/V39_versus_thredds_hour/CP1_1.png)
![CP1](../figures/version_comparisons/V39_versus_thredds_hour/CP1_2.png)
![CP1](../figures/version_comparisons/V39_versus_thredds_hour/CP1_3.png)
![CP1](../figures/version_comparisons/V39_versus_thredds_hour/CP1_4.png)
![CP1](../figures/version_comparisons/V39_versus_thredds_hour/CP1_5.png)
![CP1](../figures/version_comparisons/V39_versus_thredds_hour/CP1_6.png)
![CP1](../figures/version_comparisons/V39_versus_thredds_hour/CP1_7.png)
![CP1](../figures/version_comparisons/V39_versus_thredds_hour/CP1_8.png)
![CP1](../figures/version_comparisons/V39_versus_thredds_hour/CP1_9.png)
![CP1](../figures/version_comparisons/V39_versus_thredds_hour/CP1_10.png)
![CP1](../figures/version_comparisons/V39_versus_thredds_hour/CP1_11.png)
![CP1](../figures/version_comparisons/V39_versus_thredds_hour/CP1_12.png)
![CP1](../figures/version_comparisons/V39_versus_thredds_hour/CP1_13.png)
![CP1](../figures/version_comparisons/V39_versus_thredds_hour/CP1_14.png)
![CP1](../figures/version_comparisons/V39_versus_thredds_hour/CP1_15.png)
![CP1](../figures/version_comparisons/V39_versus_thredds_hour/CP1_16.png)
 
## DY2
/mnt/ice/Baptiste/geussnow01/dataverse//V39/hour/DY2_hour.csv
Variables in new file:
p_u, p_l, t_u, t_l, rh_u, rh_u_wrt_ice_or_water, qh_u, rh_l, rh_l_wrt_ice_or_water, qh_l, wspd_u, wspd_l, wdir_u, wdir_l, wspd_x_u, wspd_y_u, wspd_x_l, wspd_y_l, dsr, dsr_cor, usr, usr_cor, albedo, dlr, ulr, cc, t_surf, dlhf_u, dlhf_l, dshf_u, dshf_l, z_boom_u, z_boom_cor_u, z_boom_l, z_boom_cor_l, z_surf_combined, snow_height, rainfall_u, rainfall_cor_u, rainfall_l, rainfall_cor_l, t_i_1, t_i_2, t_i_3, t_i_4, t_i_5, t_i_6, t_i_7, t_i_8, t_i_9, t_i_10, t_i_11, d_t_i_1, d_t_i_2, d_t_i_3, d_t_i_4, d_t_i_5, d_t_i_6, d_t_i_7, d_t_i_8, d_t_i_9, d_t_i_10, d_t_i_11, t_i_10m, tilt_x, tilt_y, rot_magnetic, rot_true, gps_lat, gps_lon, gps_alt, lat, lon, alt, batt_v, t_rad, p_i, t_i, rh_i, rh_i_wrt_ice_or_water, wspd_i, wdir_i, wspd_x_i, wspd_y_i

New variables not in old files:


Old variables removed from new files:

 
![DY2](../figures/version_comparisons/V39_versus_thredds_hour/DY2_0.png)
![DY2](../figures/version_comparisons/V39_versus_thredds_hour/DY2_1.png)
![DY2](../figures/version_comparisons/V39_versus_thredds_hour/DY2_2.png)
![DY2](../figures/version_comparisons/V39_versus_thredds_hour/DY2_3.png)
![DY2](../figures/version_comparisons/V39_versus_thredds_hour/DY2_4.png)
![DY2](../figures/version_comparisons/V39_versus_thredds_hour/DY2_5.png)
![DY2](../figures/version_comparisons/V39_versus_thredds_hour/DY2_6.png)
![DY2](../figures/version_comparisons/V39_versus_thredds_hour/DY2_7.png)
![DY2](../figures/version_comparisons/V39_versus_thredds_hour/DY2_8.png)
![DY2](../figures/version_comparisons/V39_versus_thredds_hour/DY2_9.png)
![DY2](../figures/version_comparisons/V39_versus_thredds_hour/DY2_10.png)
![DY2](../figures/version_comparisons/V39_versus_thredds_hour/DY2_11.png)
![DY2](../figures/version_comparisons/V39_versus_thredds_hour/DY2_12.png)
![DY2](../figures/version_comparisons/V39_versus_thredds_hour/DY2_13.png)
![DY2](../figures/version_comparisons/V39_versus_thredds_hour/DY2_14.png)
![DY2](../figures/version_comparisons/V39_versus_thredds_hour/DY2_15.png)
![DY2](../figures/version_comparisons/V39_versus_thredds_hour/DY2_16.png)
 
## EGP
/mnt/ice/Baptiste/geussnow01/dataverse//V39/hour/EGP_hour.csv
Variables in new file:
p_u, t_u, t_l, rh_u, rh_u_wrt_ice_or_water, qh_u, rh_l, rh_l_wrt_ice_or_water, qh_l, wspd_u, wspd_l, wdir_u, wdir_l, wspd_x_u, wspd_y_u, wspd_x_l, wspd_y_l, dsr, dsr_cor, usr, usr_cor, albedo, dlr, ulr, cc, t_surf, dlhf_u, dshf_u, z_boom_u, z_boom_cor_u, z_boom_l, z_boom_cor_l, z_stake, z_stake_cor, z_surf_combined, snow_height, rainfall_u, rainfall_cor_u, t_i_1, t_i_2, t_i_3, t_i_4, t_i_5, t_i_6, t_i_7, t_i_8, t_i_9, t_i_10, t_i_11, d_t_i_1, d_t_i_2, d_t_i_3, d_t_i_4, d_t_i_5, d_t_i_6, d_t_i_7, d_t_i_8, d_t_i_9, d_t_i_10, d_t_i_11, t_i_10m, tilt_x, tilt_y, rot_magnetic, rot_true, gps_lat, gps_lon, gps_alt, lat, lon, alt, batt_v, t_rad, p_i, t_i, rh_i, rh_i_wrt_ice_or_water, wspd_i, wdir_i, wspd_x_i, wspd_y_i

New variables not in old files:


Old variables removed from new files:

 
![EGP](../figures/version_comparisons/V39_versus_thredds_hour/EGP_0.png)
![EGP](../figures/version_comparisons/V39_versus_thredds_hour/EGP_1.png)
![EGP](../figures/version_comparisons/V39_versus_thredds_hour/EGP_2.png)
![EGP](../figures/version_comparisons/V39_versus_thredds_hour/EGP_3.png)
![EGP](../figures/version_comparisons/V39_versus_thredds_hour/EGP_4.png)
![EGP](../figures/version_comparisons/V39_versus_thredds_hour/EGP_5.png)
![EGP](../figures/version_comparisons/V39_versus_thredds_hour/EGP_6.png)
![EGP](../figures/version_comparisons/V39_versus_thredds_hour/EGP_7.png)
![EGP](../figures/version_comparisons/V39_versus_thredds_hour/EGP_8.png)
![EGP](../figures/version_comparisons/V39_versus_thredds_hour/EGP_9.png)
![EGP](../figures/version_comparisons/V39_versus_thredds_hour/EGP_10.png)
![EGP](../figures/version_comparisons/V39_versus_thredds_hour/EGP_11.png)
![EGP](../figures/version_comparisons/V39_versus_thredds_hour/EGP_12.png)
![EGP](../figures/version_comparisons/V39_versus_thredds_hour/EGP_13.png)
![EGP](../figures/version_comparisons/V39_versus_thredds_hour/EGP_14.png)
![EGP](../figures/version_comparisons/V39_versus_thredds_hour/EGP_15.png)
![EGP](../figures/version_comparisons/V39_versus_thredds_hour/EGP_16.png)
 
## FRE
/mnt/ice/Baptiste/geussnow01/dataverse//V39/hour/FRE_hour.csv
Variables in new file:
p_u, t_u, rh_u, rh_u_wrt_ice_or_water, qh_u, wspd_u, wdir_u, wspd_x_u, wspd_y_u, dsr, dsr_cor, usr, usr_cor, albedo, dlr, ulr, cc, t_surf, dlhf_u, dshf_u, z_boom_u, z_boom_cor_u, z_stake, z_stake_cor, z_pt, z_pt_cor, z_surf_combined, z_ice_surf, snow_height, t_i_1, t_i_2, t_i_3, t_i_4, t_i_5, t_i_6, t_i_7, t_i_8, d_t_i_1, d_t_i_2, d_t_i_3, d_t_i_4, d_t_i_5, d_t_i_6, d_t_i_7, d_t_i_8, t_i_10m, tilt_x, tilt_y, rot_true, gps_lat, gps_lon, gps_alt, lat, lon, alt, batt_v, t_rad, p_i, t_i, rh_i, rh_i_wrt_ice_or_water, wspd_i, wdir_i, wspd_x_i, wspd_y_i

New variables not in old files:


Old variables removed from new files:

 
![FRE](../figures/version_comparisons/V39_versus_thredds_hour/FRE_0.png)
![FRE](../figures/version_comparisons/V39_versus_thredds_hour/FRE_1.png)
![FRE](../figures/version_comparisons/V39_versus_thredds_hour/FRE_2.png)
![FRE](../figures/version_comparisons/V39_versus_thredds_hour/FRE_3.png)
![FRE](../figures/version_comparisons/V39_versus_thredds_hour/FRE_4.png)
![FRE](../figures/version_comparisons/V39_versus_thredds_hour/FRE_5.png)
![FRE](../figures/version_comparisons/V39_versus_thredds_hour/FRE_6.png)
![FRE](../figures/version_comparisons/V39_versus_thredds_hour/FRE_7.png)
![FRE](../figures/version_comparisons/V39_versus_thredds_hour/FRE_8.png)
![FRE](../figures/version_comparisons/V39_versus_thredds_hour/FRE_9.png)
![FRE](../figures/version_comparisons/V39_versus_thredds_hour/FRE_10.png)
![FRE](../figures/version_comparisons/V39_versus_thredds_hour/FRE_11.png)
![FRE](../figures/version_comparisons/V39_versus_thredds_hour/FRE_12.png)
 
## HUM
/mnt/ice/Baptiste/geussnow01/dataverse//V39/hour/HUM_hour.csv
Variables in new file:
p_u, p_l, t_u, t_l, rh_u, rh_u_wrt_ice_or_water, qh_u, rh_l, rh_l_wrt_ice_or_water, qh_l, wspd_u, wspd_l, wdir_u, wdir_l, wspd_x_u, wspd_y_u, wspd_x_l, wspd_y_l, dsr, dsr_cor, usr, usr_cor, albedo, dlr, ulr, cc, t_surf, dlhf_u, dlhf_l, dshf_u, dshf_l, z_boom_u, z_boom_cor_u, z_boom_l, z_boom_cor_l, z_surf_combined, snow_height, rainfall_u, rainfall_cor_u, rainfall_l, rainfall_cor_l, t_i_1, t_i_2, t_i_3, t_i_4, t_i_5, t_i_6, t_i_7, t_i_8, t_i_9, t_i_10, t_i_11, d_t_i_1, d_t_i_2, d_t_i_3, d_t_i_4, d_t_i_5, d_t_i_6, d_t_i_7, d_t_i_8, d_t_i_9, d_t_i_10, d_t_i_11, t_i_10m, tilt_x, tilt_y, rot_magnetic, rot_true, gps_lat, gps_lon, gps_alt, lat, lon, alt, batt_v, t_rad, p_i, t_i, rh_i, rh_i_wrt_ice_or_water, wspd_i, wdir_i, wspd_x_i, wspd_y_i

New variables not in old files:


Old variables removed from new files:

 
![HUM](../figures/version_comparisons/V39_versus_thredds_hour/HUM_0.png)
![HUM](../figures/version_comparisons/V39_versus_thredds_hour/HUM_1.png)
![HUM](../figures/version_comparisons/V39_versus_thredds_hour/HUM_2.png)
![HUM](../figures/version_comparisons/V39_versus_thredds_hour/HUM_3.png)
![HUM](../figures/version_comparisons/V39_versus_thredds_hour/HUM_4.png)
![HUM](../figures/version_comparisons/V39_versus_thredds_hour/HUM_5.png)
![HUM](../figures/version_comparisons/V39_versus_thredds_hour/HUM_6.png)
![HUM](../figures/version_comparisons/V39_versus_thredds_hour/HUM_7.png)
![HUM](../figures/version_comparisons/V39_versus_thredds_hour/HUM_8.png)
![HUM](../figures/version_comparisons/V39_versus_thredds_hour/HUM_9.png)
![HUM](../figures/version_comparisons/V39_versus_thredds_hour/HUM_10.png)
![HUM](../figures/version_comparisons/V39_versus_thredds_hour/HUM_11.png)
![HUM](../figures/version_comparisons/V39_versus_thredds_hour/HUM_12.png)
![HUM](../figures/version_comparisons/V39_versus_thredds_hour/HUM_13.png)
![HUM](../figures/version_comparisons/V39_versus_thredds_hour/HUM_14.png)
![HUM](../figures/version_comparisons/V39_versus_thredds_hour/HUM_15.png)
![HUM](../figures/version_comparisons/V39_versus_thredds_hour/HUM_16.png)
 
## JAR
/mnt/ice/Baptiste/geussnow01/dataverse//V39/hour/JAR_hour.csv
Variables in new file:
p_u, t_u, t_l, rh_u, rh_u_wrt_ice_or_water, qh_u, rh_l, rh_l_wrt_ice_or_water, qh_l, wspd_u, wspd_l, wdir_u, wdir_l, wspd_x_u, wspd_y_u, wspd_x_l, wspd_y_l, dsr, dsr_cor, usr, usr_cor, albedo, dlr, ulr, cc, t_surf, dlhf_u, dshf_u, z_boom_u, z_boom_cor_u, z_boom_cor_l, z_stake, z_stake_cor, z_pt, z_pt_cor, z_surf_combined, z_ice_surf, snow_height, rainfall_u, rainfall_cor_u, t_i_1, t_i_2, t_i_3, t_i_4, t_i_5, t_i_6, t_i_7, t_i_8, t_i_9, t_i_10, d_t_i_1, d_t_i_2, d_t_i_3, d_t_i_4, d_t_i_5, d_t_i_6, d_t_i_7, d_t_i_8, d_t_i_9, d_t_i_10, t_i_10m, tilt_x, tilt_y, rot_magnetic, rot_true, gps_lat, gps_lon, gps_alt, lat, lon, alt, batt_v, t_rad, p_i, t_i, rh_i, rh_i_wrt_ice_or_water, wspd_i, wdir_i, wspd_x_i, wspd_y_i

New variables not in old files:


Old variables removed from new files:

 
![JAR](../figures/version_comparisons/V39_versus_thredds_hour/JAR_0.png)
![JAR](../figures/version_comparisons/V39_versus_thredds_hour/JAR_1.png)
![JAR](../figures/version_comparisons/V39_versus_thredds_hour/JAR_2.png)
![JAR](../figures/version_comparisons/V39_versus_thredds_hour/JAR_3.png)
![JAR](../figures/version_comparisons/V39_versus_thredds_hour/JAR_4.png)
![JAR](../figures/version_comparisons/V39_versus_thredds_hour/JAR_5.png)
![JAR](../figures/version_comparisons/V39_versus_thredds_hour/JAR_6.png)
![JAR](../figures/version_comparisons/V39_versus_thredds_hour/JAR_7.png)
![JAR](../figures/version_comparisons/V39_versus_thredds_hour/JAR_8.png)
![JAR](../figures/version_comparisons/V39_versus_thredds_hour/JAR_9.png)
![JAR](../figures/version_comparisons/V39_versus_thredds_hour/JAR_10.png)
![JAR](../figures/version_comparisons/V39_versus_thredds_hour/JAR_11.png)
![JAR](../figures/version_comparisons/V39_versus_thredds_hour/JAR_12.png)
![JAR](../figures/version_comparisons/V39_versus_thredds_hour/JAR_13.png)
![JAR](../figures/version_comparisons/V39_versus_thredds_hour/JAR_14.png)
![JAR](../figures/version_comparisons/V39_versus_thredds_hour/JAR_15.png)
![JAR](../figures/version_comparisons/V39_versus_thredds_hour/JAR_16.png)
 
## KAN_B
/mnt/ice/Baptiste/geussnow01/dataverse//V39/hour/KAN_B_hour.csv
Variables in new file:
p_u, t_u, rh_u, rh_u_wrt_ice_or_water, qh_u, wspd_u, wdir_u, wspd_x_u, wspd_y_u, dsr, usr, albedo, dlr, ulr, t_surf, z_boom_u, z_boom_cor_u, z_surf_combined, snow_height, rainfall_u, rainfall_cor_u, rot_true, lat, lon, alt, batt_v, t_rad, p_i, t_i, rh_i, rh_i_wrt_ice_or_water, wspd_i, wdir_i, wspd_x_i, wspd_y_i

New variables not in old files:


Old variables removed from new files:

 
![KAN_B](../figures/version_comparisons/V39_versus_thredds_hour/KAN_B_0.png)
![KAN_B](../figures/version_comparisons/V39_versus_thredds_hour/KAN_B_1.png)
![KAN_B](../figures/version_comparisons/V39_versus_thredds_hour/KAN_B_2.png)
![KAN_B](../figures/version_comparisons/V39_versus_thredds_hour/KAN_B_3.png)
![KAN_B](../figures/version_comparisons/V39_versus_thredds_hour/KAN_B_4.png)
![KAN_B](../figures/version_comparisons/V39_versus_thredds_hour/KAN_B_5.png)
![KAN_B](../figures/version_comparisons/V39_versus_thredds_hour/KAN_B_6.png)
 
## KAN_L
/mnt/ice/Baptiste/geussnow01/dataverse//V39/hour/KAN_L_hour.csv
Variables in new file:
p_u, t_u, rh_u, rh_u_wrt_ice_or_water, qh_u, wspd_u, wdir_u, wspd_x_u, wspd_y_u, dsr, dsr_cor, usr, usr_cor, albedo, dlr, ulr, cc, t_surf, dlhf_u, dshf_u, z_boom_u, z_boom_cor_u, z_stake, z_stake_cor, z_pt, z_pt_cor, z_surf_combined, z_ice_surf, snow_height, rainfall_u, rainfall_cor_u, t_i_1, t_i_2, t_i_3, t_i_4, t_i_5, t_i_6, t_i_7, t_i_8, d_t_i_1, d_t_i_2, d_t_i_3, d_t_i_4, d_t_i_5, d_t_i_6, d_t_i_7, d_t_i_8, t_i_10m, tilt_x, tilt_y, rot_magnetic, rot_true, gps_lat, gps_lon, gps_alt, lat, lon, alt, batt_v, t_rad, p_i, t_i, rh_i, rh_i_wrt_ice_or_water, wspd_i, wdir_i, wspd_x_i, wspd_y_i

New variables not in old files:


Old variables removed from new files:

 
![KAN_L](../figures/version_comparisons/V39_versus_thredds_hour/KAN_L_0.png)
![KAN_L](../figures/version_comparisons/V39_versus_thredds_hour/KAN_L_1.png)
![KAN_L](../figures/version_comparisons/V39_versus_thredds_hour/KAN_L_2.png)
![KAN_L](../figures/version_comparisons/V39_versus_thredds_hour/KAN_L_3.png)
![KAN_L](../figures/version_comparisons/V39_versus_thredds_hour/KAN_L_4.png)
![KAN_L](../figures/version_comparisons/V39_versus_thredds_hour/KAN_L_5.png)
![KAN_L](../figures/version_comparisons/V39_versus_thredds_hour/KAN_L_6.png)
![KAN_L](../figures/version_comparisons/V39_versus_thredds_hour/KAN_L_7.png)
![KAN_L](../figures/version_comparisons/V39_versus_thredds_hour/KAN_L_8.png)
![KAN_L](../figures/version_comparisons/V39_versus_thredds_hour/KAN_L_9.png)
![KAN_L](../figures/version_comparisons/V39_versus_thredds_hour/KAN_L_10.png)
![KAN_L](../figures/version_comparisons/V39_versus_thredds_hour/KAN_L_11.png)
![KAN_L](../figures/version_comparisons/V39_versus_thredds_hour/KAN_L_12.png)
![KAN_L](../figures/version_comparisons/V39_versus_thredds_hour/KAN_L_13.png)
 
## KAN_M
/mnt/ice/Baptiste/geussnow01/dataverse//V39/hour/KAN_M_hour.csv
Variables in new file:
p_u, t_u, rh_u, rh_u_wrt_ice_or_water, qh_u, wspd_u, wdir_u, wspd_x_u, wspd_y_u, dsr, dsr_cor, usr, usr_cor, albedo, dlr, ulr, cc, t_surf, dlhf_u, dshf_u, z_boom_u, z_boom_cor_u, z_stake, z_stake_cor, z_pt, z_pt_cor, z_surf_combined, z_ice_surf, snow_height, t_i_1, t_i_2, t_i_3, t_i_4, t_i_5, t_i_6, t_i_7, t_i_8, d_t_i_1, d_t_i_2, d_t_i_3, d_t_i_4, d_t_i_5, d_t_i_6, d_t_i_7, d_t_i_8, t_i_10m, tilt_x, tilt_y, rot_true, gps_lat, gps_lon, gps_alt, lat, lon, alt, batt_v, t_rad, p_i, t_i, rh_i, rh_i_wrt_ice_or_water, wspd_i, wdir_i, wspd_x_i, wspd_y_i

New variables not in old files:


Old variables removed from new files:

 
![KAN_M](../figures/version_comparisons/V39_versus_thredds_hour/KAN_M_0.png)
![KAN_M](../figures/version_comparisons/V39_versus_thredds_hour/KAN_M_1.png)
![KAN_M](../figures/version_comparisons/V39_versus_thredds_hour/KAN_M_2.png)
![KAN_M](../figures/version_comparisons/V39_versus_thredds_hour/KAN_M_3.png)
![KAN_M](../figures/version_comparisons/V39_versus_thredds_hour/KAN_M_4.png)
![KAN_M](../figures/version_comparisons/V39_versus_thredds_hour/KAN_M_5.png)
![KAN_M](../figures/version_comparisons/V39_versus_thredds_hour/KAN_M_6.png)
![KAN_M](../figures/version_comparisons/V39_versus_thredds_hour/KAN_M_7.png)
![KAN_M](../figures/version_comparisons/V39_versus_thredds_hour/KAN_M_8.png)
![KAN_M](../figures/version_comparisons/V39_versus_thredds_hour/KAN_M_9.png)
![KAN_M](../figures/version_comparisons/V39_versus_thredds_hour/KAN_M_10.png)
![KAN_M](../figures/version_comparisons/V39_versus_thredds_hour/KAN_M_11.png)
![KAN_M](../figures/version_comparisons/V39_versus_thredds_hour/KAN_M_12.png)
 
## KAN_T
/mnt/ice/Baptiste/geussnow01/dataverse//V39/hour/KAN_T_hour.csv
Variables in new file:
p_u, t_u, rh_u, rh_u_wrt_ice_or_water, qh_u, wspd_u, wdir_u, wspd_x_u, wspd_y_u, dsr, dsr_cor, usr, usr_cor, albedo, dlr, ulr, cc, t_surf, dlhf_u, dshf_u, z_boom_u, z_boom_cor_u, z_stake, z_stake_cor, z_pt, z_pt_cor, z_surf_combined, z_ice_surf, snow_height, rainfall_u, rainfall_cor_u, t_i_1, t_i_2, t_i_3, t_i_4, t_i_5, t_i_6, t_i_7, t_i_8, d_t_i_1, d_t_i_2, d_t_i_3, d_t_i_4, d_t_i_5, d_t_i_6, d_t_i_7, d_t_i_8, tilt_x, tilt_y, rot_magnetic, rot_true, gps_lat, gps_lon, gps_alt, lat, lon, alt, batt_v, t_rad, p_i, t_i, rh_i, rh_i_wrt_ice_or_water, wspd_i, wdir_i, wspd_x_i, wspd_y_i

New variables not in old files:


Old variables removed from new files:

 
![KAN_T](../figures/version_comparisons/V39_versus_thredds_hour/KAN_T_0.png)
![KAN_T](../figures/version_comparisons/V39_versus_thredds_hour/KAN_T_1.png)
![KAN_T](../figures/version_comparisons/V39_versus_thredds_hour/KAN_T_2.png)
![KAN_T](../figures/version_comparisons/V39_versus_thredds_hour/KAN_T_3.png)
![KAN_T](../figures/version_comparisons/V39_versus_thredds_hour/KAN_T_4.png)
![KAN_T](../figures/version_comparisons/V39_versus_thredds_hour/KAN_T_5.png)
![KAN_T](../figures/version_comparisons/V39_versus_thredds_hour/KAN_T_6.png)
![KAN_T](../figures/version_comparisons/V39_versus_thredds_hour/KAN_T_7.png)
![KAN_T](../figures/version_comparisons/V39_versus_thredds_hour/KAN_T_8.png)
![KAN_T](../figures/version_comparisons/V39_versus_thredds_hour/KAN_T_9.png)
![KAN_T](../figures/version_comparisons/V39_versus_thredds_hour/KAN_T_10.png)
![KAN_T](../figures/version_comparisons/V39_versus_thredds_hour/KAN_T_11.png)
![KAN_T](../figures/version_comparisons/V39_versus_thredds_hour/KAN_T_12.png)
![KAN_T](../figures/version_comparisons/V39_versus_thredds_hour/KAN_T_13.png)
 
## KAN_U
/mnt/ice/Baptiste/geussnow01/dataverse//V39/hour/KAN_U_hour.csv
Variables in new file:
p_u, p_l, t_u, t_l, rh_u, rh_u_wrt_ice_or_water, qh_u, rh_l, rh_l_wrt_ice_or_water, qh_l, wspd_u, wspd_l, wdir_u, wdir_l, wspd_x_u, wspd_y_u, wspd_x_l, wspd_y_l, dsr, dsr_cor, usr, usr_cor, albedo, dlr, ulr, cc, t_surf, dlhf_u, dlhf_l, dshf_u, dshf_l, z_boom_u, z_boom_cor_u, z_boom_l, z_boom_cor_l, z_stake, z_stake_cor, z_surf_combined, snow_height, rainfall_u, rainfall_cor_u, rainfall_l, rainfall_cor_l, t_i_1, t_i_2, t_i_3, t_i_4, t_i_5, t_i_6, t_i_7, t_i_8, t_i_9, t_i_10, t_i_11, d_t_i_1, d_t_i_2, d_t_i_3, d_t_i_4, d_t_i_5, d_t_i_6, d_t_i_7, d_t_i_8, d_t_i_9, d_t_i_10, d_t_i_11, t_i_10m, tilt_x, tilt_y, rot_magnetic, rot_true, gps_lat, gps_lon, gps_alt, lat, lon, alt, batt_v, t_rad, p_i, t_i, rh_i, rh_i_wrt_ice_or_water, wspd_i, wdir_i, wspd_x_i, wspd_y_i

New variables not in old files:


Old variables removed from new files:

 
![KAN_U](../figures/version_comparisons/V39_versus_thredds_hour/KAN_U_0.png)
![KAN_U](../figures/version_comparisons/V39_versus_thredds_hour/KAN_U_1.png)
![KAN_U](../figures/version_comparisons/V39_versus_thredds_hour/KAN_U_2.png)
![KAN_U](../figures/version_comparisons/V39_versus_thredds_hour/KAN_U_3.png)
![KAN_U](../figures/version_comparisons/V39_versus_thredds_hour/KAN_U_4.png)
![KAN_U](../figures/version_comparisons/V39_versus_thredds_hour/KAN_U_5.png)
![KAN_U](../figures/version_comparisons/V39_versus_thredds_hour/KAN_U_6.png)
![KAN_U](../figures/version_comparisons/V39_versus_thredds_hour/KAN_U_7.png)
![KAN_U](../figures/version_comparisons/V39_versus_thredds_hour/KAN_U_8.png)
![KAN_U](../figures/version_comparisons/V39_versus_thredds_hour/KAN_U_9.png)
![KAN_U](../figures/version_comparisons/V39_versus_thredds_hour/KAN_U_10.png)
![KAN_U](../figures/version_comparisons/V39_versus_thredds_hour/KAN_U_11.png)
![KAN_U](../figures/version_comparisons/V39_versus_thredds_hour/KAN_U_12.png)
![KAN_U](../figures/version_comparisons/V39_versus_thredds_hour/KAN_U_13.png)
![KAN_U](../figures/version_comparisons/V39_versus_thredds_hour/KAN_U_14.png)
![KAN_U](../figures/version_comparisons/V39_versus_thredds_hour/KAN_U_15.png)
![KAN_U](../figures/version_comparisons/V39_versus_thredds_hour/KAN_U_16.png)
![KAN_U](../figures/version_comparisons/V39_versus_thredds_hour/KAN_U_17.png)
 
## KPC_L
/mnt/ice/Baptiste/geussnow01/dataverse//V39/hour/KPC_L_hour.csv
Variables in new file:
p_u, t_u, rh_u, rh_u_wrt_ice_or_water, qh_u, wspd_u, wdir_u, wspd_x_u, wspd_y_u, dsr, dsr_cor, usr, usr_cor, albedo, dlr, ulr, cc, t_surf, dlhf_u, dshf_u, z_boom_u, z_boom_cor_u, z_stake, z_stake_cor, z_pt, z_pt_cor, z_surf_combined, z_ice_surf, snow_height, t_i_1, t_i_2, t_i_3, t_i_4, t_i_5, t_i_6, t_i_7, t_i_8, d_t_i_1, d_t_i_2, d_t_i_3, d_t_i_4, d_t_i_5, d_t_i_6, d_t_i_7, d_t_i_8, t_i_10m, tilt_x, tilt_y, rot_true, gps_lat, gps_lon, gps_alt, lat, lon, alt, batt_v, t_rad, p_i, t_i, rh_i, rh_i_wrt_ice_or_water, wspd_i, wdir_i, wspd_x_i, wspd_y_i

New variables not in old files:


Old variables removed from new files:

 
![KPC_L](../figures/version_comparisons/V39_versus_thredds_hour/KPC_L_0.png)
![KPC_L](../figures/version_comparisons/V39_versus_thredds_hour/KPC_L_1.png)
![KPC_L](../figures/version_comparisons/V39_versus_thredds_hour/KPC_L_2.png)
![KPC_L](../figures/version_comparisons/V39_versus_thredds_hour/KPC_L_3.png)
![KPC_L](../figures/version_comparisons/V39_versus_thredds_hour/KPC_L_4.png)
![KPC_L](../figures/version_comparisons/V39_versus_thredds_hour/KPC_L_5.png)
![KPC_L](../figures/version_comparisons/V39_versus_thredds_hour/KPC_L_6.png)
![KPC_L](../figures/version_comparisons/V39_versus_thredds_hour/KPC_L_7.png)
![KPC_L](../figures/version_comparisons/V39_versus_thredds_hour/KPC_L_8.png)
![KPC_L](../figures/version_comparisons/V39_versus_thredds_hour/KPC_L_9.png)
![KPC_L](../figures/version_comparisons/V39_versus_thredds_hour/KPC_L_10.png)
![KPC_L](../figures/version_comparisons/V39_versus_thredds_hour/KPC_L_11.png)
![KPC_L](../figures/version_comparisons/V39_versus_thredds_hour/KPC_L_12.png)
 
## KPC_U
/mnt/ice/Baptiste/geussnow01/dataverse//V39/hour/KPC_U_hour.csv
Variables in new file:
p_u, t_u, rh_u, rh_u_wrt_ice_or_water, qh_u, wspd_u, wdir_u, wspd_x_u, wspd_y_u, dsr, dsr_cor, usr, usr_cor, albedo, dlr, ulr, cc, t_surf, dlhf_u, dshf_u, z_boom_u, z_boom_cor_u, z_stake, z_stake_cor, z_surf_combined, z_ice_surf, snow_height, t_i_1, t_i_2, t_i_3, t_i_4, t_i_5, t_i_6, t_i_7, t_i_8, d_t_i_1, d_t_i_2, d_t_i_3, d_t_i_4, d_t_i_5, d_t_i_6, d_t_i_7, d_t_i_8, t_i_10m, tilt_x, tilt_y, rot_true, gps_lat, gps_lon, gps_alt, lat, lon, alt, batt_v, t_rad, p_i, t_i, rh_i, rh_i_wrt_ice_or_water, wspd_i, wdir_i, wspd_x_i, wspd_y_i

New variables not in old files:


Old variables removed from new files:

 
![KPC_U](../figures/version_comparisons/V39_versus_thredds_hour/KPC_U_0.png)
![KPC_U](../figures/version_comparisons/V39_versus_thredds_hour/KPC_U_1.png)
![KPC_U](../figures/version_comparisons/V39_versus_thredds_hour/KPC_U_2.png)
![KPC_U](../figures/version_comparisons/V39_versus_thredds_hour/KPC_U_3.png)
![KPC_U](../figures/version_comparisons/V39_versus_thredds_hour/KPC_U_4.png)
![KPC_U](../figures/version_comparisons/V39_versus_thredds_hour/KPC_U_5.png)
![KPC_U](../figures/version_comparisons/V39_versus_thredds_hour/KPC_U_6.png)
![KPC_U](../figures/version_comparisons/V39_versus_thredds_hour/KPC_U_7.png)
![KPC_U](../figures/version_comparisons/V39_versus_thredds_hour/KPC_U_8.png)
![KPC_U](../figures/version_comparisons/V39_versus_thredds_hour/KPC_U_9.png)
![KPC_U](../figures/version_comparisons/V39_versus_thredds_hour/KPC_U_10.png)
![KPC_U](../figures/version_comparisons/V39_versus_thredds_hour/KPC_U_11.png)
![KPC_U](../figures/version_comparisons/V39_versus_thredds_hour/KPC_U_12.png)
 
## LYN_L
/mnt/ice/Baptiste/geussnow01/dataverse//V39/hour/LYN_L_hour.csv
Variables in new file:
p_u, t_u, rh_u, rh_u_wrt_ice_or_water, qh_u, wspd_u, wdir_u, wspd_x_u, wspd_y_u, z_boom_u, z_boom_cor_u, z_stake, z_stake_cor, z_surf_combined, z_ice_surf, snow_height, t_i_1, t_i_2, t_i_3, t_i_4, t_i_5, t_i_6, t_i_7, d_t_i_1, d_t_i_2, d_t_i_3, d_t_i_4, d_t_i_5, d_t_i_6, d_t_i_7, d_t_i_8, t_i_10m, tilt_x, tilt_y, rot_true, gps_lat, gps_lon, gps_alt, lat, lon, alt, batt_v, t_rad, p_i, t_i, rh_i, rh_i_wrt_ice_or_water, wspd_i, wdir_i, wspd_x_i, wspd_y_i

New variables not in old files:


Old variables removed from new files:

 
![LYN_L](../figures/version_comparisons/V39_versus_thredds_hour/LYN_L_0.png)
![LYN_L](../figures/version_comparisons/V39_versus_thredds_hour/LYN_L_1.png)
![LYN_L](../figures/version_comparisons/V39_versus_thredds_hour/LYN_L_2.png)
![LYN_L](../figures/version_comparisons/V39_versus_thredds_hour/LYN_L_3.png)
![LYN_L](../figures/version_comparisons/V39_versus_thredds_hour/LYN_L_4.png)
![LYN_L](../figures/version_comparisons/V39_versus_thredds_hour/LYN_L_5.png)
![LYN_L](../figures/version_comparisons/V39_versus_thredds_hour/LYN_L_6.png)
![LYN_L](../figures/version_comparisons/V39_versus_thredds_hour/LYN_L_7.png)
![LYN_L](../figures/version_comparisons/V39_versus_thredds_hour/LYN_L_8.png)
![LYN_L](../figures/version_comparisons/V39_versus_thredds_hour/LYN_L_9.png)
![LYN_L](../figures/version_comparisons/V39_versus_thredds_hour/LYN_L_10.png)
 
## LYN_T
/mnt/ice/Baptiste/geussnow01/dataverse//V39/hour/LYN_T_hour.csv
No data from LYN_T in the last year
## MIT
/mnt/ice/Baptiste/geussnow01/dataverse//V39/hour/MIT_hour.csv
Variables in new file:
p_u, t_u, rh_u, rh_u_wrt_ice_or_water, qh_u, wspd_u, wdir_u, wspd_x_u, wspd_y_u, dsr, dsr_cor, usr, usr_cor, albedo, dlr, ulr, cc, t_surf, dlhf_u, dshf_u, z_boom_u, z_boom_cor_u, z_stake, z_stake_cor, z_pt, z_pt_cor, z_surf_combined, z_ice_surf, snow_height, t_i_1, t_i_2, t_i_3, t_i_4, t_i_5, t_i_6, t_i_7, t_i_8, d_t_i_1, d_t_i_2, d_t_i_3, d_t_i_4, d_t_i_5, d_t_i_6, d_t_i_7, d_t_i_8, t_i_10m, tilt_x, tilt_y, rot_true, gps_lat, gps_lon, gps_alt, lat, lon, alt, batt_v, t_rad, p_i, t_i, rh_i, rh_i_wrt_ice_or_water, wspd_i, wdir_i, wspd_x_i, wspd_y_i

New variables not in old files:


Old variables removed from new files:

 
![MIT](../figures/version_comparisons/V39_versus_thredds_hour/MIT_0.png)
![MIT](../figures/version_comparisons/V39_versus_thredds_hour/MIT_1.png)
![MIT](../figures/version_comparisons/V39_versus_thredds_hour/MIT_2.png)
![MIT](../figures/version_comparisons/V39_versus_thredds_hour/MIT_3.png)
![MIT](../figures/version_comparisons/V39_versus_thredds_hour/MIT_4.png)
![MIT](../figures/version_comparisons/V39_versus_thredds_hour/MIT_5.png)
![MIT](../figures/version_comparisons/V39_versus_thredds_hour/MIT_6.png)
![MIT](../figures/version_comparisons/V39_versus_thredds_hour/MIT_7.png)
![MIT](../figures/version_comparisons/V39_versus_thredds_hour/MIT_8.png)
![MIT](../figures/version_comparisons/V39_versus_thredds_hour/MIT_9.png)
![MIT](../figures/version_comparisons/V39_versus_thredds_hour/MIT_10.png)
![MIT](../figures/version_comparisons/V39_versus_thredds_hour/MIT_11.png)
![MIT](../figures/version_comparisons/V39_versus_thredds_hour/MIT_12.png)
 
## NAE
/mnt/ice/Baptiste/geussnow01/dataverse//V39/hour/NAE_hour.csv
Variables in new file:
p_u, p_l, t_u, t_l, rh_u, rh_u_wrt_ice_or_water, qh_u, rh_l, rh_l_wrt_ice_or_water, qh_l, wspd_u, wspd_l, wdir_u, wdir_l, wspd_x_u, wspd_y_u, wspd_x_l, wspd_y_l, dsr, dsr_cor, usr, usr_cor, albedo, dlr, ulr, cc, t_surf, dlhf_u, dlhf_l, dshf_u, dshf_l, z_boom_u, z_boom_cor_u, z_boom_l, z_boom_cor_l, z_surf_combined, snow_height, rainfall_u, rainfall_cor_u, rainfall_l, rainfall_cor_l, t_i_1, t_i_2, t_i_3, t_i_4, t_i_5, t_i_6, t_i_7, t_i_8, t_i_9, t_i_10, t_i_11, d_t_i_1, d_t_i_2, d_t_i_3, d_t_i_4, d_t_i_5, d_t_i_6, d_t_i_7, d_t_i_8, d_t_i_9, d_t_i_10, d_t_i_11, t_i_10m, tilt_x, tilt_y, rot_magnetic, rot_true, gps_lat, gps_lon, gps_alt, lat, lon, alt, batt_v, t_rad, p_i, t_i, rh_i, rh_i_wrt_ice_or_water, wspd_i, wdir_i, wspd_x_i, wspd_y_i

New variables not in old files:


Old variables removed from new files:

 
![NAE](../figures/version_comparisons/V39_versus_thredds_hour/NAE_0.png)
![NAE](../figures/version_comparisons/V39_versus_thredds_hour/NAE_1.png)
![NAE](../figures/version_comparisons/V39_versus_thredds_hour/NAE_2.png)
![NAE](../figures/version_comparisons/V39_versus_thredds_hour/NAE_3.png)
![NAE](../figures/version_comparisons/V39_versus_thredds_hour/NAE_4.png)
![NAE](../figures/version_comparisons/V39_versus_thredds_hour/NAE_5.png)
![NAE](../figures/version_comparisons/V39_versus_thredds_hour/NAE_6.png)
![NAE](../figures/version_comparisons/V39_versus_thredds_hour/NAE_7.png)
![NAE](../figures/version_comparisons/V39_versus_thredds_hour/NAE_8.png)
![NAE](../figures/version_comparisons/V39_versus_thredds_hour/NAE_9.png)
![NAE](../figures/version_comparisons/V39_versus_thredds_hour/NAE_10.png)
![NAE](../figures/version_comparisons/V39_versus_thredds_hour/NAE_11.png)
![NAE](../figures/version_comparisons/V39_versus_thredds_hour/NAE_12.png)
![NAE](../figures/version_comparisons/V39_versus_thredds_hour/NAE_13.png)
![NAE](../figures/version_comparisons/V39_versus_thredds_hour/NAE_14.png)
![NAE](../figures/version_comparisons/V39_versus_thredds_hour/NAE_15.png)
![NAE](../figures/version_comparisons/V39_versus_thredds_hour/NAE_16.png)
 
## NAU
/mnt/ice/Baptiste/geussnow01/dataverse//V39/hour/NAU_hour.csv
Variables in new file:
p_u, p_l, t_u, t_l, rh_u, rh_u_wrt_ice_or_water, qh_u, rh_l, rh_l_wrt_ice_or_water, qh_l, wspd_u, wspd_l, wdir_u, wdir_l, wspd_x_u, wspd_y_u, wspd_x_l, wspd_y_l, dsr, dsr_cor, usr, usr_cor, albedo, dlr, ulr, cc, t_surf, dlhf_u, dlhf_l, dshf_u, dshf_l, z_boom_u, z_boom_cor_u, z_boom_l, z_boom_cor_l, z_surf_combined, snow_height, rainfall_u, rainfall_cor_u, rainfall_l, rainfall_cor_l, t_i_1, t_i_2, t_i_3, t_i_4, t_i_5, t_i_6, t_i_7, t_i_8, t_i_9, t_i_10, t_i_11, d_t_i_1, d_t_i_2, d_t_i_3, d_t_i_4, d_t_i_5, d_t_i_6, d_t_i_7, d_t_i_8, d_t_i_9, d_t_i_10, d_t_i_11, t_i_10m, tilt_x, tilt_y, rot_magnetic, rot_true, gps_lat, gps_lon, gps_alt, lat, lon, alt, batt_v, t_rad, p_i, t_i, rh_i, rh_i_wrt_ice_or_water, wspd_i, wdir_i, wspd_x_i, wspd_y_i

New variables not in old files:


Old variables removed from new files:

 
![NAU](../figures/version_comparisons/V39_versus_thredds_hour/NAU_0.png)
![NAU](../figures/version_comparisons/V39_versus_thredds_hour/NAU_1.png)
![NAU](../figures/version_comparisons/V39_versus_thredds_hour/NAU_2.png)
![NAU](../figures/version_comparisons/V39_versus_thredds_hour/NAU_3.png)
![NAU](../figures/version_comparisons/V39_versus_thredds_hour/NAU_4.png)
![NAU](../figures/version_comparisons/V39_versus_thredds_hour/NAU_5.png)
![NAU](../figures/version_comparisons/V39_versus_thredds_hour/NAU_6.png)
![NAU](../figures/version_comparisons/V39_versus_thredds_hour/NAU_7.png)
![NAU](../figures/version_comparisons/V39_versus_thredds_hour/NAU_8.png)
![NAU](../figures/version_comparisons/V39_versus_thredds_hour/NAU_9.png)
![NAU](../figures/version_comparisons/V39_versus_thredds_hour/NAU_10.png)
![NAU](../figures/version_comparisons/V39_versus_thredds_hour/NAU_11.png)
![NAU](../figures/version_comparisons/V39_versus_thredds_hour/NAU_12.png)
![NAU](../figures/version_comparisons/V39_versus_thredds_hour/NAU_13.png)
![NAU](../figures/version_comparisons/V39_versus_thredds_hour/NAU_14.png)
![NAU](../figures/version_comparisons/V39_versus_thredds_hour/NAU_15.png)
![NAU](../figures/version_comparisons/V39_versus_thredds_hour/NAU_16.png)
 
## NEM
/mnt/ice/Baptiste/geussnow01/dataverse//V39/hour/NEM_hour.csv
Variables in new file:
p_u, p_l, t_u, t_l, rh_u, rh_u_wrt_ice_or_water, qh_u, rh_l, rh_l_wrt_ice_or_water, qh_l, wspd_u, wspd_l, wdir_u, wdir_l, wspd_x_u, wspd_y_u, wspd_x_l, wspd_y_l, dsr, dsr_cor, usr, usr_cor, albedo, dlr, ulr, cc, t_surf, dlhf_u, dlhf_l, dshf_u, dshf_l, z_boom_u, z_boom_cor_u, z_boom_l, z_boom_cor_l, z_surf_combined, snow_height, rainfall_u, rainfall_cor_u, rainfall_l, rainfall_cor_l, t_i_1, t_i_2, t_i_3, t_i_4, t_i_5, t_i_6, t_i_7, t_i_8, t_i_9, t_i_10, t_i_11, d_t_i_1, d_t_i_2, d_t_i_3, d_t_i_4, d_t_i_5, d_t_i_6, d_t_i_7, d_t_i_8, d_t_i_9, d_t_i_10, d_t_i_11, t_i_10m, tilt_x, tilt_y, rot_magnetic, rot_true, gps_lat, gps_lon, gps_alt, lat, lon, alt, batt_v, t_rad, p_i, t_i, rh_i, rh_i_wrt_ice_or_water, wspd_i, wdir_i, wspd_x_i, wspd_y_i

New variables not in old files:


Old variables removed from new files:

 
![NEM](../figures/version_comparisons/V39_versus_thredds_hour/NEM_0.png)
![NEM](../figures/version_comparisons/V39_versus_thredds_hour/NEM_1.png)
![NEM](../figures/version_comparisons/V39_versus_thredds_hour/NEM_2.png)
![NEM](../figures/version_comparisons/V39_versus_thredds_hour/NEM_3.png)
![NEM](../figures/version_comparisons/V39_versus_thredds_hour/NEM_4.png)
![NEM](../figures/version_comparisons/V39_versus_thredds_hour/NEM_5.png)
![NEM](../figures/version_comparisons/V39_versus_thredds_hour/NEM_6.png)
![NEM](../figures/version_comparisons/V39_versus_thredds_hour/NEM_7.png)
![NEM](../figures/version_comparisons/V39_versus_thredds_hour/NEM_8.png)
![NEM](../figures/version_comparisons/V39_versus_thredds_hour/NEM_9.png)
![NEM](../figures/version_comparisons/V39_versus_thredds_hour/NEM_10.png)
![NEM](../figures/version_comparisons/V39_versus_thredds_hour/NEM_11.png)
![NEM](../figures/version_comparisons/V39_versus_thredds_hour/NEM_12.png)
![NEM](../figures/version_comparisons/V39_versus_thredds_hour/NEM_13.png)
![NEM](../figures/version_comparisons/V39_versus_thredds_hour/NEM_14.png)
![NEM](../figures/version_comparisons/V39_versus_thredds_hour/NEM_15.png)
![NEM](../figures/version_comparisons/V39_versus_thredds_hour/NEM_16.png)
 
## NSE
/mnt/ice/Baptiste/geussnow01/dataverse//V39/hour/NSE_hour.csv
Variables in new file:
p_u, p_l, t_u, t_l, rh_u, rh_u_wrt_ice_or_water, qh_u, rh_l, rh_l_wrt_ice_or_water, qh_l, wspd_u, wspd_l, wdir_u, wdir_l, wspd_x_u, wspd_y_u, wspd_x_l, wspd_y_l, dsr, dsr_cor, usr, usr_cor, albedo, dlr, ulr, cc, t_surf, dlhf_u, dlhf_l, dshf_u, dshf_l, z_boom_u, z_boom_cor_u, z_boom_l, z_boom_cor_l, z_surf_combined, snow_height, rainfall_u, rainfall_cor_u, rainfall_l, rainfall_cor_l, t_i_1, t_i_2, t_i_3, t_i_4, t_i_5, t_i_6, t_i_7, t_i_8, t_i_9, t_i_10, t_i_11, d_t_i_1, d_t_i_2, d_t_i_3, d_t_i_4, d_t_i_5, d_t_i_6, d_t_i_7, d_t_i_8, d_t_i_9, d_t_i_10, d_t_i_11, t_i_10m, tilt_x, tilt_y, rot_magnetic, rot_true, gps_lat, gps_lon, gps_alt, lat, lon, alt, batt_v, t_rad, p_i, t_i, rh_i, rh_i_wrt_ice_or_water, wspd_i, wdir_i, wspd_x_i, wspd_y_i

New variables not in old files:


Old variables removed from new files:

 
![NSE](../figures/version_comparisons/V39_versus_thredds_hour/NSE_0.png)
![NSE](../figures/version_comparisons/V39_versus_thredds_hour/NSE_1.png)
![NSE](../figures/version_comparisons/V39_versus_thredds_hour/NSE_2.png)
![NSE](../figures/version_comparisons/V39_versus_thredds_hour/NSE_3.png)
![NSE](../figures/version_comparisons/V39_versus_thredds_hour/NSE_4.png)
![NSE](../figures/version_comparisons/V39_versus_thredds_hour/NSE_5.png)
![NSE](../figures/version_comparisons/V39_versus_thredds_hour/NSE_6.png)
![NSE](../figures/version_comparisons/V39_versus_thredds_hour/NSE_7.png)
![NSE](../figures/version_comparisons/V39_versus_thredds_hour/NSE_8.png)
![NSE](../figures/version_comparisons/V39_versus_thredds_hour/NSE_9.png)
![NSE](../figures/version_comparisons/V39_versus_thredds_hour/NSE_10.png)
![NSE](../figures/version_comparisons/V39_versus_thredds_hour/NSE_11.png)
![NSE](../figures/version_comparisons/V39_versus_thredds_hour/NSE_12.png)
![NSE](../figures/version_comparisons/V39_versus_thredds_hour/NSE_13.png)
![NSE](../figures/version_comparisons/V39_versus_thredds_hour/NSE_14.png)
![NSE](../figures/version_comparisons/V39_versus_thredds_hour/NSE_15.png)
![NSE](../figures/version_comparisons/V39_versus_thredds_hour/NSE_16.png)
 
## NUK_B
/mnt/ice/Baptiste/geussnow01/dataverse//V39/hour/NUK_B_hour.csv
Variables in new file:
p_u, t_u, rh_u, rh_u_wrt_ice_or_water, qh_u, wspd_u, wdir_u, wspd_x_u, wspd_y_u, dsr, usr, albedo, dlr, ulr, t_surf, z_boom_u, z_boom_cor_u, z_surf_combined, snow_height, rainfall_u, rainfall_cor_u, tilt_x, tilt_y, rot_magnetic, rot_true, gps_lat, gps_lon, gps_alt, lat, lon, alt, batt_v, t_rad, p_i, t_i, rh_i, rh_i_wrt_ice_or_water, wspd_i, wdir_i, wspd_x_i, wspd_y_i

New variables not in old files:


Old variables removed from new files:

 
![NUK_B](../figures/version_comparisons/V39_versus_thredds_hour/NUK_B_0.png)
![NUK_B](../figures/version_comparisons/V39_versus_thredds_hour/NUK_B_1.png)
![NUK_B](../figures/version_comparisons/V39_versus_thredds_hour/NUK_B_2.png)
![NUK_B](../figures/version_comparisons/V39_versus_thredds_hour/NUK_B_3.png)
![NUK_B](../figures/version_comparisons/V39_versus_thredds_hour/NUK_B_4.png)
![NUK_B](../figures/version_comparisons/V39_versus_thredds_hour/NUK_B_5.png)
![NUK_B](../figures/version_comparisons/V39_versus_thredds_hour/NUK_B_6.png)
![NUK_B](../figures/version_comparisons/V39_versus_thredds_hour/NUK_B_7.png)
![NUK_B](../figures/version_comparisons/V39_versus_thredds_hour/NUK_B_8.png)
 
## NUK_K
/mnt/ice/Baptiste/geussnow01/dataverse//V39/hour/NUK_K_hour.csv
Variables in new file:
p_u, t_u, rh_u, rh_u_wrt_ice_or_water, qh_u, wspd_u, wdir_u, wspd_x_u, wspd_y_u, dsr, dsr_cor, usr, usr_cor, albedo, dlr, ulr, cc, t_surf, dlhf_u, dshf_u, z_boom_u, z_boom_cor_u, z_stake, z_stake_cor, z_pt, z_pt_cor, z_surf_combined, z_ice_surf, snow_height, rainfall_u, rainfall_cor_u, t_i_1, t_i_2, t_i_3, t_i_4, t_i_5, t_i_6, t_i_7, t_i_8, d_t_i_1, d_t_i_2, d_t_i_3, d_t_i_4, d_t_i_5, d_t_i_6, d_t_i_7, d_t_i_8, t_i_10m, tilt_x, tilt_y, rot_magnetic, rot_true, gps_lat, gps_lon, gps_alt, lat, lon, alt, batt_v, t_rad, p_i, t_i, rh_i, rh_i_wrt_ice_or_water, wspd_i, wdir_i, wspd_x_i, wspd_y_i

New variables not in old files:


Old variables removed from new files:

 
![NUK_K](../figures/version_comparisons/V39_versus_thredds_hour/NUK_K_0.png)
![NUK_K](../figures/version_comparisons/V39_versus_thredds_hour/NUK_K_1.png)
![NUK_K](../figures/version_comparisons/V39_versus_thredds_hour/NUK_K_2.png)
![NUK_K](../figures/version_comparisons/V39_versus_thredds_hour/NUK_K_3.png)
![NUK_K](../figures/version_comparisons/V39_versus_thredds_hour/NUK_K_4.png)
![NUK_K](../figures/version_comparisons/V39_versus_thredds_hour/NUK_K_5.png)
![NUK_K](../figures/version_comparisons/V39_versus_thredds_hour/NUK_K_6.png)
![NUK_K](../figures/version_comparisons/V39_versus_thredds_hour/NUK_K_7.png)
![NUK_K](../figures/version_comparisons/V39_versus_thredds_hour/NUK_K_8.png)
![NUK_K](../figures/version_comparisons/V39_versus_thredds_hour/NUK_K_9.png)
![NUK_K](../figures/version_comparisons/V39_versus_thredds_hour/NUK_K_10.png)
![NUK_K](../figures/version_comparisons/V39_versus_thredds_hour/NUK_K_11.png)
![NUK_K](../figures/version_comparisons/V39_versus_thredds_hour/NUK_K_12.png)
![NUK_K](../figures/version_comparisons/V39_versus_thredds_hour/NUK_K_13.png)
 
## NUK_L
/mnt/ice/Baptiste/geussnow01/dataverse//V39/hour/NUK_L_hour.csv
Variables in new file:
p_u, t_u, rh_u, rh_u_wrt_ice_or_water, qh_u, wspd_u, wdir_u, wspd_x_u, wspd_y_u, dsr, dsr_cor, usr, usr_cor, albedo, dlr, ulr, cc, t_surf, dlhf_u, dshf_u, z_boom_u, z_boom_cor_u, z_stake, z_stake_cor, z_pt, z_pt_cor, z_surf_combined, z_ice_surf, snow_height, rainfall_u, rainfall_cor_u, t_i_1, t_i_2, t_i_3, t_i_4, t_i_5, t_i_6, t_i_7, t_i_8, d_t_i_1, d_t_i_2, d_t_i_3, d_t_i_4, d_t_i_5, d_t_i_6, d_t_i_7, d_t_i_8, t_i_10m, tilt_x, tilt_y, rot_magnetic, rot_true, gps_lat, gps_lon, gps_alt, lat, lon, alt, batt_v, t_rad, p_i, t_i, rh_i, rh_i_wrt_ice_or_water, wspd_i, wdir_i, wspd_x_i, wspd_y_i

New variables not in old files:


Old variables removed from new files:

 
![NUK_L](../figures/version_comparisons/V39_versus_thredds_hour/NUK_L_0.png)
![NUK_L](../figures/version_comparisons/V39_versus_thredds_hour/NUK_L_1.png)
![NUK_L](../figures/version_comparisons/V39_versus_thredds_hour/NUK_L_2.png)
![NUK_L](../figures/version_comparisons/V39_versus_thredds_hour/NUK_L_3.png)
![NUK_L](../figures/version_comparisons/V39_versus_thredds_hour/NUK_L_4.png)
![NUK_L](../figures/version_comparisons/V39_versus_thredds_hour/NUK_L_5.png)
![NUK_L](../figures/version_comparisons/V39_versus_thredds_hour/NUK_L_6.png)
![NUK_L](../figures/version_comparisons/V39_versus_thredds_hour/NUK_L_7.png)
![NUK_L](../figures/version_comparisons/V39_versus_thredds_hour/NUK_L_8.png)
![NUK_L](../figures/version_comparisons/V39_versus_thredds_hour/NUK_L_9.png)
![NUK_L](../figures/version_comparisons/V39_versus_thredds_hour/NUK_L_10.png)
![NUK_L](../figures/version_comparisons/V39_versus_thredds_hour/NUK_L_11.png)
![NUK_L](../figures/version_comparisons/V39_versus_thredds_hour/NUK_L_12.png)
![NUK_L](../figures/version_comparisons/V39_versus_thredds_hour/NUK_L_13.png)
 
## NUK_N
/mnt/ice/Baptiste/geussnow01/dataverse//V39/hour/NUK_N_hour.csv
No data from NUK_N in the last year
## NUK_U
/mnt/ice/Baptiste/geussnow01/dataverse//V39/hour/NUK_U_hour.csv
Variables in new file:
p_u, t_u, rh_u, rh_u_wrt_ice_or_water, qh_u, wspd_u, wdir_u, wspd_x_u, wspd_y_u, dsr, dsr_cor, usr, usr_cor, albedo, dlr, ulr, cc, t_surf, dlhf_u, dshf_u, z_boom_u, z_boom_cor_u, z_stake, z_stake_cor, z_pt, z_pt_cor, z_surf_combined, z_ice_surf, snow_height, rainfall_u, rainfall_cor_u, t_i_1, t_i_2, t_i_3, t_i_4, t_i_5, t_i_6, t_i_7, t_i_8, d_t_i_1, d_t_i_2, d_t_i_3, d_t_i_4, d_t_i_5, d_t_i_6, d_t_i_7, d_t_i_8, t_i_10m, tilt_x, tilt_y, rot_magnetic, rot_true, gps_lat, gps_lon, gps_alt, lat, lon, alt, batt_v, t_rad, p_i, t_i, rh_i, rh_i_wrt_ice_or_water, wspd_i, wdir_i, wspd_x_i, wspd_y_i

New variables not in old files:


Old variables removed from new files:

 
![NUK_U](../figures/version_comparisons/V39_versus_thredds_hour/NUK_U_0.png)
![NUK_U](../figures/version_comparisons/V39_versus_thredds_hour/NUK_U_1.png)
![NUK_U](../figures/version_comparisons/V39_versus_thredds_hour/NUK_U_2.png)
![NUK_U](../figures/version_comparisons/V39_versus_thredds_hour/NUK_U_3.png)
![NUK_U](../figures/version_comparisons/V39_versus_thredds_hour/NUK_U_4.png)
![NUK_U](../figures/version_comparisons/V39_versus_thredds_hour/NUK_U_5.png)
![NUK_U](../figures/version_comparisons/V39_versus_thredds_hour/NUK_U_6.png)
![NUK_U](../figures/version_comparisons/V39_versus_thredds_hour/NUK_U_7.png)
![NUK_U](../figures/version_comparisons/V39_versus_thredds_hour/NUK_U_8.png)
![NUK_U](../figures/version_comparisons/V39_versus_thredds_hour/NUK_U_9.png)
![NUK_U](../figures/version_comparisons/V39_versus_thredds_hour/NUK_U_10.png)
![NUK_U](../figures/version_comparisons/V39_versus_thredds_hour/NUK_U_11.png)
![NUK_U](../figures/version_comparisons/V39_versus_thredds_hour/NUK_U_12.png)
![NUK_U](../figures/version_comparisons/V39_versus_thredds_hour/NUK_U_13.png)
 
## QAS_A
/mnt/ice/Baptiste/geussnow01/dataverse//V39/hour/QAS_A_hour.csv
No data from QAS_A in the last year
## QAS_L
/mnt/ice/Baptiste/geussnow01/dataverse//V39/hour/QAS_L_hour.csv
Variables in new file:
p_u, t_u, rh_u, rh_u_wrt_ice_or_water, qh_u, wspd_u, wdir_u, wspd_x_u, wspd_y_u, dsr, dsr_cor, usr, usr_cor, albedo, dlr, ulr, cc, t_surf, dlhf_u, dshf_u, z_boom_u, z_boom_cor_u, z_stake, z_stake_cor, z_pt, z_pt_cor, z_surf_combined, z_ice_surf, snow_height, rainfall_u, rainfall_cor_u, t_i_1, t_i_2, t_i_3, t_i_4, t_i_5, t_i_6, t_i_7, t_i_8, d_t_i_1, d_t_i_2, d_t_i_3, d_t_i_4, d_t_i_5, d_t_i_6, d_t_i_7, d_t_i_8, t_i_10m, tilt_x, tilt_y, rot_magnetic, rot_true, gps_lat, gps_lon, gps_alt, lat, lon, alt, batt_v, t_rad, p_i, t_i, rh_i, rh_i_wrt_ice_or_water, wspd_i, wdir_i, wspd_x_i, wspd_y_i

New variables not in old files:


Old variables removed from new files:

 
![QAS_L](../figures/version_comparisons/V39_versus_thredds_hour/QAS_L_0.png)
![QAS_L](../figures/version_comparisons/V39_versus_thredds_hour/QAS_L_1.png)
![QAS_L](../figures/version_comparisons/V39_versus_thredds_hour/QAS_L_2.png)
![QAS_L](../figures/version_comparisons/V39_versus_thredds_hour/QAS_L_3.png)
![QAS_L](../figures/version_comparisons/V39_versus_thredds_hour/QAS_L_4.png)
![QAS_L](../figures/version_comparisons/V39_versus_thredds_hour/QAS_L_5.png)
![QAS_L](../figures/version_comparisons/V39_versus_thredds_hour/QAS_L_6.png)
![QAS_L](../figures/version_comparisons/V39_versus_thredds_hour/QAS_L_7.png)
![QAS_L](../figures/version_comparisons/V39_versus_thredds_hour/QAS_L_8.png)
![QAS_L](../figures/version_comparisons/V39_versus_thredds_hour/QAS_L_9.png)
![QAS_L](../figures/version_comparisons/V39_versus_thredds_hour/QAS_L_10.png)
![QAS_L](../figures/version_comparisons/V39_versus_thredds_hour/QAS_L_11.png)
![QAS_L](../figures/version_comparisons/V39_versus_thredds_hour/QAS_L_12.png)
![QAS_L](../figures/version_comparisons/V39_versus_thredds_hour/QAS_L_13.png)
 
## QAS_M
/mnt/ice/Baptiste/geussnow01/dataverse//V39/hour/QAS_M_hour.csv
Variables in new file:
p_u, t_u, rh_u, rh_u_wrt_ice_or_water, qh_u, wspd_u, wdir_u, wspd_x_u, wspd_y_u, dsr, dsr_cor, usr, usr_cor, albedo, dlr, ulr, cc, t_surf, dlhf_u, dshf_u, z_boom_u, z_boom_cor_u, z_stake, z_stake_cor, z_pt, z_pt_cor, z_surf_combined, z_ice_surf, snow_height, rainfall_u, rainfall_cor_u, t_i_1, t_i_2, t_i_3, t_i_4, t_i_5, t_i_6, t_i_7, t_i_8, d_t_i_1, d_t_i_2, d_t_i_3, d_t_i_4, d_t_i_5, d_t_i_6, d_t_i_7, d_t_i_8, t_i_10m, tilt_x, tilt_y, rot_magnetic, rot_true, gps_lat, gps_lon, gps_alt, lat, lon, alt, batt_v, t_rad, p_i, t_i, rh_i, rh_i_wrt_ice_or_water, wspd_i, wdir_i, wspd_x_i, wspd_y_i

New variables not in old files:


Old variables removed from new files:

 
![QAS_M](../figures/version_comparisons/V39_versus_thredds_hour/QAS_M_0.png)
![QAS_M](../figures/version_comparisons/V39_versus_thredds_hour/QAS_M_1.png)
![QAS_M](../figures/version_comparisons/V39_versus_thredds_hour/QAS_M_2.png)
![QAS_M](../figures/version_comparisons/V39_versus_thredds_hour/QAS_M_3.png)
![QAS_M](../figures/version_comparisons/V39_versus_thredds_hour/QAS_M_4.png)
![QAS_M](../figures/version_comparisons/V39_versus_thredds_hour/QAS_M_5.png)
![QAS_M](../figures/version_comparisons/V39_versus_thredds_hour/QAS_M_6.png)
![QAS_M](../figures/version_comparisons/V39_versus_thredds_hour/QAS_M_7.png)
![QAS_M](../figures/version_comparisons/V39_versus_thredds_hour/QAS_M_8.png)
![QAS_M](../figures/version_comparisons/V39_versus_thredds_hour/QAS_M_9.png)
![QAS_M](../figures/version_comparisons/V39_versus_thredds_hour/QAS_M_10.png)
![QAS_M](../figures/version_comparisons/V39_versus_thredds_hour/QAS_M_11.png)
![QAS_M](../figures/version_comparisons/V39_versus_thredds_hour/QAS_M_12.png)
![QAS_M](../figures/version_comparisons/V39_versus_thredds_hour/QAS_M_13.png)
 
## QAS_U
/mnt/ice/Baptiste/geussnow01/dataverse//V39/hour/QAS_U_hour.csv
Variables in new file:
p_u, t_u, rh_u, rh_u_wrt_ice_or_water, qh_u, wspd_u, wdir_u, wspd_x_u, wspd_y_u, dsr, dsr_cor, usr, usr_cor, albedo, dlr, ulr, cc, t_surf, dlhf_u, dshf_u, z_boom_u, z_boom_cor_u, z_stake, z_stake_cor, z_pt, z_pt_cor, z_surf_combined, z_ice_surf, snow_height, rainfall_u, rainfall_cor_u, t_i_1, t_i_2, t_i_3, t_i_4, t_i_5, t_i_6, t_i_7, t_i_8, d_t_i_1, d_t_i_2, d_t_i_3, d_t_i_4, d_t_i_5, d_t_i_6, d_t_i_7, d_t_i_8, t_i_10m, tilt_x, tilt_y, rot_magnetic, rot_true, gps_lat, gps_lon, gps_alt, lat, lon, alt, batt_v, t_rad, p_i, t_i, rh_i, rh_i_wrt_ice_or_water, wspd_i, wdir_i, wspd_x_i, wspd_y_i

New variables not in old files:


Old variables removed from new files:

 
![QAS_U](../figures/version_comparisons/V39_versus_thredds_hour/QAS_U_0.png)
![QAS_U](../figures/version_comparisons/V39_versus_thredds_hour/QAS_U_1.png)
![QAS_U](../figures/version_comparisons/V39_versus_thredds_hour/QAS_U_2.png)
![QAS_U](../figures/version_comparisons/V39_versus_thredds_hour/QAS_U_3.png)
![QAS_U](../figures/version_comparisons/V39_versus_thredds_hour/QAS_U_4.png)
![QAS_U](../figures/version_comparisons/V39_versus_thredds_hour/QAS_U_5.png)
![QAS_U](../figures/version_comparisons/V39_versus_thredds_hour/QAS_U_6.png)
![QAS_U](../figures/version_comparisons/V39_versus_thredds_hour/QAS_U_7.png)
![QAS_U](../figures/version_comparisons/V39_versus_thredds_hour/QAS_U_8.png)
![QAS_U](../figures/version_comparisons/V39_versus_thredds_hour/QAS_U_9.png)
![QAS_U](../figures/version_comparisons/V39_versus_thredds_hour/QAS_U_10.png)
![QAS_U](../figures/version_comparisons/V39_versus_thredds_hour/QAS_U_11.png)
![QAS_U](../figures/version_comparisons/V39_versus_thredds_hour/QAS_U_12.png)
![QAS_U](../figures/version_comparisons/V39_versus_thredds_hour/QAS_U_13.png)
 
## RED_L
/mnt/ice/Baptiste/geussnow01/dataverse//V39/hour/RED_L_hour.csv
Variables in new file:
p_u, t_u, rh_u, rh_u_wrt_ice_or_water, qh_u, wspd_u, wdir_u, wspd_x_u, wspd_y_u, dsr, dsr_cor, usr, usr_cor, albedo, dlr, ulr, cc, t_surf, dlhf_u, dshf_u, z_boom_u, z_boom_cor_u, z_stake, z_stake_cor, z_surf_combined, z_ice_surf, snow_height, rainfall_u, rainfall_cor_u, t_i_1, t_i_2, t_i_3, t_i_4, t_i_5, t_i_6, t_i_7, t_i_8, d_t_i_1, d_t_i_2, d_t_i_3, d_t_i_4, d_t_i_5, d_t_i_6, d_t_i_7, d_t_i_8, t_i_10m, tilt_x, tilt_y, rot_magnetic, rot_true, gps_lat, gps_lon, gps_alt, lat, lon, alt, batt_v, t_rad, p_i, t_i, rh_i, rh_i_wrt_ice_or_water, wspd_i, wdir_i, wspd_x_i, wspd_y_i

New variables not in old files:


Old variables removed from new files:

 
![RED_L](../figures/version_comparisons/V39_versus_thredds_hour/RED_L_0.png)
![RED_L](../figures/version_comparisons/V39_versus_thredds_hour/RED_L_1.png)
![RED_L](../figures/version_comparisons/V39_versus_thredds_hour/RED_L_2.png)
![RED_L](../figures/version_comparisons/V39_versus_thredds_hour/RED_L_3.png)
![RED_L](../figures/version_comparisons/V39_versus_thredds_hour/RED_L_4.png)
![RED_L](../figures/version_comparisons/V39_versus_thredds_hour/RED_L_5.png)
![RED_L](../figures/version_comparisons/V39_versus_thredds_hour/RED_L_6.png)
![RED_L](../figures/version_comparisons/V39_versus_thredds_hour/RED_L_7.png)
![RED_L](../figures/version_comparisons/V39_versus_thredds_hour/RED_L_8.png)
![RED_L](../figures/version_comparisons/V39_versus_thredds_hour/RED_L_9.png)
![RED_L](../figures/version_comparisons/V39_versus_thredds_hour/RED_L_10.png)
![RED_L](../figures/version_comparisons/V39_versus_thredds_hour/RED_L_11.png)
![RED_L](../figures/version_comparisons/V39_versus_thredds_hour/RED_L_12.png)
![RED_L](../figures/version_comparisons/V39_versus_thredds_hour/RED_L_13.png)
 
## SCO_L
/mnt/ice/Baptiste/geussnow01/dataverse//V39/hour/SCO_L_hour.csv
Variables in new file:
p_u, t_u, rh_u, rh_u_wrt_ice_or_water, qh_u, wspd_u, wdir_u, wspd_x_u, wspd_y_u, dsr, dsr_cor, usr, usr_cor, albedo, dlr, ulr, cc, t_surf, dlhf_u, dshf_u, z_boom_u, z_boom_cor_u, z_stake, z_stake_cor, z_pt, z_pt_cor, z_surf_combined, z_ice_surf, snow_height, rainfall_u, rainfall_cor_u, t_i_1, t_i_2, t_i_3, t_i_4, t_i_5, t_i_6, t_i_7, t_i_8, d_t_i_1, d_t_i_2, d_t_i_3, d_t_i_4, d_t_i_5, d_t_i_6, d_t_i_7, d_t_i_8, t_i_10m, tilt_x, tilt_y, rot_magnetic, rot_true, gps_lat, gps_lon, gps_alt, lat, lon, alt, batt_v, t_rad, p_i, t_i, rh_i, rh_i_wrt_ice_or_water, wspd_i, wdir_i, wspd_x_i, wspd_y_i

New variables not in old files:


Old variables removed from new files:

 
![SCO_L](../figures/version_comparisons/V39_versus_thredds_hour/SCO_L_0.png)
![SCO_L](../figures/version_comparisons/V39_versus_thredds_hour/SCO_L_1.png)
![SCO_L](../figures/version_comparisons/V39_versus_thredds_hour/SCO_L_2.png)
![SCO_L](../figures/version_comparisons/V39_versus_thredds_hour/SCO_L_3.png)
![SCO_L](../figures/version_comparisons/V39_versus_thredds_hour/SCO_L_4.png)
![SCO_L](../figures/version_comparisons/V39_versus_thredds_hour/SCO_L_5.png)
![SCO_L](../figures/version_comparisons/V39_versus_thredds_hour/SCO_L_6.png)
![SCO_L](../figures/version_comparisons/V39_versus_thredds_hour/SCO_L_7.png)
![SCO_L](../figures/version_comparisons/V39_versus_thredds_hour/SCO_L_8.png)
![SCO_L](../figures/version_comparisons/V39_versus_thredds_hour/SCO_L_9.png)
![SCO_L](../figures/version_comparisons/V39_versus_thredds_hour/SCO_L_10.png)
![SCO_L](../figures/version_comparisons/V39_versus_thredds_hour/SCO_L_11.png)
![SCO_L](../figures/version_comparisons/V39_versus_thredds_hour/SCO_L_12.png)
![SCO_L](../figures/version_comparisons/V39_versus_thredds_hour/SCO_L_13.png)
 
## SCO_U
/mnt/ice/Baptiste/geussnow01/dataverse//V39/hour/SCO_U_hour.csv
Variables in new file:
p_u, t_u, rh_u, rh_u_wrt_ice_or_water, qh_u, wspd_u, wdir_u, wspd_x_u, wspd_y_u, dsr, dsr_cor, usr, usr_cor, albedo, dlr, ulr, cc, t_surf, dlhf_u, dshf_u, z_boom_u, z_boom_cor_u, z_stake, z_stake_cor, z_pt, z_pt_cor, z_surf_combined, z_ice_surf, snow_height, rainfall_u, rainfall_cor_u, t_i_1, t_i_2, t_i_3, t_i_4, t_i_5, t_i_6, t_i_7, t_i_8, d_t_i_1, d_t_i_2, d_t_i_3, d_t_i_4, d_t_i_5, d_t_i_6, d_t_i_7, d_t_i_8, t_i_10m, tilt_x, tilt_y, rot_magnetic, rot_true, gps_lat, gps_lon, gps_alt, lat, lon, alt, batt_v, t_rad, p_i, t_i, rh_i, rh_i_wrt_ice_or_water, wspd_i, wdir_i, wspd_x_i, wspd_y_i

New variables not in old files:


Old variables removed from new files:

 
![SCO_U](../figures/version_comparisons/V39_versus_thredds_hour/SCO_U_0.png)
![SCO_U](../figures/version_comparisons/V39_versus_thredds_hour/SCO_U_1.png)
![SCO_U](../figures/version_comparisons/V39_versus_thredds_hour/SCO_U_2.png)
![SCO_U](../figures/version_comparisons/V39_versus_thredds_hour/SCO_U_3.png)
![SCO_U](../figures/version_comparisons/V39_versus_thredds_hour/SCO_U_4.png)
![SCO_U](../figures/version_comparisons/V39_versus_thredds_hour/SCO_U_5.png)
![SCO_U](../figures/version_comparisons/V39_versus_thredds_hour/SCO_U_6.png)
![SCO_U](../figures/version_comparisons/V39_versus_thredds_hour/SCO_U_7.png)
![SCO_U](../figures/version_comparisons/V39_versus_thredds_hour/SCO_U_8.png)
![SCO_U](../figures/version_comparisons/V39_versus_thredds_hour/SCO_U_9.png)
![SCO_U](../figures/version_comparisons/V39_versus_thredds_hour/SCO_U_10.png)
![SCO_U](../figures/version_comparisons/V39_versus_thredds_hour/SCO_U_11.png)
![SCO_U](../figures/version_comparisons/V39_versus_thredds_hour/SCO_U_12.png)
![SCO_U](../figures/version_comparisons/V39_versus_thredds_hour/SCO_U_13.png)
 
## SDL
/mnt/ice/Baptiste/geussnow01/dataverse//V39/hour/SDL_hour.csv
Variables in new file:
p_u, p_l, t_u, t_l, rh_u, rh_u_wrt_ice_or_water, qh_u, rh_l, rh_l_wrt_ice_or_water, qh_l, wspd_u, wspd_l, wdir_u, wdir_l, wspd_x_u, wspd_y_u, wspd_x_l, wspd_y_l, dsr, dsr_cor, usr, usr_cor, albedo, dlr, ulr, cc, t_surf, dlhf_u, dlhf_l, dshf_u, dshf_l, z_boom_u, z_boom_cor_u, z_boom_l, z_boom_cor_l, z_surf_combined, snow_height, rainfall_u, rainfall_cor_u, rainfall_l, rainfall_cor_l, t_i_1, t_i_2, t_i_3, t_i_4, t_i_5, t_i_6, t_i_7, t_i_8, t_i_9, t_i_10, t_i_11, d_t_i_1, d_t_i_2, d_t_i_3, d_t_i_4, d_t_i_5, d_t_i_6, d_t_i_7, d_t_i_8, d_t_i_9, d_t_i_10, d_t_i_11, t_i_10m, tilt_x, tilt_y, rot_magnetic, rot_true, gps_lat, gps_lon, gps_alt, lat, lon, alt, batt_v, t_rad, p_i, t_i, rh_i, rh_i_wrt_ice_or_water, wspd_i, wdir_i, wspd_x_i, wspd_y_i

New variables not in old files:


Old variables removed from new files:

 
![SDL](../figures/version_comparisons/V39_versus_thredds_hour/SDL_0.png)
![SDL](../figures/version_comparisons/V39_versus_thredds_hour/SDL_1.png)
![SDL](../figures/version_comparisons/V39_versus_thredds_hour/SDL_2.png)
![SDL](../figures/version_comparisons/V39_versus_thredds_hour/SDL_3.png)
![SDL](../figures/version_comparisons/V39_versus_thredds_hour/SDL_4.png)
![SDL](../figures/version_comparisons/V39_versus_thredds_hour/SDL_5.png)
![SDL](../figures/version_comparisons/V39_versus_thredds_hour/SDL_6.png)
![SDL](../figures/version_comparisons/V39_versus_thredds_hour/SDL_7.png)
![SDL](../figures/version_comparisons/V39_versus_thredds_hour/SDL_8.png)
![SDL](../figures/version_comparisons/V39_versus_thredds_hour/SDL_9.png)
![SDL](../figures/version_comparisons/V39_versus_thredds_hour/SDL_10.png)
![SDL](../figures/version_comparisons/V39_versus_thredds_hour/SDL_11.png)
![SDL](../figures/version_comparisons/V39_versus_thredds_hour/SDL_12.png)
![SDL](../figures/version_comparisons/V39_versus_thredds_hour/SDL_13.png)
![SDL](../figures/version_comparisons/V39_versus_thredds_hour/SDL_14.png)
![SDL](../figures/version_comparisons/V39_versus_thredds_hour/SDL_15.png)
![SDL](../figures/version_comparisons/V39_versus_thredds_hour/SDL_16.png)
 
## SDM
/mnt/ice/Baptiste/geussnow01/dataverse//V39/hour/SDM_hour.csv
Variables in new file:
p_u, p_l, t_u, t_l, rh_u, rh_u_wrt_ice_or_water, qh_u, rh_l, rh_l_wrt_ice_or_water, qh_l, wspd_u, wspd_l, wdir_u, wdir_l, wspd_x_u, wspd_y_u, wspd_x_l, wspd_y_l, dsr, dsr_cor, usr, usr_cor, albedo, dlr, ulr, cc, t_surf, dlhf_u, dlhf_l, dshf_u, dshf_l, z_boom_u, z_boom_cor_u, z_boom_l, z_boom_cor_l, z_surf_combined, snow_height, rainfall_u, rainfall_cor_u, rainfall_l, rainfall_cor_l, t_i_1, t_i_2, t_i_3, t_i_4, t_i_5, t_i_6, t_i_7, t_i_8, t_i_9, t_i_10, t_i_11, d_t_i_1, d_t_i_2, d_t_i_3, d_t_i_4, d_t_i_5, d_t_i_6, d_t_i_7, d_t_i_8, d_t_i_9, d_t_i_10, d_t_i_11, t_i_10m, tilt_x, tilt_y, rot_magnetic, rot_true, gps_lat, gps_lon, gps_alt, lat, lon, alt, batt_v, t_rad, p_i, t_i, rh_i, rh_i_wrt_ice_or_water, wspd_i, wdir_i, wspd_x_i, wspd_y_i

New variables not in old files:


Old variables removed from new files:

 
![SDM](../figures/version_comparisons/V39_versus_thredds_hour/SDM_0.png)
![SDM](../figures/version_comparisons/V39_versus_thredds_hour/SDM_1.png)
![SDM](../figures/version_comparisons/V39_versus_thredds_hour/SDM_2.png)
![SDM](../figures/version_comparisons/V39_versus_thredds_hour/SDM_3.png)
![SDM](../figures/version_comparisons/V39_versus_thredds_hour/SDM_4.png)
![SDM](../figures/version_comparisons/V39_versus_thredds_hour/SDM_5.png)
![SDM](../figures/version_comparisons/V39_versus_thredds_hour/SDM_6.png)
![SDM](../figures/version_comparisons/V39_versus_thredds_hour/SDM_7.png)
![SDM](../figures/version_comparisons/V39_versus_thredds_hour/SDM_8.png)
![SDM](../figures/version_comparisons/V39_versus_thredds_hour/SDM_9.png)
![SDM](../figures/version_comparisons/V39_versus_thredds_hour/SDM_10.png)
![SDM](../figures/version_comparisons/V39_versus_thredds_hour/SDM_11.png)
![SDM](../figures/version_comparisons/V39_versus_thredds_hour/SDM_12.png)
![SDM](../figures/version_comparisons/V39_versus_thredds_hour/SDM_13.png)
![SDM](../figures/version_comparisons/V39_versus_thredds_hour/SDM_14.png)
![SDM](../figures/version_comparisons/V39_versus_thredds_hour/SDM_15.png)
![SDM](../figures/version_comparisons/V39_versus_thredds_hour/SDM_16.png)
 
## SER_B
/mnt/ice/Baptiste/geussnow01/dataverse//V39/hour/SER_B_hour.csv
Variables in new file:
p_u, t_u, rh_u, rh_u_wrt_ice_or_water, qh_u, wspd_u, wdir_u, wspd_x_u, wspd_y_u, dsr, usr, albedo, dlr, ulr, t_surf, z_boom_u, z_boom_cor_u, z_surf_combined, snow_height, rainfall_u, rainfall_cor_u, tilt_x, tilt_y, rot_magnetic, rot_true, gps_lat, gps_lon, gps_alt, lat, lon, alt, batt_v, t_rad, p_i, t_i, rh_i, rh_i_wrt_ice_or_water, wspd_i, wdir_i, wspd_x_i, wspd_y_i

New variables not in old files:


Old variables removed from new files:

 
![SER_B](../figures/version_comparisons/V39_versus_thredds_hour/SER_B_0.png)
![SER_B](../figures/version_comparisons/V39_versus_thredds_hour/SER_B_1.png)
![SER_B](../figures/version_comparisons/V39_versus_thredds_hour/SER_B_2.png)
![SER_B](../figures/version_comparisons/V39_versus_thredds_hour/SER_B_3.png)
![SER_B](../figures/version_comparisons/V39_versus_thredds_hour/SER_B_4.png)
![SER_B](../figures/version_comparisons/V39_versus_thredds_hour/SER_B_5.png)
![SER_B](../figures/version_comparisons/V39_versus_thredds_hour/SER_B_6.png)
![SER_B](../figures/version_comparisons/V39_versus_thredds_hour/SER_B_7.png)
![SER_B](../figures/version_comparisons/V39_versus_thredds_hour/SER_B_8.png)
 
## STA
/mnt/ice/Baptiste/geussnow01/dataverse//V39/hour/STA_hour.csv
Variables in new file:
p_u, t_u, t_l, rh_u, rh_u_wrt_ice_or_water, qh_u, rh_l, rh_l_wrt_ice_or_water, wspd_u, wspd_l, wdir_u, wdir_l, wspd_x_u, wspd_y_u, wspd_x_l, wspd_y_l, dsr, dsr_cor, usr, usr_cor, albedo, dlr, ulr, cc, t_surf, dlhf_u, dshf_u, z_boom_u, z_boom_cor_u, z_boom_l, z_boom_cor_l, z_surf_combined, snow_height, rainfall_u, rainfall_cor_u, t_i_1, t_i_2, t_i_3, t_i_4, t_i_5, t_i_6, t_i_7, t_i_8, t_i_9, t_i_10, t_i_11, d_t_i_1, d_t_i_2, d_t_i_3, d_t_i_4, d_t_i_5, d_t_i_6, d_t_i_7, d_t_i_8, d_t_i_9, d_t_i_10, d_t_i_11, t_i_10m, tilt_x, tilt_y, rot_magnetic, rot_true, gps_lat, gps_lon, gps_alt, lat, lon, alt, batt_v, t_rad, p_i, t_i, rh_i, rh_i_wrt_ice_or_water, wspd_i, wdir_i, wspd_x_i, wspd_y_i

New variables not in old files:


Old variables removed from new files:

 
![STA](../figures/version_comparisons/V39_versus_thredds_hour/STA_0.png)
![STA](../figures/version_comparisons/V39_versus_thredds_hour/STA_1.png)
![STA](../figures/version_comparisons/V39_versus_thredds_hour/STA_2.png)
![STA](../figures/version_comparisons/V39_versus_thredds_hour/STA_3.png)
![STA](../figures/version_comparisons/V39_versus_thredds_hour/STA_4.png)
![STA](../figures/version_comparisons/V39_versus_thredds_hour/STA_5.png)
![STA](../figures/version_comparisons/V39_versus_thredds_hour/STA_6.png)
![STA](../figures/version_comparisons/V39_versus_thredds_hour/STA_7.png)
![STA](../figures/version_comparisons/V39_versus_thredds_hour/STA_8.png)
![STA](../figures/version_comparisons/V39_versus_thredds_hour/STA_9.png)
![STA](../figures/version_comparisons/V39_versus_thredds_hour/STA_10.png)
![STA](../figures/version_comparisons/V39_versus_thredds_hour/STA_11.png)
![STA](../figures/version_comparisons/V39_versus_thredds_hour/STA_12.png)
![STA](../figures/version_comparisons/V39_versus_thredds_hour/STA_13.png)
![STA](../figures/version_comparisons/V39_versus_thredds_hour/STA_14.png)
![STA](../figures/version_comparisons/V39_versus_thredds_hour/STA_15.png)
 
## SUM
/mnt/ice/Baptiste/geussnow01/dataverse//V39/hour/SUM_hour.csv
Variables in new file:
p_u, t_u, t_l, rh_u, rh_u_wrt_ice_or_water, qh_u, rh_l, rh_l_wrt_ice_or_water, wspd_u, wspd_l, wdir_u, wdir_l, wspd_x_u, wspd_y_u, wspd_x_l, wspd_y_l, dsr, dsr_cor, usr, usr_cor, albedo, dlr, ulr, cc, t_surf, dlhf_u, dshf_u, z_boom_u, z_boom_cor_u, z_boom_l, z_boom_cor_l, z_surf_combined, snow_height, rainfall_u, rainfall_cor_u, t_i_1, t_i_2, t_i_3, t_i_4, t_i_5, t_i_6, t_i_7, t_i_8, t_i_9, t_i_10, t_i_11, d_t_i_1, d_t_i_2, d_t_i_3, d_t_i_4, d_t_i_5, d_t_i_6, d_t_i_7, d_t_i_8, d_t_i_9, d_t_i_10, d_t_i_11, t_i_10m, tilt_x, tilt_y, rot_magnetic, rot_true, gps_lat, gps_lon, gps_alt, lat, lon, alt, batt_v, t_rad, p_i, t_i, rh_i, rh_i_wrt_ice_or_water, wspd_i, wdir_i, wspd_x_i, wspd_y_i

New variables not in old files:


Old variables removed from new files:

 
![SUM](../figures/version_comparisons/V39_versus_thredds_hour/SUM_0.png)
![SUM](../figures/version_comparisons/V39_versus_thredds_hour/SUM_1.png)
![SUM](../figures/version_comparisons/V39_versus_thredds_hour/SUM_2.png)
![SUM](../figures/version_comparisons/V39_versus_thredds_hour/SUM_3.png)
![SUM](../figures/version_comparisons/V39_versus_thredds_hour/SUM_4.png)
![SUM](../figures/version_comparisons/V39_versus_thredds_hour/SUM_5.png)
![SUM](../figures/version_comparisons/V39_versus_thredds_hour/SUM_6.png)
![SUM](../figures/version_comparisons/V39_versus_thredds_hour/SUM_7.png)
![SUM](../figures/version_comparisons/V39_versus_thredds_hour/SUM_8.png)
![SUM](../figures/version_comparisons/V39_versus_thredds_hour/SUM_9.png)
![SUM](../figures/version_comparisons/V39_versus_thredds_hour/SUM_10.png)
![SUM](../figures/version_comparisons/V39_versus_thredds_hour/SUM_11.png)
![SUM](../figures/version_comparisons/V39_versus_thredds_hour/SUM_12.png)
![SUM](../figures/version_comparisons/V39_versus_thredds_hour/SUM_13.png)
![SUM](../figures/version_comparisons/V39_versus_thredds_hour/SUM_14.png)
![SUM](../figures/version_comparisons/V39_versus_thredds_hour/SUM_15.png)
 
## SWC
/mnt/ice/Baptiste/geussnow01/dataverse//V39/hour/SWC_hour.csv
Variables in new file:
p_u, t_u, t_l, rh_u, rh_u_wrt_ice_or_water, qh_u, rh_l, rh_l_wrt_ice_or_water, qh_l, wspd_u, wspd_l, wdir_u, wdir_l, wspd_x_u, wspd_y_u, wspd_x_l, wspd_y_l, dsr, dsr_cor, usr, usr_cor, albedo, dlr, ulr, cc, t_surf, dlhf_u, dshf_u, z_boom_u, z_boom_cor_u, z_boom_cor_l, z_stake, z_stake_cor, z_pt, z_pt_cor, z_surf_combined, z_ice_surf, snow_height, rainfall_u, rainfall_cor_u, t_i_1, t_i_2, t_i_3, t_i_4, t_i_5, t_i_6, t_i_7, t_i_8, t_i_9, t_i_10, d_t_i_1, d_t_i_2, d_t_i_3, d_t_i_4, d_t_i_5, d_t_i_6, d_t_i_7, d_t_i_8, d_t_i_9, d_t_i_10, t_i_10m, tilt_x, tilt_y, rot_magnetic, rot_true, gps_lat, gps_lon, gps_alt, lat, lon, alt, batt_v, t_rad, p_i, t_i, rh_i, rh_i_wrt_ice_or_water, wspd_i, wdir_i, wspd_x_i, wspd_y_i

New variables not in old files:


Old variables removed from new files:

 
![SWC](../figures/version_comparisons/V39_versus_thredds_hour/SWC_0.png)
![SWC](../figures/version_comparisons/V39_versus_thredds_hour/SWC_1.png)
![SWC](../figures/version_comparisons/V39_versus_thredds_hour/SWC_2.png)
![SWC](../figures/version_comparisons/V39_versus_thredds_hour/SWC_3.png)
![SWC](../figures/version_comparisons/V39_versus_thredds_hour/SWC_4.png)
![SWC](../figures/version_comparisons/V39_versus_thredds_hour/SWC_5.png)
![SWC](../figures/version_comparisons/V39_versus_thredds_hour/SWC_6.png)
![SWC](../figures/version_comparisons/V39_versus_thredds_hour/SWC_7.png)
![SWC](../figures/version_comparisons/V39_versus_thredds_hour/SWC_8.png)
![SWC](../figures/version_comparisons/V39_versus_thredds_hour/SWC_9.png)
![SWC](../figures/version_comparisons/V39_versus_thredds_hour/SWC_10.png)
![SWC](../figures/version_comparisons/V39_versus_thredds_hour/SWC_11.png)
![SWC](../figures/version_comparisons/V39_versus_thredds_hour/SWC_12.png)
![SWC](../figures/version_comparisons/V39_versus_thredds_hour/SWC_13.png)
![SWC](../figures/version_comparisons/V39_versus_thredds_hour/SWC_14.png)
![SWC](../figures/version_comparisons/V39_versus_thredds_hour/SWC_15.png)
![SWC](../figures/version_comparisons/V39_versus_thredds_hour/SWC_16.png)
 
## TAS_A
/mnt/ice/Baptiste/geussnow01/dataverse//V39/hour/TAS_A_hour.csv
Variables in new file:
p_u, t_u, rh_u, rh_u_wrt_ice_or_water, qh_u, wspd_u, wdir_u, wspd_x_u, wspd_y_u, dsr, dsr_cor, usr, usr_cor, albedo, dlr, ulr, cc, t_surf, dlhf_u, dshf_u, z_boom_u, z_boom_cor_u, z_stake, z_stake_cor, z_pt, z_pt_cor, z_surf_combined, z_ice_surf, snow_height, rainfall_u, rainfall_cor_u, t_i_1, t_i_2, t_i_3, t_i_4, t_i_5, t_i_6, t_i_7, t_i_8, d_t_i_1, d_t_i_2, d_t_i_3, d_t_i_4, d_t_i_5, d_t_i_6, d_t_i_7, d_t_i_8, t_i_10m, tilt_x, tilt_y, rot_magnetic, rot_true, gps_lat, gps_lon, gps_alt, lat, lon, alt, batt_v, t_rad, p_i, t_i, rh_i, rh_i_wrt_ice_or_water, wspd_i, wdir_i, wspd_x_i, wspd_y_i

New variables not in old files:


Old variables removed from new files:

 
![TAS_A](../figures/version_comparisons/V39_versus_thredds_hour/TAS_A_0.png)
![TAS_A](../figures/version_comparisons/V39_versus_thredds_hour/TAS_A_1.png)
![TAS_A](../figures/version_comparisons/V39_versus_thredds_hour/TAS_A_2.png)
![TAS_A](../figures/version_comparisons/V39_versus_thredds_hour/TAS_A_3.png)
![TAS_A](../figures/version_comparisons/V39_versus_thredds_hour/TAS_A_4.png)
![TAS_A](../figures/version_comparisons/V39_versus_thredds_hour/TAS_A_5.png)
![TAS_A](../figures/version_comparisons/V39_versus_thredds_hour/TAS_A_6.png)
![TAS_A](../figures/version_comparisons/V39_versus_thredds_hour/TAS_A_7.png)
![TAS_A](../figures/version_comparisons/V39_versus_thredds_hour/TAS_A_8.png)
![TAS_A](../figures/version_comparisons/V39_versus_thredds_hour/TAS_A_9.png)
![TAS_A](../figures/version_comparisons/V39_versus_thredds_hour/TAS_A_10.png)
![TAS_A](../figures/version_comparisons/V39_versus_thredds_hour/TAS_A_11.png)
![TAS_A](../figures/version_comparisons/V39_versus_thredds_hour/TAS_A_12.png)
![TAS_A](../figures/version_comparisons/V39_versus_thredds_hour/TAS_A_13.png)
 
## TAS_L
/mnt/ice/Baptiste/geussnow01/dataverse//V39/hour/TAS_L_hour.csv
Variables in new file:
p_u, t_u, rh_u, rh_u_wrt_ice_or_water, qh_u, wspd_u, wdir_u, wspd_x_u, wspd_y_u, dsr, dsr_cor, usr, usr_cor, albedo, dlr, ulr, cc, t_surf, dlhf_u, dshf_u, z_boom_u, z_boom_cor_u, z_stake, z_stake_cor, z_pt, z_pt_cor, z_surf_combined, z_ice_surf, snow_height, t_i_1, t_i_2, t_i_3, t_i_4, t_i_5, t_i_6, t_i_7, t_i_8, d_t_i_1, d_t_i_2, d_t_i_3, d_t_i_4, d_t_i_5, d_t_i_6, d_t_i_7, d_t_i_8, t_i_10m, tilt_x, tilt_y, rot_true, gps_lat, gps_lon, gps_alt, lat, lon, alt, batt_v, t_rad, p_i, t_i, rh_i, rh_i_wrt_ice_or_water, wspd_i, wdir_i, wspd_x_i, wspd_y_i

New variables not in old files:


Old variables removed from new files:

 
![TAS_L](../figures/version_comparisons/V39_versus_thredds_hour/TAS_L_0.png)
![TAS_L](../figures/version_comparisons/V39_versus_thredds_hour/TAS_L_1.png)
![TAS_L](../figures/version_comparisons/V39_versus_thredds_hour/TAS_L_2.png)
![TAS_L](../figures/version_comparisons/V39_versus_thredds_hour/TAS_L_3.png)
![TAS_L](../figures/version_comparisons/V39_versus_thredds_hour/TAS_L_4.png)
![TAS_L](../figures/version_comparisons/V39_versus_thredds_hour/TAS_L_5.png)
![TAS_L](../figures/version_comparisons/V39_versus_thredds_hour/TAS_L_6.png)
![TAS_L](../figures/version_comparisons/V39_versus_thredds_hour/TAS_L_7.png)
![TAS_L](../figures/version_comparisons/V39_versus_thredds_hour/TAS_L_8.png)
![TAS_L](../figures/version_comparisons/V39_versus_thredds_hour/TAS_L_9.png)
![TAS_L](../figures/version_comparisons/V39_versus_thredds_hour/TAS_L_10.png)
![TAS_L](../figures/version_comparisons/V39_versus_thredds_hour/TAS_L_11.png)
![TAS_L](../figures/version_comparisons/V39_versus_thredds_hour/TAS_L_12.png)
 
## TAS_U
/mnt/ice/Baptiste/geussnow01/dataverse//V39/hour/TAS_U_hour.csv
No data from TAS_U in the last year
## THU_L
/mnt/ice/Baptiste/geussnow01/dataverse//V39/hour/THU_L_hour.csv
Variables in new file:
p_u, t_u, rh_u, rh_u_wrt_ice_or_water, qh_u, wspd_u, wdir_u, wspd_x_u, wspd_y_u, dsr, dsr_cor, usr, usr_cor, albedo, dlr, ulr, cc, t_surf, dlhf_u, dshf_u, z_boom_u, z_boom_cor_u, z_stake, z_stake_cor, z_pt, z_pt_cor, z_surf_combined, z_ice_surf, snow_height, t_i_1, t_i_2, t_i_3, t_i_4, t_i_5, t_i_6, t_i_7, t_i_8, d_t_i_1, d_t_i_2, d_t_i_3, d_t_i_4, d_t_i_5, d_t_i_6, d_t_i_7, d_t_i_8, t_i_10m, tilt_x, tilt_y, rot_true, gps_lat, gps_lon, gps_alt, lat, lon, alt, batt_v, t_rad, p_i, t_i, rh_i, rh_i_wrt_ice_or_water, wspd_i, wdir_i, wspd_x_i, wspd_y_i

New variables not in old files:


Old variables removed from new files:

 
![THU_L](../figures/version_comparisons/V39_versus_thredds_hour/THU_L_0.png)
![THU_L](../figures/version_comparisons/V39_versus_thredds_hour/THU_L_1.png)
![THU_L](../figures/version_comparisons/V39_versus_thredds_hour/THU_L_2.png)
![THU_L](../figures/version_comparisons/V39_versus_thredds_hour/THU_L_3.png)
![THU_L](../figures/version_comparisons/V39_versus_thredds_hour/THU_L_4.png)
![THU_L](../figures/version_comparisons/V39_versus_thredds_hour/THU_L_5.png)
![THU_L](../figures/version_comparisons/V39_versus_thredds_hour/THU_L_6.png)
![THU_L](../figures/version_comparisons/V39_versus_thredds_hour/THU_L_7.png)
![THU_L](../figures/version_comparisons/V39_versus_thredds_hour/THU_L_8.png)
![THU_L](../figures/version_comparisons/V39_versus_thredds_hour/THU_L_9.png)
![THU_L](../figures/version_comparisons/V39_versus_thredds_hour/THU_L_10.png)
![THU_L](../figures/version_comparisons/V39_versus_thredds_hour/THU_L_11.png)
![THU_L](../figures/version_comparisons/V39_versus_thredds_hour/THU_L_12.png)
 
## THU_L2
/mnt/ice/Baptiste/geussnow01/dataverse//V39/hour/THU_L2_hour.csv
Variables in new file:
p_u, t_u, rh_u, rh_u_wrt_ice_or_water, qh_u, wspd_u, wdir_u, wspd_x_u, wspd_y_u, dsr, dsr_cor, usr, usr_cor, albedo, dlr, ulr, cc, t_surf, dlhf_u, dshf_u, z_boom_u, z_boom_cor_u, z_stake, z_stake_cor, z_pt, z_pt_cor, z_surf_combined, z_ice_surf, snow_height, t_i_1, t_i_2, t_i_3, t_i_4, t_i_5, t_i_6, t_i_7, t_i_8, d_t_i_1, d_t_i_2, d_t_i_3, d_t_i_4, d_t_i_5, d_t_i_6, d_t_i_7, d_t_i_8, t_i_10m, tilt_x, tilt_y, rot_true, gps_lat, gps_lon, gps_alt, lat, lon, alt, batt_v, t_rad, p_i, t_i, rh_i, rh_i_wrt_ice_or_water, wspd_i, wdir_i, wspd_x_i, wspd_y_i

New variables not in old files:


Old variables removed from new files:

 
![THU_L2](../figures/version_comparisons/V39_versus_thredds_hour/THU_L2_0.png)
![THU_L2](../figures/version_comparisons/V39_versus_thredds_hour/THU_L2_1.png)
![THU_L2](../figures/version_comparisons/V39_versus_thredds_hour/THU_L2_2.png)
![THU_L2](../figures/version_comparisons/V39_versus_thredds_hour/THU_L2_3.png)
![THU_L2](../figures/version_comparisons/V39_versus_thredds_hour/THU_L2_4.png)
![THU_L2](../figures/version_comparisons/V39_versus_thredds_hour/THU_L2_5.png)
![THU_L2](../figures/version_comparisons/V39_versus_thredds_hour/THU_L2_6.png)
![THU_L2](../figures/version_comparisons/V39_versus_thredds_hour/THU_L2_7.png)
![THU_L2](../figures/version_comparisons/V39_versus_thredds_hour/THU_L2_8.png)
![THU_L2](../figures/version_comparisons/V39_versus_thredds_hour/THU_L2_9.png)
![THU_L2](../figures/version_comparisons/V39_versus_thredds_hour/THU_L2_10.png)
![THU_L2](../figures/version_comparisons/V39_versus_thredds_hour/THU_L2_11.png)
![THU_L2](../figures/version_comparisons/V39_versus_thredds_hour/THU_L2_12.png)
 
## THU_U
/mnt/ice/Baptiste/geussnow01/dataverse//V39/hour/THU_U_hour.csv
Variables in new file:
p_u, t_u, rh_u, rh_u_wrt_ice_or_water, qh_u, wspd_u, wdir_u, wspd_x_u, wspd_y_u, dsr, dsr_cor, usr, usr_cor, albedo, dlr, ulr, cc, t_surf, dlhf_u, dshf_u, z_boom_u, z_boom_cor_u, z_stake, z_stake_cor, z_pt, z_pt_cor, z_surf_combined, z_ice_surf, snow_height, rainfall_u, rainfall_cor_u, t_i_1, t_i_2, t_i_3, t_i_4, t_i_5, t_i_6, t_i_7, t_i_8, d_t_i_1, d_t_i_2, d_t_i_3, d_t_i_4, d_t_i_5, d_t_i_6, d_t_i_7, d_t_i_8, t_i_10m, tilt_x, tilt_y, rot_magnetic, rot_true, gps_lat, gps_lon, gps_alt, lat, lon, alt, batt_v, t_rad, p_i, t_i, rh_i, rh_i_wrt_ice_or_water, wspd_i, wdir_i, wspd_x_i, wspd_y_i

New variables not in old files:


Old variables removed from new files:

 
![THU_U](../figures/version_comparisons/V39_versus_thredds_hour/THU_U_0.png)
![THU_U](../figures/version_comparisons/V39_versus_thredds_hour/THU_U_1.png)
![THU_U](../figures/version_comparisons/V39_versus_thredds_hour/THU_U_2.png)
![THU_U](../figures/version_comparisons/V39_versus_thredds_hour/THU_U_3.png)
![THU_U](../figures/version_comparisons/V39_versus_thredds_hour/THU_U_4.png)
![THU_U](../figures/version_comparisons/V39_versus_thredds_hour/THU_U_5.png)
![THU_U](../figures/version_comparisons/V39_versus_thredds_hour/THU_U_6.png)
![THU_U](../figures/version_comparisons/V39_versus_thredds_hour/THU_U_7.png)
![THU_U](../figures/version_comparisons/V39_versus_thredds_hour/THU_U_8.png)
![THU_U](../figures/version_comparisons/V39_versus_thredds_hour/THU_U_9.png)
![THU_U](../figures/version_comparisons/V39_versus_thredds_hour/THU_U_10.png)
![THU_U](../figures/version_comparisons/V39_versus_thredds_hour/THU_U_11.png)
![THU_U](../figures/version_comparisons/V39_versus_thredds_hour/THU_U_12.png)
![THU_U](../figures/version_comparisons/V39_versus_thredds_hour/THU_U_13.png)
 
## TUN
/mnt/ice/Baptiste/geussnow01/dataverse//V39/hour/TUN_hour.csv
Variables in new file:
p_u, p_l, t_u, t_l, rh_u, rh_u_wrt_ice_or_water, qh_u, rh_l, rh_l_wrt_ice_or_water, qh_l, wspd_u, wspd_l, wdir_u, wdir_l, wspd_x_u, wspd_y_u, wspd_x_l, wspd_y_l, dsr, dsr_cor, usr, usr_cor, albedo, dlr, ulr, cc, t_surf, dlhf_u, dlhf_l, dshf_u, dshf_l, z_boom_u, z_boom_cor_u, z_boom_l, z_boom_cor_l, z_surf_combined, snow_height, rainfall_u, rainfall_cor_u, rainfall_l, rainfall_cor_l, t_i_1, t_i_2, t_i_3, t_i_4, t_i_5, t_i_6, t_i_7, t_i_8, t_i_9, t_i_10, t_i_11, d_t_i_1, d_t_i_2, d_t_i_3, d_t_i_4, d_t_i_5, d_t_i_6, d_t_i_7, d_t_i_8, d_t_i_9, d_t_i_10, d_t_i_11, t_i_10m, tilt_x, tilt_y, rot_magnetic, rot_true, gps_lat, gps_lon, gps_alt, lat, lon, alt, batt_v, t_rad, p_i, t_i, rh_i, rh_i_wrt_ice_or_water, wspd_i, wdir_i, wspd_x_i, wspd_y_i

New variables not in old files:


Old variables removed from new files:

 
![TUN](../figures/version_comparisons/V39_versus_thredds_hour/TUN_0.png)
![TUN](../figures/version_comparisons/V39_versus_thredds_hour/TUN_1.png)
![TUN](../figures/version_comparisons/V39_versus_thredds_hour/TUN_2.png)
![TUN](../figures/version_comparisons/V39_versus_thredds_hour/TUN_3.png)
![TUN](../figures/version_comparisons/V39_versus_thredds_hour/TUN_4.png)
![TUN](../figures/version_comparisons/V39_versus_thredds_hour/TUN_5.png)
![TUN](../figures/version_comparisons/V39_versus_thredds_hour/TUN_6.png)
![TUN](../figures/version_comparisons/V39_versus_thredds_hour/TUN_7.png)
![TUN](../figures/version_comparisons/V39_versus_thredds_hour/TUN_8.png)
![TUN](../figures/version_comparisons/V39_versus_thredds_hour/TUN_9.png)
![TUN](../figures/version_comparisons/V39_versus_thredds_hour/TUN_10.png)
![TUN](../figures/version_comparisons/V39_versus_thredds_hour/TUN_11.png)
![TUN](../figures/version_comparisons/V39_versus_thredds_hour/TUN_12.png)
![TUN](../figures/version_comparisons/V39_versus_thredds_hour/TUN_13.png)
![TUN](../figures/version_comparisons/V39_versus_thredds_hour/TUN_14.png)
![TUN](../figures/version_comparisons/V39_versus_thredds_hour/TUN_15.png)
![TUN](../figures/version_comparisons/V39_versus_thredds_hour/TUN_16.png)
 
## UPE_L
/mnt/ice/Baptiste/geussnow01/dataverse//V39/hour/UPE_L_hour.csv
Variables in new file:
p_u, t_u, rh_u, rh_u_wrt_ice_or_water, qh_u, wspd_u, wdir_u, wspd_x_u, wspd_y_u, dsr, dsr_cor, usr, usr_cor, albedo, dlr, ulr, cc, t_surf, dlhf_u, dshf_u, z_boom_u, z_boom_cor_u, z_stake, z_stake_cor, z_pt, z_pt_cor, z_surf_combined, z_ice_surf, snow_height, t_i_1, t_i_2, t_i_3, t_i_4, t_i_5, t_i_6, t_i_7, t_i_8, d_t_i_1, d_t_i_2, d_t_i_3, d_t_i_4, d_t_i_5, d_t_i_6, d_t_i_7, d_t_i_8, t_i_10m, tilt_x, tilt_y, rot_true, gps_lat, gps_lon, gps_alt, lat, lon, alt, batt_v, t_rad, p_i, t_i, rh_i, rh_i_wrt_ice_or_water, wspd_i, wdir_i, wspd_x_i, wspd_y_i

New variables not in old files:


Old variables removed from new files:

 
![UPE_L](../figures/version_comparisons/V39_versus_thredds_hour/UPE_L_0.png)
![UPE_L](../figures/version_comparisons/V39_versus_thredds_hour/UPE_L_1.png)
![UPE_L](../figures/version_comparisons/V39_versus_thredds_hour/UPE_L_2.png)
![UPE_L](../figures/version_comparisons/V39_versus_thredds_hour/UPE_L_3.png)
![UPE_L](../figures/version_comparisons/V39_versus_thredds_hour/UPE_L_4.png)
![UPE_L](../figures/version_comparisons/V39_versus_thredds_hour/UPE_L_5.png)
![UPE_L](../figures/version_comparisons/V39_versus_thredds_hour/UPE_L_6.png)
![UPE_L](../figures/version_comparisons/V39_versus_thredds_hour/UPE_L_7.png)
![UPE_L](../figures/version_comparisons/V39_versus_thredds_hour/UPE_L_8.png)
![UPE_L](../figures/version_comparisons/V39_versus_thredds_hour/UPE_L_9.png)
![UPE_L](../figures/version_comparisons/V39_versus_thredds_hour/UPE_L_10.png)
![UPE_L](../figures/version_comparisons/V39_versus_thredds_hour/UPE_L_11.png)
![UPE_L](../figures/version_comparisons/V39_versus_thredds_hour/UPE_L_12.png)
 
## UPE_U
/mnt/ice/Baptiste/geussnow01/dataverse//V39/hour/UPE_U_hour.csv
Variables in new file:
p_u, t_u, rh_u, rh_u_wrt_ice_or_water, qh_u, wspd_u, wdir_u, wspd_x_u, wspd_y_u, dsr, dsr_cor, usr, usr_cor, albedo, dlr, ulr, cc, t_surf, dlhf_u, dshf_u, z_boom_u, z_boom_cor_u, z_stake, z_stake_cor, z_pt, z_pt_cor, z_surf_combined, z_ice_surf, snow_height, t_i_1, t_i_2, t_i_3, t_i_4, t_i_5, t_i_6, t_i_7, t_i_8, d_t_i_1, d_t_i_2, d_t_i_3, d_t_i_4, d_t_i_5, d_t_i_6, d_t_i_7, d_t_i_8, t_i_10m, tilt_x, tilt_y, rot_true, gps_lat, gps_lon, gps_alt, lat, lon, alt, batt_v, t_rad, p_i, t_i, rh_i, rh_i_wrt_ice_or_water, wspd_i, wdir_i, wspd_x_i, wspd_y_i

New variables not in old files:


Old variables removed from new files:

 
![UPE_U](../figures/version_comparisons/V39_versus_thredds_hour/UPE_U_0.png)
![UPE_U](../figures/version_comparisons/V39_versus_thredds_hour/UPE_U_1.png)
![UPE_U](../figures/version_comparisons/V39_versus_thredds_hour/UPE_U_2.png)
![UPE_U](../figures/version_comparisons/V39_versus_thredds_hour/UPE_U_3.png)
![UPE_U](../figures/version_comparisons/V39_versus_thredds_hour/UPE_U_4.png)
![UPE_U](../figures/version_comparisons/V39_versus_thredds_hour/UPE_U_5.png)
![UPE_U](../figures/version_comparisons/V39_versus_thredds_hour/UPE_U_6.png)
![UPE_U](../figures/version_comparisons/V39_versus_thredds_hour/UPE_U_7.png)
![UPE_U](../figures/version_comparisons/V39_versus_thredds_hour/UPE_U_8.png)
![UPE_U](../figures/version_comparisons/V39_versus_thredds_hour/UPE_U_9.png)
![UPE_U](../figures/version_comparisons/V39_versus_thredds_hour/UPE_U_10.png)
![UPE_U](../figures/version_comparisons/V39_versus_thredds_hour/UPE_U_11.png)
![UPE_U](../figures/version_comparisons/V39_versus_thredds_hour/UPE_U_12.png)
 
## WEG_B
/mnt/ice/Baptiste/geussnow01/dataverse//V39/hour/WEG_B_hour.csv
Variables in new file:
p_u, t_u, rh_u, rh_u_wrt_ice_or_water, qh_u, wspd_u, wdir_u, wspd_x_u, wspd_y_u, dsr, usr, albedo, dlr, ulr, t_surf, z_boom_u, z_boom_cor_u, z_surf_combined, snow_height, rainfall_u, rainfall_cor_u, tilt_x, tilt_y, rot_magnetic, rot_true, gps_lat, gps_lon, gps_alt, lat, lon, alt, batt_v, t_rad, p_i, t_i, rh_i, rh_i_wrt_ice_or_water, wspd_i, wdir_i, wspd_x_i, wspd_y_i

New variables not in old files:


Old variables removed from new files:

 
![WEG_B](../figures/version_comparisons/V39_versus_thredds_hour/WEG_B_0.png)
![WEG_B](../figures/version_comparisons/V39_versus_thredds_hour/WEG_B_1.png)
![WEG_B](../figures/version_comparisons/V39_versus_thredds_hour/WEG_B_2.png)
![WEG_B](../figures/version_comparisons/V39_versus_thredds_hour/WEG_B_3.png)
![WEG_B](../figures/version_comparisons/V39_versus_thredds_hour/WEG_B_4.png)
![WEG_B](../figures/version_comparisons/V39_versus_thredds_hour/WEG_B_5.png)
![WEG_B](../figures/version_comparisons/V39_versus_thredds_hour/WEG_B_6.png)
![WEG_B](../figures/version_comparisons/V39_versus_thredds_hour/WEG_B_7.png)
![WEG_B](../figures/version_comparisons/V39_versus_thredds_hour/WEG_B_8.png)
 
## WEG_L
/mnt/ice/Baptiste/geussnow01/dataverse//V39/hour/WEG_L_hour.csv
Variables in new file:
p_u, t_u, rh_u, rh_u_wrt_ice_or_water, qh_u, wspd_u, wdir_u, wspd_x_u, wspd_y_u, dsr, dsr_cor, usr, usr_cor, albedo, dlr, ulr, cc, t_surf, dlhf_u, dshf_u, z_boom_u, z_boom_cor_u, z_stake, z_stake_cor, z_pt, z_pt_cor, z_surf_combined, z_ice_surf, snow_height, rainfall_u, rainfall_cor_u, t_i_1, t_i_2, t_i_3, t_i_4, t_i_5, t_i_6, t_i_7, t_i_8, d_t_i_1, d_t_i_2, d_t_i_3, d_t_i_4, d_t_i_5, d_t_i_6, d_t_i_7, d_t_i_8, tilt_x, tilt_y, rot_magnetic, rot_true, gps_lat, gps_lon, gps_alt, lat, lon, alt, batt_v, t_rad, p_i, t_i, rh_i, rh_i_wrt_ice_or_water, wspd_i, wdir_i, wspd_x_i, wspd_y_i

New variables not in old files:


Old variables removed from new files:

 
![WEG_L](../figures/version_comparisons/V39_versus_thredds_hour/WEG_L_0.png)
![WEG_L](../figures/version_comparisons/V39_versus_thredds_hour/WEG_L_1.png)
![WEG_L](../figures/version_comparisons/V39_versus_thredds_hour/WEG_L_2.png)
![WEG_L](../figures/version_comparisons/V39_versus_thredds_hour/WEG_L_3.png)
![WEG_L](../figures/version_comparisons/V39_versus_thredds_hour/WEG_L_4.png)
![WEG_L](../figures/version_comparisons/V39_versus_thredds_hour/WEG_L_5.png)
![WEG_L](../figures/version_comparisons/V39_versus_thredds_hour/WEG_L_6.png)
![WEG_L](../figures/version_comparisons/V39_versus_thredds_hour/WEG_L_7.png)
![WEG_L](../figures/version_comparisons/V39_versus_thredds_hour/WEG_L_8.png)
![WEG_L](../figures/version_comparisons/V39_versus_thredds_hour/WEG_L_9.png)
![WEG_L](../figures/version_comparisons/V39_versus_thredds_hour/WEG_L_10.png)
![WEG_L](../figures/version_comparisons/V39_versus_thredds_hour/WEG_L_11.png)
![WEG_L](../figures/version_comparisons/V39_versus_thredds_hour/WEG_L_12.png)
![WEG_L](../figures/version_comparisons/V39_versus_thredds_hour/WEG_L_13.png)
 
## ZAC_A
/mnt/ice/Baptiste/geussnow01/dataverse//V39/hour/ZAC_A_hour.csv
Variables in new file:
p_u, p_l, t_u, t_l, rh_u, rh_u_wrt_ice_or_water, qh_u, rh_l, rh_l_wrt_ice_or_water, qh_l, wspd_u, wspd_l, wdir_u, wdir_l, wspd_x_u, wspd_y_u, wspd_x_l, wspd_y_l, dsr, dsr_cor, usr, usr_cor, albedo, dlr, ulr, cc, t_surf, dlhf_u, dlhf_l, dshf_u, dshf_l, z_boom_u, z_boom_cor_u, z_boom_l, z_boom_cor_l, z_stake, z_surf_combined, snow_height, rainfall_u, rainfall_cor_u, rainfall_l, rainfall_cor_l, t_i_1, t_i_2, t_i_3, t_i_4, t_i_5, t_i_6, t_i_7, t_i_8, t_i_9, t_i_10, t_i_11, d_t_i_1, d_t_i_2, d_t_i_3, d_t_i_4, d_t_i_5, d_t_i_6, d_t_i_7, d_t_i_8, d_t_i_9, d_t_i_10, d_t_i_11, t_i_10m, tilt_x, tilt_y, rot_magnetic, rot_true, gps_lat, gps_lon, gps_alt, lat, lon, alt, batt_v, t_rad, p_i, t_i, rh_i, rh_i_wrt_ice_or_water, wspd_i, wdir_i, wspd_x_i, wspd_y_i

New variables not in old files:


Old variables removed from new files:

 
![ZAC_A](../figures/version_comparisons/V39_versus_thredds_hour/ZAC_A_0.png)
![ZAC_A](../figures/version_comparisons/V39_versus_thredds_hour/ZAC_A_1.png)
![ZAC_A](../figures/version_comparisons/V39_versus_thredds_hour/ZAC_A_2.png)
![ZAC_A](../figures/version_comparisons/V39_versus_thredds_hour/ZAC_A_3.png)
![ZAC_A](../figures/version_comparisons/V39_versus_thredds_hour/ZAC_A_4.png)
![ZAC_A](../figures/version_comparisons/V39_versus_thredds_hour/ZAC_A_5.png)
![ZAC_A](../figures/version_comparisons/V39_versus_thredds_hour/ZAC_A_6.png)
![ZAC_A](../figures/version_comparisons/V39_versus_thredds_hour/ZAC_A_7.png)
![ZAC_A](../figures/version_comparisons/V39_versus_thredds_hour/ZAC_A_8.png)
![ZAC_A](../figures/version_comparisons/V39_versus_thredds_hour/ZAC_A_9.png)
![ZAC_A](../figures/version_comparisons/V39_versus_thredds_hour/ZAC_A_10.png)
![ZAC_A](../figures/version_comparisons/V39_versus_thredds_hour/ZAC_A_11.png)
![ZAC_A](../figures/version_comparisons/V39_versus_thredds_hour/ZAC_A_12.png)
![ZAC_A](../figures/version_comparisons/V39_versus_thredds_hour/ZAC_A_13.png)
![ZAC_A](../figures/version_comparisons/V39_versus_thredds_hour/ZAC_A_14.png)
![ZAC_A](../figures/version_comparisons/V39_versus_thredds_hour/ZAC_A_15.png)
![ZAC_A](../figures/version_comparisons/V39_versus_thredds_hour/ZAC_A_16.png)
 
## ZAC_L
/mnt/ice/Baptiste/geussnow01/dataverse//V39/hour/ZAC_L_hour.csv
Variables in new file:
p_u, t_u, rh_u, rh_u_wrt_ice_or_water, qh_u, wspd_u, wdir_u, wspd_x_u, wspd_y_u, dsr, dsr_cor, usr, usr_cor, albedo, dlr, ulr, cc, t_surf, dlhf_u, dshf_u, z_boom_u, z_boom_cor_u, z_stake, z_stake_cor, z_pt, z_pt_cor, z_surf_combined, z_ice_surf, snow_height, rainfall_u, rainfall_cor_u, t_i_1, t_i_2, t_i_3, t_i_4, t_i_5, t_i_6, t_i_7, t_i_8, d_t_i_1, d_t_i_2, d_t_i_3, d_t_i_4, d_t_i_5, d_t_i_6, d_t_i_7, d_t_i_8, t_i_10m, tilt_x, tilt_y, rot_magnetic, rot_true, gps_lat, gps_lon, gps_alt, lat, lon, alt, batt_v, t_rad, p_i, t_i, rh_i, rh_i_wrt_ice_or_water, wspd_i, wdir_i, wspd_x_i, wspd_y_i

New variables not in old files:


Old variables removed from new files:

 
![ZAC_L](../figures/version_comparisons/V39_versus_thredds_hour/ZAC_L_0.png)
![ZAC_L](../figures/version_comparisons/V39_versus_thredds_hour/ZAC_L_1.png)
![ZAC_L](../figures/version_comparisons/V39_versus_thredds_hour/ZAC_L_2.png)
![ZAC_L](../figures/version_comparisons/V39_versus_thredds_hour/ZAC_L_3.png)
![ZAC_L](../figures/version_comparisons/V39_versus_thredds_hour/ZAC_L_4.png)
![ZAC_L](../figures/version_comparisons/V39_versus_thredds_hour/ZAC_L_5.png)
![ZAC_L](../figures/version_comparisons/V39_versus_thredds_hour/ZAC_L_6.png)
![ZAC_L](../figures/version_comparisons/V39_versus_thredds_hour/ZAC_L_7.png)
![ZAC_L](../figures/version_comparisons/V39_versus_thredds_hour/ZAC_L_8.png)
![ZAC_L](../figures/version_comparisons/V39_versus_thredds_hour/ZAC_L_9.png)
![ZAC_L](../figures/version_comparisons/V39_versus_thredds_hour/ZAC_L_10.png)
![ZAC_L](../figures/version_comparisons/V39_versus_thredds_hour/ZAC_L_11.png)
![ZAC_L](../figures/version_comparisons/V39_versus_thredds_hour/ZAC_L_12.png)
![ZAC_L](../figures/version_comparisons/V39_versus_thredds_hour/ZAC_L_13.png)
 
## ZAC_U
/mnt/ice/Baptiste/geussnow01/dataverse//V39/hour/ZAC_U_hour.csv
Variables in new file:
p_u, t_u, rh_u, rh_u_wrt_ice_or_water, qh_u, wspd_u, wdir_u, wspd_x_u, wspd_y_u, dsr, dsr_cor, usr, usr_cor, albedo, dlr, ulr, cc, t_surf, dlhf_u, dshf_u, z_boom_u, z_boom_cor_u, z_stake, z_stake_cor, z_pt, z_pt_cor, z_surf_combined, z_ice_surf, snow_height, rainfall_u, rainfall_cor_u, t_i_1, t_i_2, t_i_3, t_i_4, t_i_5, t_i_6, t_i_7, t_i_8, d_t_i_1, d_t_i_2, d_t_i_3, d_t_i_4, d_t_i_5, d_t_i_6, d_t_i_7, d_t_i_8, t_i_10m, tilt_x, tilt_y, rot_magnetic, rot_true, gps_lat, gps_lon, gps_alt, lat, lon, alt, batt_v, t_rad, p_i, t_i, rh_i, rh_i_wrt_ice_or_water, wspd_i, wdir_i, wspd_x_i, wspd_y_i

New variables not in old files:


Old variables removed from new files:

 
![ZAC_U](../figures/version_comparisons/V39_versus_thredds_hour/ZAC_U_0.png)
![ZAC_U](../figures/version_comparisons/V39_versus_thredds_hour/ZAC_U_1.png)
![ZAC_U](../figures/version_comparisons/V39_versus_thredds_hour/ZAC_U_2.png)
![ZAC_U](../figures/version_comparisons/V39_versus_thredds_hour/ZAC_U_3.png)
![ZAC_U](../figures/version_comparisons/V39_versus_thredds_hour/ZAC_U_4.png)
![ZAC_U](../figures/version_comparisons/V39_versus_thredds_hour/ZAC_U_5.png)
![ZAC_U](../figures/version_comparisons/V39_versus_thredds_hour/ZAC_U_6.png)
![ZAC_U](../figures/version_comparisons/V39_versus_thredds_hour/ZAC_U_7.png)
![ZAC_U](../figures/version_comparisons/V39_versus_thredds_hour/ZAC_U_8.png)
![ZAC_U](../figures/version_comparisons/V39_versus_thredds_hour/ZAC_U_9.png)
![ZAC_U](../figures/version_comparisons/V39_versus_thredds_hour/ZAC_U_10.png)
![ZAC_U](../figures/version_comparisons/V39_versus_thredds_hour/ZAC_U_11.png)
![ZAC_U](../figures/version_comparisons/V39_versus_thredds_hour/ZAC_U_12.png)
![ZAC_U](../figures/version_comparisons/V39_versus_thredds_hour/ZAC_U_13.png)
 
Plotting snow height:   0%|          | 0/48 [00:00<?, ?it/s]Plotting snow height:   2%|▏         | 1/48 [00:00<00:08,  5.61it/s]Plotting snow height:   4%|▍         | 2/48 [00:00<00:10,  4.55it/s]Plotting snow height:   6%|▋         | 3/48 [00:00<00:09,  4.85it/s]Plotting snow height:   8%|▊         | 4/48 [00:00<00:07,  5.68it/s]Plotting snow height:  10%|█         | 5/48 [00:00<00:06,  6.15it/s]Plotting snow height:  12%|█▎        | 6/48 [00:01<00:07,  5.62it/s]Plotting snow height:  15%|█▍        | 7/48 [00:01<00:07,  5.60it/s]Plotting snow height:  17%|█▋        | 8/48 [00:01<00:07,  5.41it/s]Plotting snow height:  19%|█▉        | 9/48 [00:01<00:07,  5.56it/s]Plotting snow height:  21%|██        | 10/48 [00:01<00:07,  4.93it/s]Plotting snow height:  23%|██▎       | 11/48 [00:02<00:07,  4.69it/s]Plotting snow height:  25%|██▌       | 12/48 [00:02<00:07,  4.85it/s]Plotting snow height:  27%|██▋       | 13/48 [00:02<00:07,  4.81it/s]Plotting snow height:  29%|██▉       | 14/48 [00:02<00:06,  4.98it/s]Plotting snow height:  33%|███▎      | 16/48 [00:02<00:04,  7.13it/s]Plotting snow height:  35%|███▌      | 17/48 [00:03<00:04,  6.42it/s]Plotting snow height:  38%|███▊      | 18/48 [00:03<00:04,  6.03it/s]Plotting snow height:  40%|███▉      | 19/48 [00:03<00:05,  5.16it/s]Plotting snow height:  42%|████▏     | 20/48 [00:03<00:05,  5.47it/s]Plotting snow height:  44%|████▍     | 21/48 [00:03<00:04,  5.47it/s]Plotting snow height:  46%|████▌     | 22/48 [00:03<00:04,  6.06it/s]Plotting snow height:  48%|████▊     | 23/48 [00:04<00:04,  5.75it/s]Plotting snow height:  50%|█████     | 24/48 [00:04<00:04,  5.90it/s]Plotting snow height:  52%|█████▏    | 25/48 [00:04<00:03,  5.84it/s]Plotting snow height:  54%|█████▍    | 26/48 [00:04<00:03,  6.53it/s]Plotting snow height:  56%|█████▋    | 27/48 [00:04<00:03,  6.05it/s]Plotting snow height:  60%|██████    | 29/48 [00:05<00:02,  6.78it/s]Plotting snow height:  62%|██████▎   | 30/48 [00:05<00:02,  6.27it/s]Plotting snow height:  65%|██████▍   | 31/48 [00:05<00:02,  6.03it/s]Plotting snow height:  67%|██████▋   | 32/48 [00:05<00:02,  5.76it/s]Plotting snow height:  73%|███████▎  | 35/48 [00:05<00:01,  7.04it/s]Plotting snow height:  75%|███████▌  | 36/48 [00:06<00:01,  6.59it/s]Plotting snow height:  77%|███████▋  | 37/48 [00:06<00:01,  6.03it/s]Plotting snow height:  81%|████████▏ | 39/48 [00:06<00:01,  6.69it/s]Plotting snow height:  83%|████████▎ | 40/48 [00:06<00:01,  6.36it/s]Plotting snow height:  85%|████████▌ | 41/48 [00:07<00:01,  5.40it/s]Plotting snow height:  88%|████████▊ | 42/48 [00:07<00:01,  5.10it/s]Plotting snow height:  90%|████████▉ | 43/48 [00:07<00:01,  4.76it/s]Plotting snow height:  94%|█████████▍| 45/48 [00:07<00:00,  6.72it/s]Plotting snow height:  96%|█████████▌| 46/48 [00:07<00:00,  7.27it/s]Plotting snow height:  98%|█████████▊| 47/48 [00:07<00:00,  7.38it/s]Plotting snow height: 100%|██████████| 48/48 [00:08<00:00,  7.77it/s]Plotting snow height: 100%|██████████| 48/48 [00:08<00:00,  5.96it/s]
Plotting ablation:   0%|          | 0/29 [00:00<?, ?it/s]Plotting ablation:   7%|▋         | 2/29 [00:00<00:03,  7.66it/s]Plotting ablation:  10%|█         | 3/29 [00:00<00:03,  7.93it/s]Plotting ablation:  14%|█▍        | 4/29 [00:00<00:03,  8.22it/s]Plotting ablation:  21%|██        | 6/29 [00:00<00:02, 10.39it/s]Plotting ablation:  28%|██▊       | 8/29 [00:00<00:02,  9.96it/s]Plotting ablation:  34%|███▍      | 10/29 [00:01<00:01, 10.02it/s]Plotting ablation:  41%|████▏     | 12/29 [00:01<00:01,  9.45it/s]Plotting ablation:  48%|████▊     | 14/29 [00:01<00:01, 10.04it/s]Plotting ablation:  55%|█████▌    | 16/29 [00:01<00:01, 11.17it/s]Plotting ablation:  62%|██████▏   | 18/29 [00:01<00:01,  9.23it/s]Plotting ablation:  69%|██████▉   | 20/29 [00:02<00:00,  9.60it/s]Plotting ablation:  76%|███████▌  | 22/29 [00:02<00:00, 10.87it/s]Plotting ablation:  83%|████████▎ | 24/29 [00:02<00:00, 10.41it/s]Plotting ablation:  90%|████████▉ | 26/29 [00:02<00:00, 11.22it/s]Plotting ablation:  97%|█████████▋| 28/29 [00:02<00:00, 12.32it/s]Plotting ablation: 100%|██████████| 29/29 [00:02<00:00, 10.47it/s]
Plotting t_u climatlogy:   0%|          | 0/48 [00:00<?, ?it/s]Plotting t_u climatlogy:   2%|▏         | 1/48 [00:00<00:05,  8.13it/s]Plotting t_u climatlogy:   4%|▍         | 2/48 [00:00<00:05,  7.84it/s]Plotting t_u climatlogy:   6%|▋         | 3/48 [00:00<00:06,  7.11it/s]Plotting t_u climatlogy:  10%|█         | 5/48 [00:00<00:04,  9.94it/s]Plotting t_u climatlogy:  12%|█▎        | 6/48 [00:00<00:04,  8.70it/s]Plotting t_u climatlogy:  15%|█▍        | 7/48 [00:00<00:05,  7.90it/s]Plotting t_u climatlogy:  17%|█▋        | 8/48 [00:01<00:05,  6.98it/s]Plotting t_u climatlogy:  19%|█▉        | 9/48 [00:01<00:05,  7.34it/s]Plotting t_u climatlogy:  21%|██        | 10/48 [00:01<00:04,  7.87it/s]Plotting t_u climatlogy:  25%|██▌       | 12/48 [00:01<00:03, 10.02it/s]Plotting t_u climatlogy:  29%|██▉       | 14/48 [00:01<00:03,  9.80it/s]Plotting t_u climatlogy:  35%|███▌      | 17/48 [00:01<00:02, 11.90it/s]Plotting t_u climatlogy:  40%|███▉      | 19/48 [00:02<00:03,  9.24it/s]Plotting t_u climatlogy:  44%|████▍     | 21/48 [00:02<00:03,  8.74it/s]Plotting t_u climatlogy:  48%|████▊     | 23/48 [00:02<00:02,  9.26it/s]Plotting t_u climatlogy:  50%|█████     | 24/48 [00:02<00:02,  9.29it/s]Plotting t_u climatlogy:  52%|█████▏    | 25/48 [00:02<00:02,  9.18it/s]Plotting t_u climatlogy:  56%|█████▋    | 27/48 [00:02<00:02,  9.99it/s]Plotting t_u climatlogy:  60%|██████    | 29/48 [00:03<00:01, 11.34it/s]Plotting t_u climatlogy:  65%|██████▍   | 31/48 [00:03<00:01,  9.91it/s]Plotting t_u climatlogy:  69%|██████▉   | 33/48 [00:03<00:01, 10.55it/s]Plotting t_u climatlogy:  73%|███████▎  | 35/48 [00:03<00:01, 10.50it/s]Plotting t_u climatlogy:  77%|███████▋  | 37/48 [00:03<00:01, 10.78it/s]Plotting t_u climatlogy:  81%|████████▏ | 39/48 [00:03<00:00, 12.08it/s]Plotting t_u climatlogy:  85%|████████▌ | 41/48 [00:04<00:00, 10.54it/s]Plotting t_u climatlogy:  90%|████████▉ | 43/48 [00:04<00:00, 10.13it/s]Plotting t_u climatlogy:  96%|█████████▌| 46/48 [00:04<00:00, 12.30it/s]Plotting t_u climatlogy: 100%|██████████| 48/48 [00:04<00:00, 11.95it/s]Plotting t_u climatlogy: 100%|██████████| 48/48 [00:04<00:00, 10.00it/s]
Plotting rh_u climatlogy:   0%|          | 0/48 [00:00<?, ?it/s]Plotting rh_u climatlogy:   2%|▏         | 1/48 [00:00<00:06,  6.95it/s]Plotting rh_u climatlogy:   4%|▍         | 2/48 [00:00<00:06,  6.78it/s]Plotting rh_u climatlogy:   6%|▋         | 3/48 [00:00<00:06,  6.59it/s]Plotting rh_u climatlogy:  10%|█         | 5/48 [00:00<00:04,  9.38it/s]Plotting rh_u climatlogy:  12%|█▎        | 6/48 [00:00<00:04,  8.41it/s]Plotting rh_u climatlogy:  15%|█▍        | 7/48 [00:00<00:05,  7.86it/s]Plotting rh_u climatlogy:  19%|█▉        | 9/48 [00:01<00:04,  9.03it/s]Plotting rh_u climatlogy:  21%|██        | 10/48 [00:01<00:04,  9.19it/s]Plotting rh_u climatlogy:  25%|██▌       | 12/48 [00:01<00:04,  8.76it/s]Plotting rh_u climatlogy:  27%|██▋       | 13/48 [00:01<00:03,  8.91it/s]Plotting rh_u climatlogy:  29%|██▉       | 14/48 [00:01<00:03,  8.86it/s]Plotting rh_u climatlogy:  35%|███▌      | 17/48 [00:01<00:02, 11.68it/s]Plotting rh_u climatlogy:  40%|███▉      | 19/48 [00:02<00:03,  9.15it/s]Plotting rh_u climatlogy:  44%|████▍     | 21/48 [00:02<00:03,  8.91it/s]Plotting rh_u climatlogy:  48%|████▊     | 23/48 [00:02<00:02,  9.46it/s]Plotting rh_u climatlogy:  50%|█████     | 24/48 [00:02<00:02,  9.47it/s]Plotting rh_u climatlogy:  52%|█████▏    | 25/48 [00:02<00:02,  9.40it/s]Plotting rh_u climatlogy:  56%|█████▋    | 27/48 [00:02<00:02, 10.27it/s]Plotting rh_u climatlogy:  60%|██████    | 29/48 [00:03<00:01, 11.65it/s]Plotting rh_u climatlogy:  65%|██████▍   | 31/48 [00:03<00:01, 10.21it/s]Plotting rh_u climatlogy:  69%|██████▉   | 33/48 [00:03<00:01, 10.78it/s]Plotting rh_u climatlogy:  73%|███████▎  | 35/48 [00:03<00:01, 10.61it/s]Plotting rh_u climatlogy:  77%|███████▋  | 37/48 [00:03<00:00, 11.03it/s]Plotting rh_u climatlogy:  81%|████████▏ | 39/48 [00:03<00:00, 12.34it/s]Plotting rh_u climatlogy:  85%|████████▌ | 41/48 [00:04<00:00, 10.58it/s]Plotting rh_u climatlogy:  90%|████████▉ | 43/48 [00:04<00:00, 10.46it/s]Plotting rh_u climatlogy:  96%|█████████▌| 46/48 [00:04<00:00, 12.96it/s]Plotting rh_u climatlogy: 100%|██████████| 48/48 [00:04<00:00, 12.42it/s]Plotting rh_u climatlogy: 100%|██████████| 48/48 [00:04<00:00, 10.17it/s]
Plotting p_u climatlogy:   0%|          | 0/48 [00:00<?, ?it/s]Plotting p_u climatlogy:   2%|▏         | 1/48 [00:00<00:08,  5.73it/s]Plotting p_u climatlogy:   4%|▍         | 2/48 [00:00<00:08,  5.63it/s]Plotting p_u climatlogy:   6%|▋         | 3/48 [00:00<00:07,  5.80it/s]Plotting p_u climatlogy:  10%|█         | 5/48 [00:00<00:04,  8.62it/s]Plotting p_u climatlogy:  12%|█▎        | 6/48 [00:00<00:05,  7.70it/s]Plotting p_u climatlogy:  15%|█▍        | 7/48 [00:00<00:05,  7.36it/s]Plotting p_u climatlogy:  19%|█▉        | 9/48 [00:01<00:04,  8.56it/s]Plotting p_u climatlogy:  21%|██        | 10/48 [00:01<00:04,  8.61it/s]Plotting p_u climatlogy:  25%|██▌       | 12/48 [00:01<00:03, 10.10it/s]Plotting p_u climatlogy:  29%|██▉       | 14/48 [00:01<00:03, 10.07it/s]Plotting p_u climatlogy:  35%|███▌      | 17/48 [00:01<00:03,  9.42it/s]Plotting p_u climatlogy:  38%|███▊      | 18/48 [00:02<00:03,  8.78it/s]Plotting p_u climatlogy:  40%|███▉      | 19/48 [00:02<00:03,  8.17it/s]Plotting p_u climatlogy:  44%|████▍     | 21/48 [00:02<00:03,  8.30it/s]Plotting p_u climatlogy:  48%|████▊     | 23/48 [00:02<00:02,  9.07it/s]Plotting p_u climatlogy:  50%|█████     | 24/48 [00:02<00:02,  9.19it/s]Plotting p_u climatlogy:  52%|█████▏    | 25/48 [00:02<00:02,  9.17it/s]Plotting p_u climatlogy:  56%|█████▋    | 27/48 [00:03<00:02,  7.15it/s]Plotting p_u climatlogy:  60%|██████    | 29/48 [00:03<00:02,  8.74it/s]Plotting p_u climatlogy:  65%|██████▍   | 31/48 [00:03<00:02,  8.46it/s]Plotting p_u climatlogy:  67%|██████▋   | 32/48 [00:03<00:01,  8.04it/s]Plotting p_u climatlogy:  73%|███████▎  | 35/48 [00:04<00:01, 10.11it/s]Plotting p_u climatlogy:  77%|███████▋  | 37/48 [00:04<00:01, 10.60it/s]Plotting p_u climatlogy:  81%|████████▏ | 39/48 [00:04<00:00, 11.97it/s]Plotting p_u climatlogy:  85%|████████▌ | 41/48 [00:04<00:00, 10.50it/s]Plotting p_u climatlogy:  90%|████████▉ | 43/48 [00:04<00:00, 10.50it/s]Plotting p_u climatlogy:  96%|█████████▌| 46/48 [00:04<00:00, 13.33it/s]Plotting p_u climatlogy: 100%|██████████| 48/48 [00:05<00:00, 12.86it/s]Plotting p_u climatlogy: 100%|██████████| 48/48 [00:05<00:00,  9.50it/s]
Plotting wspd_u climatlogy:   0%|          | 0/48 [00:00<?, ?it/s]Plotting wspd_u climatlogy:   2%|▏         | 1/48 [00:00<00:06,  7.44it/s]Plotting wspd_u climatlogy:   4%|▍         | 2/48 [00:00<00:06,  7.66it/s]Plotting wspd_u climatlogy:   6%|▋         | 3/48 [00:00<00:05,  7.53it/s]Plotting wspd_u climatlogy:  10%|█         | 5/48 [00:00<00:03, 10.94it/s]Plotting wspd_u climatlogy:  15%|█▍        | 7/48 [00:00<00:04,  9.75it/s]Plotting wspd_u climatlogy:  19%|█▉        | 9/48 [00:00<00:03, 10.71it/s]Plotting wspd_u climatlogy:  23%|██▎       | 11/48 [00:01<00:03, 12.27it/s]Plotting wspd_u climatlogy:  27%|██▋       | 13/48 [00:01<00:02, 11.71it/s]Plotting wspd_u climatlogy:  31%|███▏      | 15/48 [00:01<00:02, 12.34it/s]Plotting wspd_u climatlogy:  35%|███▌      | 17/48 [00:01<00:02, 13.56it/s]Plotting wspd_u climatlogy:  40%|███▉      | 19/48 [00:01<00:02, 10.23it/s]Plotting wspd_u climatlogy:  44%|████▍     | 21/48 [00:02<00:02,  9.63it/s]Plotting wspd_u climatlogy:  48%|████▊     | 23/48 [00:02<00:02, 10.16it/s]Plotting wspd_u climatlogy:  52%|█████▏    | 25/48 [00:02<00:02,  8.42it/s]Plotting wspd_u climatlogy:  56%|█████▋    | 27/48 [00:02<00:02,  9.32it/s]Plotting wspd_u climatlogy:  60%|██████    | 29/48 [00:02<00:01, 10.32it/s]Plotting wspd_u climatlogy:  65%|██████▍   | 31/48 [00:03<00:01,  9.56it/s]Plotting wspd_u climatlogy:  69%|██████▉   | 33/48 [00:03<00:01, 10.29it/s]Plotting wspd_u climatlogy:  73%|███████▎  | 35/48 [00:03<00:01, 10.30it/s]Plotting wspd_u climatlogy:  77%|███████▋  | 37/48 [00:03<00:01, 10.72it/s]Plotting wspd_u climatlogy:  81%|████████▏ | 39/48 [00:03<00:00, 11.97it/s]Plotting wspd_u climatlogy:  85%|████████▌ | 41/48 [00:03<00:00, 10.54it/s]Plotting wspd_u climatlogy:  90%|████████▉ | 43/48 [00:04<00:00, 10.32it/s]Plotting wspd_u climatlogy:  96%|█████████▌| 46/48 [00:04<00:00, 13.15it/s]Plotting wspd_u climatlogy: 100%|██████████| 48/48 [00:04<00:00, 12.56it/s]Plotting wspd_u climatlogy: 100%|██████████| 48/48 [00:04<00:00, 10.75it/s]
ERROR 1: PROJ: proj_create_from_database: Open of /home/bav/miniforge3/envs/bav/share/proj failed
/home/bav/aws-operational-diagnostics/climatologies_transects.py:370: RuntimeWarning: More than 20 figures have been opened. Figures created through the pyplot interface (`matplotlib.pyplot.figure`) are retained until explicitly closed and may consume too much memory. (To control this warning, see the rcParam `figure.max_open_warning`). Consider using `matplotlib.pyplot.close()`.
  fig = plt.figure(figsize=(7, 3 * 1.7))
Saved : figures/climatology/snow_height_KAN_T_KAN_L_KAN_M_KAN_U.png
Saved : figures/climatology/snow_height_QAS_L_QAS_M_QAS_U.png
Saved : figures/climatology/snow_height_SCO_L_SCO_U.png
Saved : figures/climatology/snow_height_KPC_L_KPC_U.png
Saved : figures/climatology/snow_height_JAR_SWC.png
Saved : figures/climatology/snow_height_TAS_L_TAS_A.png
Saved : figures/climatology/snow_height_THU_L_THU_U.png
Saved : figures/climatology/snow_height_NUK_L_NUK_U.png
Saved : figures/climatology/snow_height_UPE_L_UPE_U.png
Saved : figures/climatology/snow_height_ZAC_L_ZAC_U_ZAC_A.png
Saved : figures/climatology/ablation_KAN_T_KAN_L_KAN_M_KAN_U.png
Saved : figures/climatology/ablation_QAS_L_QAS_M_QAS_U.png
Saved : figures/climatology/ablation_SCO_L_SCO_U.png
Saved : figures/climatology/ablation_KPC_L_KPC_U.png
Saved : figures/climatology/ablation_JAR_SWC.png
Saved : figures/climatology/ablation_TAS_L_TAS_A.png
Saved : figures/climatology/ablation_THU_L_THU_U.png
Saved : figures/climatology/ablation_NUK_L_NUK_U.png
Saved : figures/climatology/ablation_UPE_L_UPE_U.png
Saved : figures/climatology/ablation_ZAC_L_ZAC_U_ZAC_A.png
Saved : figures/climatology/t_u_KAN_T_KAN_L_KAN_M_KAN_U.png
Saved : figures/climatology/t_u_QAS_L_QAS_M_QAS_U.png
Saved : figures/climatology/t_u_SCO_L_SCO_U.png
Saved : figures/climatology/t_u_KPC_L_KPC_U.png
Saved : figures/climatology/t_u_JAR_SWC.png
Saved : figures/climatology/t_u_TAS_L_TAS_A.png
Saved : figures/climatology/t_u_THU_L_THU_U.png
Saved : figures/climatology/t_u_NUK_L_NUK_U.png
Saved : figures/climatology/t_u_UPE_L_UPE_U.png
Saved : figures/climatology/t_u_ZAC_L_ZAC_U_ZAC_A.png
Saved : figures/climatology/t_surf_KAN_T_KAN_L_KAN_M_KAN_U.png
Saved : figures/climatology/t_surf_QAS_L_QAS_M_QAS_U.png
Saved : figures/climatology/t_surf_SCO_L_SCO_U.png
Saved : figures/climatology/t_surf_KPC_L_KPC_U.png
Saved : figures/climatology/t_surf_JAR_SWC.png
Saved : figures/climatology/t_surf_TAS_L_TAS_A.png
Saved : figures/climatology/t_surf_THU_L_THU_U.png
Saved : figures/climatology/t_surf_NUK_L_NUK_U.png
Saved : figures/climatology/t_surf_UPE_L_UPE_U.png
Saved : figures/climatology/t_surf_ZAC_L_ZAC_U_ZAC_A.png
Saved: plot_compilations/all_station_plots.md
