[1/4] Run thredds_download.py
Downloaded: metadata/AWS_sites_metadata.csv
Downloaded: metadata/AWS_variables.csv
Downloaded: metadata/AWS_data_readme.pdf
Downloaded: level_3_sites/csv/month/CEN_month.csv
Downloaded: level_3_sites/csv/month/CP1_month.csv
Downloaded: level_3_sites/csv/month/DY2_month.csv
Downloaded: level_3_sites/csv/month/EGP_month.csv
Downloaded: level_3_sites/csv/month/FRE_month.csv
Downloaded: level_3_sites/csv/month/HUM_month.csv
Downloaded: level_3_sites/csv/month/JAR_month.csv
Downloaded: level_3_sites/csv/month/KAN_B_month.csv
Downloaded: level_3_sites/csv/month/KAN_L_month.csv
Downloaded: level_3_sites/csv/month/KAN_M_month.csv
Downloaded: level_3_sites/csv/month/KAN_T_month.csv
Downloaded: level_3_sites/csv/month/KAN_U_month.csv
Downloaded: level_3_sites/csv/month/KPC_L_month.csv
Downloaded: level_3_sites/csv/month/KPC_U_month.csv
Downloaded: level_3_sites/csv/month/LYN_L_month.csv
Downloaded: level_3_sites/csv/month/LYN_T_month.csv
Downloaded: level_3_sites/csv/month/MIT_month.csv
Downloaded: level_3_sites/csv/month/NAE_month.csv
Downloaded: level_3_sites/csv/month/NAU_month.csv
Downloaded: level_3_sites/csv/month/NEM_month.csv
Downloaded: level_3_sites/csv/month/NSE_month.csv
Downloaded: level_3_sites/csv/month/NUK_B_month.csv
Downloaded: level_3_sites/csv/month/NUK_K_month.csv
Downloaded: level_3_sites/csv/month/NUK_L_month.csv
Downloaded: level_3_sites/csv/month/NUK_N_month.csv
Downloaded: level_3_sites/csv/month/NUK_P_month.csv
Downloaded: level_3_sites/csv/month/NUK_U_month.csv
Downloaded: level_3_sites/csv/month/ORO_month.csv
Downloaded: level_3_sites/csv/month/QAS_A_month.csv
Downloaded: level_3_sites/csv/month/QAS_L_month.csv
Downloaded: level_3_sites/csv/month/QAS_M_month.csv
Downloaded: level_3_sites/csv/month/QAS_U_month.csv
Downloaded: level_3_sites/csv/month/RED_L_month.csv
Downloaded: level_3_sites/csv/month/SCO_L_month.csv
Downloaded: level_3_sites/csv/month/SCO_U_month.csv
Downloaded: level_3_sites/csv/month/SDL_month.csv
Downloaded: level_3_sites/csv/month/SDM_month.csv
Downloaded: level_3_sites/csv/month/SER_B_month.csv
Downloaded: level_3_sites/csv/month/SWC_month.csv
Downloaded: level_3_sites/csv/month/TAS_A_month.csv
Downloaded: level_3_sites/csv/month/TAS_L_month.csv
Downloaded: level_3_sites/csv/month/TAS_U_month.csv
Downloaded: level_3_sites/csv/month/THU_L_month.csv
Downloaded: level_3_sites/csv/month/THU_L2_month.csv
Downloaded: level_3_sites/csv/month/THU_U_month.csv
Downloaded: level_3_sites/csv/month/TUN_month.csv
Downloaded: level_3_sites/csv/month/UPE_L_month.csv
Downloaded: level_3_sites/csv/month/UPE_U_month.csv
Downloaded: level_3_sites/csv/month/UWN_month.csv
Downloaded: level_3_sites/csv/month/WEG_B_month.csv
Downloaded: level_3_sites/csv/month/WEG_L_month.csv
Downloaded: level_3_sites/csv/month/ZAC_A_month.csv
Downloaded: level_3_sites/csv/month/ZAC_L_month.csv
Downloaded: level_3_sites/csv/month/ZAC_U_month.csv
Downloaded: metadata/AWS_sites_metadata.csv
Downloaded: metadata/AWS_variables.csv
Downloaded: metadata/AWS_data_readme.pdf
Downloaded: level_3_sites/csv/day/CEN_day.csv
Downloaded: level_3_sites/csv/day/CP1_day.csv
Downloaded: level_3_sites/csv/day/DY2_day.csv
Downloaded: level_3_sites/csv/day/EGP_day.csv
Downloaded: level_3_sites/csv/day/FRE_day.csv
Downloaded: level_3_sites/csv/day/HUM_day.csv
Downloaded: level_3_sites/csv/day/JAR_day.csv
Downloaded: level_3_sites/csv/day/KAN_B_day.csv
Downloaded: level_3_sites/csv/day/KAN_L_day.csv
Downloaded: level_3_sites/csv/day/KAN_M_day.csv
Downloaded: level_3_sites/csv/day/KAN_T_day.csv
Downloaded: level_3_sites/csv/day/KAN_U_day.csv
Downloaded: level_3_sites/csv/day/KPC_L_day.csv
Downloaded: level_3_sites/csv/day/KPC_U_day.csv
Downloaded: level_3_sites/csv/day/LYN_L_day.csv
Downloaded: level_3_sites/csv/day/LYN_T_day.csv
Downloaded: level_3_sites/csv/day/MIT_day.csv
Downloaded: level_3_sites/csv/day/NAE_day.csv
Downloaded: level_3_sites/csv/day/NAU_day.csv
Downloaded: level_3_sites/csv/day/NEM_day.csv
Downloaded: level_3_sites/csv/day/NSE_day.csv
Downloaded: level_3_sites/csv/day/NUK_B_day.csv
Downloaded: level_3_sites/csv/day/NUK_K_day.csv
Downloaded: level_3_sites/csv/day/NUK_L_day.csv
Downloaded: level_3_sites/csv/day/NUK_N_day.csv
Downloaded: level_3_sites/csv/day/NUK_P_day.csv
Downloaded: level_3_sites/csv/day/NUK_U_day.csv
Downloaded: level_3_sites/csv/day/ORO_day.csv
Downloaded: level_3_sites/csv/day/QAS_A_day.csv
Downloaded: level_3_sites/csv/day/QAS_L_day.csv
Downloaded: level_3_sites/csv/day/QAS_M_day.csv
Downloaded: level_3_sites/csv/day/QAS_U_day.csv
Downloaded: level_3_sites/csv/day/RED_L_day.csv
Downloaded: level_3_sites/csv/day/SCO_L_day.csv
Downloaded: level_3_sites/csv/day/SCO_U_day.csv
Downloaded: level_3_sites/csv/day/SDL_day.csv
Downloaded: level_3_sites/csv/day/SDM_day.csv
Downloaded: level_3_sites/csv/day/SER_B_day.csv
Downloaded: level_3_sites/csv/day/SWC_day.csv
Downloaded: level_3_sites/csv/day/TAS_A_day.csv
Downloaded: level_3_sites/csv/day/TAS_L_day.csv
Downloaded: level_3_sites/csv/day/TAS_U_day.csv
Downloaded: level_3_sites/csv/day/THU_L_day.csv
Downloaded: level_3_sites/csv/day/THU_L2_day.csv
Downloaded: level_3_sites/csv/day/THU_U_day.csv
Downloaded: level_3_sites/csv/day/TUN_day.csv
Downloaded: level_3_sites/csv/day/UPE_L_day.csv
Downloaded: level_3_sites/csv/day/UPE_U_day.csv
Downloaded: level_3_sites/csv/day/UWN_day.csv
Downloaded: level_3_sites/csv/day/WEG_B_day.csv
Downloaded: level_3_sites/csv/day/WEG_L_day.csv
Downloaded: level_3_sites/csv/day/ZAC_A_day.csv
Downloaded: level_3_sites/csv/day/ZAC_L_day.csv
Downloaded: level_3_sites/csv/day/ZAC_U_day.csv
Downloaded: metadata/AWS_sites_metadata.csv
Downloaded: metadata/AWS_variables.csv
Downloaded: metadata/AWS_data_readme.pdf
Downloaded: level_3_sites/csv/hour/CEN_hour.csv
Downloaded: level_3_sites/csv/hour/CP1_hour.csv
Downloaded: level_3_sites/csv/hour/DY2_hour.csv
Downloaded: level_3_sites/csv/hour/EGP_hour.csv
Downloaded: level_3_sites/csv/hour/FRE_hour.csv
Downloaded: level_3_sites/csv/hour/HUM_hour.csv
Downloaded: level_3_sites/csv/hour/JAR_hour.csv
Downloaded: level_3_sites/csv/hour/KAN_B_hour.csv
Downloaded: level_3_sites/csv/hour/KAN_L_hour.csv
Downloaded: level_3_sites/csv/hour/KAN_M_hour.csv
Downloaded: level_3_sites/csv/hour/KAN_T_hour.csv
Downloaded: level_3_sites/csv/hour/KAN_U_hour.csv
Downloaded: level_3_sites/csv/hour/KPC_L_hour.csv
Downloaded: level_3_sites/csv/hour/KPC_U_hour.csv
Downloaded: level_3_sites/csv/hour/LYN_L_hour.csv
Downloaded: level_3_sites/csv/hour/LYN_T_hour.csv
Downloaded: level_3_sites/csv/hour/MIT_hour.csv
Downloaded: level_3_sites/csv/hour/NAE_hour.csv
Downloaded: level_3_sites/csv/hour/NAU_hour.csv
Downloaded: level_3_sites/csv/hour/NEM_hour.csv
Downloaded: level_3_sites/csv/hour/NSE_hour.csv
Downloaded: level_3_sites/csv/hour/NUK_B_hour.csv
Downloaded: level_3_sites/csv/hour/NUK_K_hour.csv
Downloaded: level_3_sites/csv/hour/NUK_L_hour.csv
Downloaded: level_3_sites/csv/hour/NUK_N_hour.csv
Downloaded: level_3_sites/csv/hour/NUK_P_hour.csv
Downloaded: level_3_sites/csv/hour/NUK_U_hour.csv
Downloaded: level_3_sites/csv/hour/ORO_hour.csv
Downloaded: level_3_sites/csv/hour/QAS_A_hour.csv
Downloaded: level_3_sites/csv/hour/QAS_L_hour.csv
Downloaded: level_3_sites/csv/hour/QAS_M_hour.csv
Downloaded: level_3_sites/csv/hour/QAS_U_hour.csv
Downloaded: level_3_sites/csv/hour/RED_L_hour.csv
Downloaded: level_3_sites/csv/hour/SCO_L_hour.csv
Downloaded: level_3_sites/csv/hour/SCO_U_hour.csv
Downloaded: level_3_sites/csv/hour/SDL_hour.csv
Downloaded: level_3_sites/csv/hour/SDM_hour.csv
Downloaded: level_3_sites/csv/hour/SER_B_hour.csv
Downloaded: level_3_sites/csv/hour/SWC_hour.csv
Downloaded: level_3_sites/csv/hour/TAS_A_hour.csv
Downloaded: level_3_sites/csv/hour/TAS_L_hour.csv
Downloaded: level_3_sites/csv/hour/TAS_U_hour.csv
Downloaded: level_3_sites/csv/hour/THU_L_hour.csv
Downloaded: level_3_sites/csv/hour/THU_L2_hour.csv
Downloaded: level_3_sites/csv/hour/THU_U_hour.csv
Downloaded: level_3_sites/csv/hour/TUN_hour.csv
Downloaded: level_3_sites/csv/hour/UPE_L_hour.csv
Downloaded: level_3_sites/csv/hour/UPE_U_hour.csv
Downloaded: level_3_sites/csv/hour/UWN_hour.csv
Downloaded: level_3_sites/csv/hour/WEG_B_hour.csv
Downloaded: level_3_sites/csv/hour/WEG_L_hour.csv
Downloaded: level_3_sites/csv/hour/ZAC_A_hour.csv
Downloaded: level_3_sites/csv/hour/ZAC_L_hour.csv
Downloaded: level_3_sites/csv/hour/ZAC_U_hour.csv
[2/4] Resolve latest Dataverse version for doi:10.22008/FK2/IW73UU
Latest version: 37.0 -> /media/ice/Baptiste/geussnow01/dataverse/V37
CSV files in /media/ice/Baptiste/geussnow01/dataverse/V37: 156
[3/4] Download CSVs if needed
CSV files in /media/ice/Baptiste/geussnow01/dataverse/V37: 156
Dataverse folder looks OK; skipping download.
[4/5] Run diagnostics + commit/push
Already up to date.
# Comparison of data thredds to V37 (old).
## CEN
/media/ice/Baptiste/geussnow01/dataverse//V37/month/CEN_month.csv
Variables in new file:
p_u, p_l, t_u, t_l, rh_u, rh_u_wrt_ice_or_water, qh_u, rh_l, rh_l_wrt_ice_or_water, qh_l, wspd_u, wspd_l, wdir_u, wdir_l, wspd_x_u, wspd_y_u, wspd_x_l, wspd_y_l, dsr, dsr_cor, usr, usr_cor, albedo, dlr, ulr, cc, t_surf, dlhf_u, dlhf_l, dshf_u, dshf_l, z_boom_u, z_boom_cor_u, z_boom_l, z_boom_cor_l, z_stake, z_stake_cor, z_surf_combined, snow_height, rainfall_u, rainfall_cor_u, rainfall_l, rainfall_cor_l, t_i_1, t_i_2, t_i_3, t_i_4, t_i_5, t_i_6, t_i_7, t_i_8, t_i_9, t_i_10, t_i_11, d_t_i_1, d_t_i_2, d_t_i_3, d_t_i_4, d_t_i_5, d_t_i_6, d_t_i_7, d_t_i_8, d_t_i_9, d_t_i_10, d_t_i_11, t_i_10m, tilt_x, tilt_y, rot, gps_lat, gps_lon, gps_alt, lat, lon, alt, batt_v, t_rad, t_i, rh_i_wrt_ice_or_water, wdir_i, wspd_y_i

New variables not in old files:


Old variables removed from new files:

 
![CEN](../figures/version_comparisons/V37_versus_thredds_month/CEN_0.png)
![CEN](../figures/version_comparisons/V37_versus_thredds_month/CEN_1.png)
![CEN](../figures/version_comparisons/V37_versus_thredds_month/CEN_2.png)
![CEN](../figures/version_comparisons/V37_versus_thredds_month/CEN_3.png)
![CEN](../figures/version_comparisons/V37_versus_thredds_month/CEN_4.png)
![CEN](../figures/version_comparisons/V37_versus_thredds_month/CEN_5.png)
![CEN](../figures/version_comparisons/V37_versus_thredds_month/CEN_6.png)
![CEN](../figures/version_comparisons/V37_versus_thredds_month/CEN_7.png)
![CEN](../figures/version_comparisons/V37_versus_thredds_month/CEN_8.png)
![CEN](../figures/version_comparisons/V37_versus_thredds_month/CEN_9.png)
![CEN](../figures/version_comparisons/V37_versus_thredds_month/CEN_10.png)
![CEN](../figures/version_comparisons/V37_versus_thredds_month/CEN_11.png)
![CEN](../figures/version_comparisons/V37_versus_thredds_month/CEN_12.png)
![CEN](../figures/version_comparisons/V37_versus_thredds_month/CEN_13.png)
![CEN](../figures/version_comparisons/V37_versus_thredds_month/CEN_14.png)
![CEN](../figures/version_comparisons/V37_versus_thredds_month/CEN_15.png)
![CEN](../figures/version_comparisons/V37_versus_thredds_month/CEN_16.png)
 
## CP1
/media/ice/Baptiste/geussnow01/dataverse//V37/month/CP1_month.csv
Variables in new file:
p_u, p_l, t_u, t_l, rh_u, rh_u_wrt_ice_or_water, qh_u, rh_l, rh_l_wrt_ice_or_water, qh_l, wspd_u, wspd_l, wdir_u, wdir_l, wspd_x_u, wspd_y_u, wspd_x_l, wspd_y_l, dsr, dsr_cor, usr, usr_cor, albedo, dlr, ulr, cc, t_surf, dlhf_u, dlhf_l, dshf_u, dshf_l, z_boom_u, z_boom_cor_u, z_boom_l, z_boom_cor_l, z_surf_combined, snow_height, rainfall_u, rainfall_cor_u, rainfall_l, rainfall_cor_l, t_i_1, t_i_2, t_i_3, t_i_4, t_i_5, t_i_6, t_i_7, t_i_8, t_i_9, t_i_10, t_i_11, d_t_i_1, d_t_i_2, d_t_i_3, d_t_i_4, d_t_i_5, d_t_i_6, d_t_i_7, d_t_i_8, d_t_i_9, d_t_i_10, d_t_i_11, t_i_10m, tilt_x, tilt_y, rot, gps_lat, gps_lon, gps_alt, lat, lon, alt, batt_v, t_rad, t_i, rh_i_wrt_ice_or_water, wdir_i, wspd_y_i

New variables not in old files:


Old variables removed from new files:

 
![CP1](../figures/version_comparisons/V37_versus_thredds_month/CP1_0.png)
![CP1](../figures/version_comparisons/V37_versus_thredds_month/CP1_1.png)
![CP1](../figures/version_comparisons/V37_versus_thredds_month/CP1_2.png)
![CP1](../figures/version_comparisons/V37_versus_thredds_month/CP1_3.png)
![CP1](../figures/version_comparisons/V37_versus_thredds_month/CP1_4.png)
![CP1](../figures/version_comparisons/V37_versus_thredds_month/CP1_5.png)
![CP1](../figures/version_comparisons/V37_versus_thredds_month/CP1_6.png)
![CP1](../figures/version_comparisons/V37_versus_thredds_month/CP1_7.png)
![CP1](../figures/version_comparisons/V37_versus_thredds_month/CP1_8.png)
![CP1](../figures/version_comparisons/V37_versus_thredds_month/CP1_9.png)
![CP1](../figures/version_comparisons/V37_versus_thredds_month/CP1_10.png)
![CP1](../figures/version_comparisons/V37_versus_thredds_month/CP1_11.png)
![CP1](../figures/version_comparisons/V37_versus_thredds_month/CP1_12.png)
![CP1](../figures/version_comparisons/V37_versus_thredds_month/CP1_13.png)
![CP1](../figures/version_comparisons/V37_versus_thredds_month/CP1_14.png)
![CP1](../figures/version_comparisons/V37_versus_thredds_month/CP1_15.png)
 
## DY2
/media/ice/Baptiste/geussnow01/dataverse//V37/month/DY2_month.csv
Variables in new file:
p_u, p_l, t_u, t_l, rh_u, rh_u_wrt_ice_or_water, qh_u, rh_l, rh_l_wrt_ice_or_water, qh_l, wspd_u, wspd_l, wdir_u, wdir_l, wspd_x_u, wspd_y_u, wspd_x_l, wspd_y_l, dsr, dsr_cor, usr, usr_cor, albedo, dlr, ulr, cc, t_surf, dlhf_u, dlhf_l, dshf_u, dshf_l, z_boom_u, z_boom_cor_u, z_boom_l, z_boom_cor_l, z_surf_combined, snow_height, rainfall_u, rainfall_cor_u, rainfall_l, rainfall_cor_l, t_i_1, t_i_2, t_i_3, t_i_4, t_i_5, t_i_6, t_i_7, t_i_8, t_i_9, t_i_10, t_i_11, d_t_i_1, d_t_i_2, d_t_i_3, d_t_i_4, d_t_i_5, d_t_i_6, d_t_i_7, d_t_i_8, d_t_i_9, d_t_i_10, d_t_i_11, t_i_10m, tilt_x, tilt_y, rot, gps_lat, gps_lon, gps_alt, lat, lon, alt, batt_v, t_rad, t_i, rh_i_wrt_ice_or_water, wdir_i, wspd_y_i

New variables not in old files:


Old variables removed from new files:

 
![DY2](../figures/version_comparisons/V37_versus_thredds_month/DY2_0.png)
![DY2](../figures/version_comparisons/V37_versus_thredds_month/DY2_1.png)
![DY2](../figures/version_comparisons/V37_versus_thredds_month/DY2_2.png)
![DY2](../figures/version_comparisons/V37_versus_thredds_month/DY2_3.png)
![DY2](../figures/version_comparisons/V37_versus_thredds_month/DY2_4.png)
![DY2](../figures/version_comparisons/V37_versus_thredds_month/DY2_5.png)
![DY2](../figures/version_comparisons/V37_versus_thredds_month/DY2_6.png)
![DY2](../figures/version_comparisons/V37_versus_thredds_month/DY2_7.png)
![DY2](../figures/version_comparisons/V37_versus_thredds_month/DY2_8.png)
![DY2](../figures/version_comparisons/V37_versus_thredds_month/DY2_9.png)
![DY2](../figures/version_comparisons/V37_versus_thredds_month/DY2_10.png)
![DY2](../figures/version_comparisons/V37_versus_thredds_month/DY2_11.png)
![DY2](../figures/version_comparisons/V37_versus_thredds_month/DY2_12.png)
![DY2](../figures/version_comparisons/V37_versus_thredds_month/DY2_13.png)
![DY2](../figures/version_comparisons/V37_versus_thredds_month/DY2_14.png)
![DY2](../figures/version_comparisons/V37_versus_thredds_month/DY2_15.png)
 
## EGP
/media/ice/Baptiste/geussnow01/dataverse//V37/month/EGP_month.csv
Variables in new file:
p_u, t_u, t_l, rh_u, rh_u_wrt_ice_or_water, qh_u, rh_l, rh_l_wrt_ice_or_water, qh_l, wspd_u, wspd_l, wdir_u, wdir_l, wspd_x_u, wspd_y_u, wspd_x_l, wspd_y_l, dsr, dsr_cor, usr, usr_cor, albedo, dlr, ulr, cc, t_surf, dlhf_u, dshf_u, z_boom_u, z_boom_cor_u, z_boom_l, z_boom_cor_l, z_stake, z_stake_cor, z_surf_combined, snow_height, rainfall_u, rainfall_cor_u, t_i_1, t_i_2, t_i_3, t_i_4, t_i_5, t_i_6, t_i_7, t_i_8, t_i_9, t_i_10, t_i_11, d_t_i_1, d_t_i_2, d_t_i_3, d_t_i_4, d_t_i_5, d_t_i_6, d_t_i_7, d_t_i_8, d_t_i_9, d_t_i_10, d_t_i_11, t_i_10m, tilt_x, tilt_y, rot, gps_lat, gps_lon, gps_alt, lat, lon, alt, batt_v, t_rad, t_i, rh_i_wrt_ice_or_water, wdir_i, wspd_y_i

New variables not in old files:


Old variables removed from new files:

 
![EGP](../figures/version_comparisons/V37_versus_thredds_month/EGP_0.png)
![EGP](../figures/version_comparisons/V37_versus_thredds_month/EGP_1.png)
![EGP](../figures/version_comparisons/V37_versus_thredds_month/EGP_2.png)
![EGP](../figures/version_comparisons/V37_versus_thredds_month/EGP_3.png)
![EGP](../figures/version_comparisons/V37_versus_thredds_month/EGP_4.png)
![EGP](../figures/version_comparisons/V37_versus_thredds_month/EGP_5.png)
![EGP](../figures/version_comparisons/V37_versus_thredds_month/EGP_6.png)
![EGP](../figures/version_comparisons/V37_versus_thredds_month/EGP_7.png)
![EGP](../figures/version_comparisons/V37_versus_thredds_month/EGP_8.png)
![EGP](../figures/version_comparisons/V37_versus_thredds_month/EGP_9.png)
![EGP](../figures/version_comparisons/V37_versus_thredds_month/EGP_10.png)
![EGP](../figures/version_comparisons/V37_versus_thredds_month/EGP_11.png)
![EGP](../figures/version_comparisons/V37_versus_thredds_month/EGP_12.png)
![EGP](../figures/version_comparisons/V37_versus_thredds_month/EGP_13.png)
![EGP](../figures/version_comparisons/V37_versus_thredds_month/EGP_14.png)
![EGP](../figures/version_comparisons/V37_versus_thredds_month/EGP_15.png)
 
## FRE
/media/ice/Baptiste/geussnow01/dataverse//V37/month/FRE_month.csv
Variables in new file:
p_u, t_u, rh_u, rh_u_wrt_ice_or_water, qh_u, wspd_u, wdir_u, wspd_x_u, wspd_y_u, dsr, dsr_cor, usr, usr_cor, albedo, dlr, ulr, cc, t_surf, dlhf_u, dshf_u, z_boom_u, z_boom_cor_u, z_stake, z_stake_cor, z_pt, z_pt_cor, z_surf_combined, z_ice_surf, snow_height, t_i_1, t_i_2, t_i_3, t_i_4, t_i_5, t_i_6, t_i_7, t_i_8, d_t_i_1, d_t_i_2, d_t_i_3, d_t_i_4, d_t_i_5, d_t_i_6, d_t_i_7, d_t_i_8, t_i_10m, tilt_x, tilt_y, gps_lat, gps_lon, gps_alt, lat, lon, alt, batt_v, t_rad, t_i, rh_i_wrt_ice_or_water, wdir_i, wspd_y_i

New variables not in old files:


Old variables removed from new files:

 
![FRE](../figures/version_comparisons/V37_versus_thredds_month/FRE_0.png)
![FRE](../figures/version_comparisons/V37_versus_thredds_month/FRE_1.png)
![FRE](../figures/version_comparisons/V37_versus_thredds_month/FRE_2.png)
![FRE](../figures/version_comparisons/V37_versus_thredds_month/FRE_3.png)
![FRE](../figures/version_comparisons/V37_versus_thredds_month/FRE_4.png)
![FRE](../figures/version_comparisons/V37_versus_thredds_month/FRE_5.png)
![FRE](../figures/version_comparisons/V37_versus_thredds_month/FRE_6.png)
![FRE](../figures/version_comparisons/V37_versus_thredds_month/FRE_7.png)
![FRE](../figures/version_comparisons/V37_versus_thredds_month/FRE_8.png)
![FRE](../figures/version_comparisons/V37_versus_thredds_month/FRE_9.png)
![FRE](../figures/version_comparisons/V37_versus_thredds_month/FRE_10.png)
![FRE](../figures/version_comparisons/V37_versus_thredds_month/FRE_11.png)
 
## HUM
/media/ice/Baptiste/geussnow01/dataverse//V37/month/HUM_month.csv
Variables in new file:
p_u, p_l, t_u, t_l, rh_u, rh_u_wrt_ice_or_water, qh_u, rh_l, rh_l_wrt_ice_or_water, qh_l, wspd_u, wspd_l, wdir_u, wdir_l, wspd_x_u, wspd_y_u, wspd_x_l, wspd_y_l, dsr, dsr_cor, usr, usr_cor, albedo, dlr, ulr, cc, t_surf, dlhf_u, dlhf_l, dshf_u, dshf_l, z_boom_u, z_boom_cor_u, z_boom_l, z_boom_cor_l, z_surf_combined, snow_height, rainfall_u, rainfall_cor_u, rainfall_l, rainfall_cor_l, t_i_1, t_i_2, t_i_3, t_i_4, t_i_5, t_i_6, t_i_7, t_i_8, t_i_9, t_i_10, t_i_11, d_t_i_1, d_t_i_2, d_t_i_3, d_t_i_4, d_t_i_5, d_t_i_6, d_t_i_7, d_t_i_8, d_t_i_9, d_t_i_10, d_t_i_11, t_i_10m, tilt_x, tilt_y, rot, gps_lat, gps_lon, gps_alt, lat, lon, alt, batt_v, t_rad, t_i, rh_i_wrt_ice_or_water, wdir_i, wspd_y_i

New variables not in old files:


Old variables removed from new files:

 
![HUM](../figures/version_comparisons/V37_versus_thredds_month/HUM_0.png)
![HUM](../figures/version_comparisons/V37_versus_thredds_month/HUM_1.png)
![HUM](../figures/version_comparisons/V37_versus_thredds_month/HUM_2.png)
![HUM](../figures/version_comparisons/V37_versus_thredds_month/HUM_3.png)
![HUM](../figures/version_comparisons/V37_versus_thredds_month/HUM_4.png)
![HUM](../figures/version_comparisons/V37_versus_thredds_month/HUM_5.png)
![HUM](../figures/version_comparisons/V37_versus_thredds_month/HUM_6.png)
![HUM](../figures/version_comparisons/V37_versus_thredds_month/HUM_7.png)
![HUM](../figures/version_comparisons/V37_versus_thredds_month/HUM_8.png)
![HUM](../figures/version_comparisons/V37_versus_thredds_month/HUM_9.png)
![HUM](../figures/version_comparisons/V37_versus_thredds_month/HUM_10.png)
![HUM](../figures/version_comparisons/V37_versus_thredds_month/HUM_11.png)
![HUM](../figures/version_comparisons/V37_versus_thredds_month/HUM_12.png)
![HUM](../figures/version_comparisons/V37_versus_thredds_month/HUM_13.png)
![HUM](../figures/version_comparisons/V37_versus_thredds_month/HUM_14.png)
![HUM](../figures/version_comparisons/V37_versus_thredds_month/HUM_15.png)
 
## JAR
/media/ice/Baptiste/geussnow01/dataverse//V37/month/JAR_month.csv
Variables in new file:
p_u, t_u, t_l, rh_u, rh_u_wrt_ice_or_water, qh_u, rh_l, rh_l_wrt_ice_or_water, qh_l, wspd_u, wspd_l, wdir_u, wdir_l, wspd_x_u, wspd_y_u, wspd_x_l, wspd_y_l, dsr, dsr_cor, usr, usr_cor, albedo, dlr, ulr, cc, t_surf, dlhf_u, dshf_u, z_boom_u, z_boom_cor_u, z_boom_cor_l, z_stake, z_stake_cor, z_pt, z_pt_cor, z_surf_combined, z_ice_surf, snow_height, rainfall_u, rainfall_cor_u, t_i_1, t_i_2, t_i_3, t_i_4, t_i_5, t_i_6, t_i_7, t_i_8, t_i_9, t_i_10, d_t_i_1, d_t_i_2, d_t_i_3, d_t_i_4, d_t_i_5, d_t_i_6, d_t_i_7, d_t_i_8, d_t_i_9, d_t_i_10, t_i_10m, tilt_x, tilt_y, rot, gps_lat, gps_lon, gps_alt, lat, lon, alt, batt_v, t_rad, t_i, rh_i_wrt_ice_or_water, wdir_i, wspd_y_i

New variables not in old files:


Old variables removed from new files:

 
![JAR](../figures/version_comparisons/V37_versus_thredds_month/JAR_0.png)
![JAR](../figures/version_comparisons/V37_versus_thredds_month/JAR_1.png)
![JAR](../figures/version_comparisons/V37_versus_thredds_month/JAR_2.png)
![JAR](../figures/version_comparisons/V37_versus_thredds_month/JAR_3.png)
![JAR](../figures/version_comparisons/V37_versus_thredds_month/JAR_4.png)
![JAR](../figures/version_comparisons/V37_versus_thredds_month/JAR_5.png)
![JAR](../figures/version_comparisons/V37_versus_thredds_month/JAR_6.png)
![JAR](../figures/version_comparisons/V37_versus_thredds_month/JAR_7.png)
![JAR](../figures/version_comparisons/V37_versus_thredds_month/JAR_8.png)
![JAR](../figures/version_comparisons/V37_versus_thredds_month/JAR_9.png)
![JAR](../figures/version_comparisons/V37_versus_thredds_month/JAR_10.png)
![JAR](../figures/version_comparisons/V37_versus_thredds_month/JAR_11.png)
![JAR](../figures/version_comparisons/V37_versus_thredds_month/JAR_12.png)
![JAR](../figures/version_comparisons/V37_versus_thredds_month/JAR_13.png)
![JAR](../figures/version_comparisons/V37_versus_thredds_month/JAR_14.png)
![JAR](../figures/version_comparisons/V37_versus_thredds_month/JAR_15.png)
 
## KAN_B
/media/ice/Baptiste/geussnow01/dataverse//V37/month/KAN_B_month.csv
Variables in new file:
p_u, t_u, rh_u, rh_u_wrt_ice_or_water, qh_u, wspd_u, wdir_u, wspd_x_u, wspd_y_u, dsr, usr, albedo, dlr, ulr, t_surf, z_boom_u, z_boom_cor_u, z_surf_combined, snow_height, lat, lon, alt, batt_v, t_rad, t_i, rh_i_wrt_ice_or_water, wdir_i, wspd_y_i

New variables not in old files:


Old variables removed from new files:

 
![KAN_B](../figures/version_comparisons/V37_versus_thredds_month/KAN_B_0.png)
![KAN_B](../figures/version_comparisons/V37_versus_thredds_month/KAN_B_1.png)
![KAN_B](../figures/version_comparisons/V37_versus_thredds_month/KAN_B_2.png)
![KAN_B](../figures/version_comparisons/V37_versus_thredds_month/KAN_B_3.png)
![KAN_B](../figures/version_comparisons/V37_versus_thredds_month/KAN_B_4.png)
![KAN_B](../figures/version_comparisons/V37_versus_thredds_month/KAN_B_5.png)
 
## KAN_L
/media/ice/Baptiste/geussnow01/dataverse//V37/month/KAN_L_month.csv
Variables in new file:
p_u, t_u, rh_u, rh_u_wrt_ice_or_water, qh_u, wspd_u, wdir_u, wspd_x_u, wspd_y_u, dsr, dsr_cor, usr, usr_cor, albedo, dlr, ulr, cc, t_surf, dlhf_u, dshf_u, z_boom_u, z_boom_cor_u, z_stake, z_stake_cor, z_pt, z_pt_cor, z_surf_combined, z_ice_surf, snow_height, rainfall_u, rainfall_cor_u, t_i_1, t_i_2, t_i_3, t_i_4, t_i_5, t_i_6, t_i_7, t_i_8, d_t_i_1, d_t_i_2, d_t_i_3, d_t_i_4, d_t_i_5, d_t_i_6, d_t_i_7, d_t_i_8, t_i_10m, tilt_x, tilt_y, rot, gps_lat, gps_lon, gps_alt, lat, lon, alt, batt_v, t_rad, t_i, rh_i_wrt_ice_or_water, wdir_i, wspd_y_i

New variables not in old files:


Old variables removed from new files:

 
![KAN_L](../figures/version_comparisons/V37_versus_thredds_month/KAN_L_0.png)
![KAN_L](../figures/version_comparisons/V37_versus_thredds_month/KAN_L_1.png)
![KAN_L](../figures/version_comparisons/V37_versus_thredds_month/KAN_L_2.png)
![KAN_L](../figures/version_comparisons/V37_versus_thredds_month/KAN_L_3.png)
![KAN_L](../figures/version_comparisons/V37_versus_thredds_month/KAN_L_4.png)
![KAN_L](../figures/version_comparisons/V37_versus_thredds_month/KAN_L_5.png)
![KAN_L](../figures/version_comparisons/V37_versus_thredds_month/KAN_L_6.png)
![KAN_L](../figures/version_comparisons/V37_versus_thredds_month/KAN_L_7.png)
![KAN_L](../figures/version_comparisons/V37_versus_thredds_month/KAN_L_8.png)
![KAN_L](../figures/version_comparisons/V37_versus_thredds_month/KAN_L_9.png)
![KAN_L](../figures/version_comparisons/V37_versus_thredds_month/KAN_L_10.png)
![KAN_L](../figures/version_comparisons/V37_versus_thredds_month/KAN_L_11.png)
![KAN_L](../figures/version_comparisons/V37_versus_thredds_month/KAN_L_12.png)
 
## KAN_M
/media/ice/Baptiste/geussnow01/dataverse//V37/month/KAN_M_month.csv
Variables in new file:
p_u, t_u, rh_u, rh_u_wrt_ice_or_water, qh_u, wspd_u, wdir_u, wspd_x_u, wspd_y_u, dsr, dsr_cor, usr, usr_cor, albedo, dlr, ulr, cc, t_surf, dlhf_u, dshf_u, z_boom_u, z_boom_cor_u, z_stake, z_stake_cor, z_pt, z_pt_cor, z_surf_combined, z_ice_surf, snow_height, t_i_1, t_i_2, t_i_3, t_i_4, t_i_5, t_i_6, t_i_7, t_i_8, d_t_i_1, d_t_i_2, d_t_i_3, d_t_i_4, d_t_i_5, d_t_i_6, d_t_i_7, d_t_i_8, t_i_10m, tilt_x, tilt_y, gps_lat, gps_lon, gps_alt, lat, lon, alt, batt_v, t_rad, t_i, rh_i_wrt_ice_or_water, wdir_i, wspd_y_i

New variables not in old files:


Old variables removed from new files:

 
![KAN_M](../figures/version_comparisons/V37_versus_thredds_month/KAN_M_0.png)
![KAN_M](../figures/version_comparisons/V37_versus_thredds_month/KAN_M_1.png)
![KAN_M](../figures/version_comparisons/V37_versus_thredds_month/KAN_M_2.png)
![KAN_M](../figures/version_comparisons/V37_versus_thredds_month/KAN_M_3.png)
![KAN_M](../figures/version_comparisons/V37_versus_thredds_month/KAN_M_4.png)
![KAN_M](../figures/version_comparisons/V37_versus_thredds_month/KAN_M_5.png)
![KAN_M](../figures/version_comparisons/V37_versus_thredds_month/KAN_M_6.png)
![KAN_M](../figures/version_comparisons/V37_versus_thredds_month/KAN_M_7.png)
![KAN_M](../figures/version_comparisons/V37_versus_thredds_month/KAN_M_8.png)
![KAN_M](../figures/version_comparisons/V37_versus_thredds_month/KAN_M_9.png)
![KAN_M](../figures/version_comparisons/V37_versus_thredds_month/KAN_M_10.png)
![KAN_M](../figures/version_comparisons/V37_versus_thredds_month/KAN_M_11.png)
 
## KAN_T
/media/ice/Baptiste/geussnow01/dataverse//V37/month/KAN_T_month.csv
Variables in new file:
p_u, t_u, rh_u, rh_u_wrt_ice_or_water, qh_u, wspd_u, wdir_u, wspd_x_u, wspd_y_u, dsr, dsr_cor, usr, usr_cor, albedo, dlr, ulr, cc, t_surf, dlhf_u, dshf_u, z_boom_u, z_boom_cor_u, z_stake, z_stake_cor, z_pt, z_pt_cor, z_surf_combined, z_ice_surf, snow_height, rainfall_u, rainfall_cor_u, t_i_1, t_i_2, t_i_3, t_i_4, t_i_5, t_i_6, t_i_7, t_i_8, d_t_i_3, d_t_i_4, d_t_i_5, d_t_i_6, d_t_i_7, d_t_i_8, tilt_x, tilt_y, rot, gps_lat, gps_lon, gps_alt, lat, lon, alt, batt_v, t_rad, t_i, rh_i_wrt_ice_or_water, wdir_i, wspd_y_i

New variables not in old files:


Old variables removed from new files:

 
![KAN_T](../figures/version_comparisons/V37_versus_thredds_month/KAN_T_0.png)
![KAN_T](../figures/version_comparisons/V37_versus_thredds_month/KAN_T_1.png)
![KAN_T](../figures/version_comparisons/V37_versus_thredds_month/KAN_T_2.png)
![KAN_T](../figures/version_comparisons/V37_versus_thredds_month/KAN_T_3.png)
![KAN_T](../figures/version_comparisons/V37_versus_thredds_month/KAN_T_4.png)
![KAN_T](../figures/version_comparisons/V37_versus_thredds_month/KAN_T_5.png)
![KAN_T](../figures/version_comparisons/V37_versus_thredds_month/KAN_T_6.png)
![KAN_T](../figures/version_comparisons/V37_versus_thredds_month/KAN_T_7.png)
![KAN_T](../figures/version_comparisons/V37_versus_thredds_month/KAN_T_8.png)
![KAN_T](../figures/version_comparisons/V37_versus_thredds_month/KAN_T_9.png)
![KAN_T](../figures/version_comparisons/V37_versus_thredds_month/KAN_T_10.png)
![KAN_T](../figures/version_comparisons/V37_versus_thredds_month/KAN_T_11.png)
 
## KAN_U
/media/ice/Baptiste/geussnow01/dataverse//V37/month/KAN_U_month.csv
Variables in new file:
p_u, p_l, t_u, t_l, rh_u, rh_u_wrt_ice_or_water, qh_u, rh_l, rh_l_wrt_ice_or_water, qh_l, wspd_u, wspd_l, wdir_u, wdir_l, wspd_x_u, wspd_y_u, wspd_x_l, wspd_y_l, dsr, dsr_cor, usr, usr_cor, albedo, dlr, ulr, cc, t_surf, dlhf_u, dlhf_l, dshf_u, dshf_l, z_boom_u, z_boom_cor_u, z_boom_l, z_boom_cor_l, z_stake, z_stake_cor, z_surf_combined, snow_height, rainfall_u, rainfall_cor_u, rainfall_l, rainfall_cor_l, t_i_1, t_i_2, t_i_3, t_i_4, t_i_5, t_i_6, t_i_7, t_i_8, t_i_9, t_i_10, t_i_11, d_t_i_1, d_t_i_2, d_t_i_3, d_t_i_4, d_t_i_5, d_t_i_6, d_t_i_7, d_t_i_8, d_t_i_9, d_t_i_10, d_t_i_11, t_i_10m, tilt_x, tilt_y, rot, gps_lat, gps_lon, gps_alt, lat, lon, alt, batt_v, t_rad, t_i, rh_i_wrt_ice_or_water, wdir_i, wspd_y_i

New variables not in old files:


Old variables removed from new files:

 
![KAN_U](../figures/version_comparisons/V37_versus_thredds_month/KAN_U_0.png)
![KAN_U](../figures/version_comparisons/V37_versus_thredds_month/KAN_U_1.png)
![KAN_U](../figures/version_comparisons/V37_versus_thredds_month/KAN_U_2.png)
![KAN_U](../figures/version_comparisons/V37_versus_thredds_month/KAN_U_3.png)
![KAN_U](../figures/version_comparisons/V37_versus_thredds_month/KAN_U_4.png)
![KAN_U](../figures/version_comparisons/V37_versus_thredds_month/KAN_U_5.png)
![KAN_U](../figures/version_comparisons/V37_versus_thredds_month/KAN_U_6.png)
![KAN_U](../figures/version_comparisons/V37_versus_thredds_month/KAN_U_7.png)
![KAN_U](../figures/version_comparisons/V37_versus_thredds_month/KAN_U_8.png)
![KAN_U](../figures/version_comparisons/V37_versus_thredds_month/KAN_U_9.png)
![KAN_U](../figures/version_comparisons/V37_versus_thredds_month/KAN_U_10.png)
![KAN_U](../figures/version_comparisons/V37_versus_thredds_month/KAN_U_11.png)
![KAN_U](../figures/version_comparisons/V37_versus_thredds_month/KAN_U_12.png)
![KAN_U](../figures/version_comparisons/V37_versus_thredds_month/KAN_U_13.png)
![KAN_U](../figures/version_comparisons/V37_versus_thredds_month/KAN_U_14.png)
![KAN_U](../figures/version_comparisons/V37_versus_thredds_month/KAN_U_15.png)
![KAN_U](../figures/version_comparisons/V37_versus_thredds_month/KAN_U_16.png)
 
## KPC_L
/media/ice/Baptiste/geussnow01/dataverse//V37/month/KPC_L_month.csv
Variables in new file:
p_u, t_u, rh_u, rh_u_wrt_ice_or_water, qh_u, wspd_u, wdir_u, wspd_x_u, wspd_y_u, dsr, dsr_cor, usr, usr_cor, albedo, dlr, ulr, cc, t_surf, dlhf_u, dshf_u, z_boom_u, z_boom_cor_u, z_stake, z_stake_cor, z_pt, z_pt_cor, z_surf_combined, z_ice_surf, snow_height, t_i_1, t_i_2, t_i_3, t_i_4, t_i_5, t_i_6, t_i_7, t_i_8, d_t_i_1, d_t_i_2, d_t_i_3, d_t_i_4, d_t_i_5, d_t_i_6, d_t_i_7, d_t_i_8, t_i_10m, tilt_x, tilt_y, gps_lat, gps_lon, gps_alt, lat, lon, alt, batt_v, t_rad, t_i, rh_i_wrt_ice_or_water, wdir_i, wspd_y_i

New variables not in old files:


Old variables removed from new files:

 
![KPC_L](../figures/version_comparisons/V37_versus_thredds_month/KPC_L_0.png)
![KPC_L](../figures/version_comparisons/V37_versus_thredds_month/KPC_L_1.png)
![KPC_L](../figures/version_comparisons/V37_versus_thredds_month/KPC_L_2.png)
![KPC_L](../figures/version_comparisons/V37_versus_thredds_month/KPC_L_3.png)
![KPC_L](../figures/version_comparisons/V37_versus_thredds_month/KPC_L_4.png)
![KPC_L](../figures/version_comparisons/V37_versus_thredds_month/KPC_L_5.png)
![KPC_L](../figures/version_comparisons/V37_versus_thredds_month/KPC_L_6.png)
![KPC_L](../figures/version_comparisons/V37_versus_thredds_month/KPC_L_7.png)
![KPC_L](../figures/version_comparisons/V37_versus_thredds_month/KPC_L_8.png)
![KPC_L](../figures/version_comparisons/V37_versus_thredds_month/KPC_L_9.png)
![KPC_L](../figures/version_comparisons/V37_versus_thredds_month/KPC_L_10.png)
![KPC_L](../figures/version_comparisons/V37_versus_thredds_month/KPC_L_11.png)
 
## KPC_U
/media/ice/Baptiste/geussnow01/dataverse//V37/month/KPC_U_month.csv
Variables in new file:
p_u, t_u, rh_u, rh_u_wrt_ice_or_water, qh_u, wspd_u, wdir_u, wspd_x_u, wspd_y_u, dsr, dsr_cor, usr, usr_cor, albedo, dlr, ulr, cc, t_surf, dlhf_u, dshf_u, z_boom_u, z_boom_cor_u, z_stake, z_stake_cor, z_pt, z_surf_combined, z_ice_surf, snow_height, t_i_1, t_i_2, t_i_3, t_i_4, t_i_5, t_i_6, t_i_7, t_i_8, d_t_i_1, d_t_i_2, d_t_i_3, d_t_i_4, d_t_i_5, d_t_i_6, d_t_i_7, d_t_i_8, t_i_10m, tilt_x, tilt_y, gps_lat, gps_lon, gps_alt, lat, lon, alt, batt_v, t_rad, t_i, rh_i_wrt_ice_or_water, wdir_i, wspd_y_i

New variables not in old files:


Old variables removed from new files:

 
![KPC_U](../figures/version_comparisons/V37_versus_thredds_month/KPC_U_0.png)
![KPC_U](../figures/version_comparisons/V37_versus_thredds_month/KPC_U_1.png)
![KPC_U](../figures/version_comparisons/V37_versus_thredds_month/KPC_U_2.png)
![KPC_U](../figures/version_comparisons/V37_versus_thredds_month/KPC_U_3.png)
![KPC_U](../figures/version_comparisons/V37_versus_thredds_month/KPC_U_4.png)
![KPC_U](../figures/version_comparisons/V37_versus_thredds_month/KPC_U_5.png)
![KPC_U](../figures/version_comparisons/V37_versus_thredds_month/KPC_U_6.png)
![KPC_U](../figures/version_comparisons/V37_versus_thredds_month/KPC_U_7.png)
![KPC_U](../figures/version_comparisons/V37_versus_thredds_month/KPC_U_8.png)
![KPC_U](../figures/version_comparisons/V37_versus_thredds_month/KPC_U_9.png)
![KPC_U](../figures/version_comparisons/V37_versus_thredds_month/KPC_U_10.png)
![KPC_U](../figures/version_comparisons/V37_versus_thredds_month/KPC_U_11.png)
 
## LYN_L
/media/ice/Baptiste/geussnow01/dataverse//V37/month/LYN_L_month.csv
Variables in new file:
p_u, t_u, rh_u, rh_u_wrt_ice_or_water, qh_u, wspd_u, wdir_u, wspd_x_u, wspd_y_u, z_boom_u, z_boom_cor_u, z_stake, z_stake_cor, z_surf_combined, z_ice_surf, snow_height, t_i_1, t_i_2, t_i_3, t_i_4, t_i_5, t_i_6, t_i_7, d_t_i_1, d_t_i_2, d_t_i_3, d_t_i_4, d_t_i_5, d_t_i_6, d_t_i_7, d_t_i_8, t_i_10m, tilt_x, tilt_y, gps_lat, gps_lon, gps_alt, lat, lon, alt, batt_v, t_rad, t_i, rh_i_wrt_ice_or_water, wdir_i, wspd_y_i

New variables not in old files:


Old variables removed from new files:

 
![LYN_L](../figures/version_comparisons/V37_versus_thredds_month/LYN_L_0.png)
![LYN_L](../figures/version_comparisons/V37_versus_thredds_month/LYN_L_1.png)
![LYN_L](../figures/version_comparisons/V37_versus_thredds_month/LYN_L_2.png)
![LYN_L](../figures/version_comparisons/V37_versus_thredds_month/LYN_L_3.png)
![LYN_L](../figures/version_comparisons/V37_versus_thredds_month/LYN_L_4.png)
![LYN_L](../figures/version_comparisons/V37_versus_thredds_month/LYN_L_5.png)
![LYN_L](../figures/version_comparisons/V37_versus_thredds_month/LYN_L_6.png)
![LYN_L](../figures/version_comparisons/V37_versus_thredds_month/LYN_L_7.png)
![LYN_L](../figures/version_comparisons/V37_versus_thredds_month/LYN_L_8.png)
![LYN_L](../figures/version_comparisons/V37_versus_thredds_month/LYN_L_9.png)
 
## LYN_T
/media/ice/Baptiste/geussnow01/dataverse//V37/month/LYN_T_month.csv
Variables in new file:
p_u, t_u, rh_u, rh_u_wrt_ice_or_water, qh_u, wspd_u, wdir_u, wspd_x_u, wspd_y_u, dsr, dsr_cor, usr, usr_cor, albedo, dlr, ulr, cc, t_surf, z_boom_u, z_boom_cor_u, z_stake, z_stake_cor, z_surf_combined, z_ice_surf, snow_height, t_i_1, t_i_2, t_i_3, t_i_4, t_i_5, t_i_6, t_i_7, d_t_i_1, d_t_i_2, d_t_i_3, d_t_i_4, d_t_i_5, d_t_i_6, d_t_i_7, d_t_i_8, t_i_10m, tilt_x, tilt_y, gps_lat, gps_lon, gps_alt, lat, lon, alt, batt_v, t_rad

New variables not in old files:


Old variables removed from new files:

 
![LYN_T](../figures/version_comparisons/V37_versus_thredds_month/LYN_T_0.png)
![LYN_T](../figures/version_comparisons/V37_versus_thredds_month/LYN_T_1.png)
![LYN_T](../figures/version_comparisons/V37_versus_thredds_month/LYN_T_2.png)
![LYN_T](../figures/version_comparisons/V37_versus_thredds_month/LYN_T_3.png)
![LYN_T](../figures/version_comparisons/V37_versus_thredds_month/LYN_T_4.png)
![LYN_T](../figures/version_comparisons/V37_versus_thredds_month/LYN_T_5.png)
![LYN_T](../figures/version_comparisons/V37_versus_thredds_month/LYN_T_6.png)
![LYN_T](../figures/version_comparisons/V37_versus_thredds_month/LYN_T_7.png)
![LYN_T](../figures/version_comparisons/V37_versus_thredds_month/LYN_T_8.png)
![LYN_T](../figures/version_comparisons/V37_versus_thredds_month/LYN_T_9.png)
![LYN_T](../figures/version_comparisons/V37_versus_thredds_month/LYN_T_10.png)
 
## MIT
/media/ice/Baptiste/geussnow01/dataverse//V37/month/MIT_month.csv
Variables in new file:
p_u, t_u, rh_u, rh_u_wrt_ice_or_water, qh_u, wspd_u, wdir_u, wspd_x_u, wspd_y_u, dsr, dsr_cor, usr, usr_cor, albedo, dlr, ulr, cc, t_surf, dlhf_u, dshf_u, z_boom_u, z_boom_cor_u, z_stake, z_stake_cor, z_pt, z_pt_cor, z_surf_combined, z_ice_surf, snow_height, t_i_1, t_i_2, t_i_3, t_i_4, t_i_5, t_i_6, t_i_7, t_i_8, d_t_i_1, d_t_i_2, d_t_i_3, d_t_i_4, d_t_i_5, d_t_i_6, d_t_i_7, d_t_i_8, t_i_10m, tilt_x, tilt_y, gps_lat, gps_lon, gps_alt, lat, lon, alt, batt_v, t_rad, t_i, rh_i_wrt_ice_or_water, wdir_i, wspd_y_i

New variables not in old files:


Old variables removed from new files:

 
![MIT](../figures/version_comparisons/V37_versus_thredds_month/MIT_0.png)
![MIT](../figures/version_comparisons/V37_versus_thredds_month/MIT_1.png)
![MIT](../figures/version_comparisons/V37_versus_thredds_month/MIT_2.png)
![MIT](../figures/version_comparisons/V37_versus_thredds_month/MIT_3.png)
![MIT](../figures/version_comparisons/V37_versus_thredds_month/MIT_4.png)
![MIT](../figures/version_comparisons/V37_versus_thredds_month/MIT_5.png)
![MIT](../figures/version_comparisons/V37_versus_thredds_month/MIT_6.png)
![MIT](../figures/version_comparisons/V37_versus_thredds_month/MIT_7.png)
![MIT](../figures/version_comparisons/V37_versus_thredds_month/MIT_8.png)
![MIT](../figures/version_comparisons/V37_versus_thredds_month/MIT_9.png)
![MIT](../figures/version_comparisons/V37_versus_thredds_month/MIT_10.png)
![MIT](../figures/version_comparisons/V37_versus_thredds_month/MIT_11.png)
 
## NAE
/media/ice/Baptiste/geussnow01/dataverse//V37/month/NAE_month.csv
Variables in new file:
p_u, p_l, t_u, t_l, rh_u, rh_u_wrt_ice_or_water, qh_u, rh_l, rh_l_wrt_ice_or_water, qh_l, wspd_u, wspd_l, wdir_u, wdir_l, wspd_x_u, wspd_y_u, wspd_x_l, wspd_y_l, dsr, dsr_cor, usr, usr_cor, albedo, dlr, ulr, cc, t_surf, dlhf_u, dlhf_l, dshf_u, dshf_l, z_boom_u, z_boom_cor_u, z_boom_l, z_boom_cor_l, z_surf_combined, snow_height, rainfall_u, rainfall_cor_u, rainfall_l, rainfall_cor_l, t_i_1, t_i_2, t_i_3, t_i_4, t_i_5, t_i_6, t_i_7, t_i_8, t_i_9, t_i_10, t_i_11, d_t_i_1, d_t_i_2, d_t_i_3, d_t_i_4, d_t_i_5, d_t_i_6, d_t_i_7, d_t_i_8, d_t_i_9, d_t_i_10, d_t_i_11, t_i_10m, tilt_x, tilt_y, rot, gps_lat, gps_lon, gps_alt, lat, lon, alt, batt_v, t_rad, t_i, rh_i_wrt_ice_or_water, wdir_i, wspd_y_i

New variables not in old files:


Old variables removed from new files:

 
![NAE](../figures/version_comparisons/V37_versus_thredds_month/NAE_0.png)
![NAE](../figures/version_comparisons/V37_versus_thredds_month/NAE_1.png)
![NAE](../figures/version_comparisons/V37_versus_thredds_month/NAE_2.png)
![NAE](../figures/version_comparisons/V37_versus_thredds_month/NAE_3.png)
![NAE](../figures/version_comparisons/V37_versus_thredds_month/NAE_4.png)
![NAE](../figures/version_comparisons/V37_versus_thredds_month/NAE_5.png)
![NAE](../figures/version_comparisons/V37_versus_thredds_month/NAE_6.png)
![NAE](../figures/version_comparisons/V37_versus_thredds_month/NAE_7.png)
![NAE](../figures/version_comparisons/V37_versus_thredds_month/NAE_8.png)
![NAE](../figures/version_comparisons/V37_versus_thredds_month/NAE_9.png)
![NAE](../figures/version_comparisons/V37_versus_thredds_month/NAE_10.png)
![NAE](../figures/version_comparisons/V37_versus_thredds_month/NAE_11.png)
![NAE](../figures/version_comparisons/V37_versus_thredds_month/NAE_12.png)
![NAE](../figures/version_comparisons/V37_versus_thredds_month/NAE_13.png)
![NAE](../figures/version_comparisons/V37_versus_thredds_month/NAE_14.png)
![NAE](../figures/version_comparisons/V37_versus_thredds_month/NAE_15.png)
 
## NAU
/media/ice/Baptiste/geussnow01/dataverse//V37/month/NAU_month.csv
Variables in new file:
p_u, p_l, t_u, t_l, rh_u, rh_u_wrt_ice_or_water, qh_u, rh_l, rh_l_wrt_ice_or_water, qh_l, wspd_u, wspd_l, wdir_u, wdir_l, wspd_x_u, wspd_y_u, wspd_x_l, wspd_y_l, dsr, dsr_cor, usr, usr_cor, albedo, dlr, ulr, cc, t_surf, dlhf_u, dlhf_l, dshf_u, dshf_l, z_boom_u, z_boom_cor_u, z_boom_l, z_boom_cor_l, z_surf_combined, snow_height, rainfall_u, rainfall_cor_u, rainfall_l, rainfall_cor_l, t_i_1, t_i_2, t_i_3, t_i_4, t_i_5, t_i_6, t_i_7, t_i_8, t_i_9, t_i_10, t_i_11, d_t_i_1, d_t_i_2, d_t_i_3, d_t_i_4, d_t_i_5, d_t_i_6, d_t_i_7, d_t_i_8, d_t_i_9, d_t_i_10, d_t_i_11, t_i_10m, tilt_x, tilt_y, rot, gps_lat, gps_lon, gps_alt, lat, lon, alt, batt_v, t_rad, t_i, rh_i_wrt_ice_or_water, wdir_i, wspd_y_i

New variables not in old files:


Old variables removed from new files:

 
![NAU](../figures/version_comparisons/V37_versus_thredds_month/NAU_0.png)
![NAU](../figures/version_comparisons/V37_versus_thredds_month/NAU_1.png)
![NAU](../figures/version_comparisons/V37_versus_thredds_month/NAU_2.png)
![NAU](../figures/version_comparisons/V37_versus_thredds_month/NAU_3.png)
![NAU](../figures/version_comparisons/V37_versus_thredds_month/NAU_4.png)
![NAU](../figures/version_comparisons/V37_versus_thredds_month/NAU_5.png)
![NAU](../figures/version_comparisons/V37_versus_thredds_month/NAU_6.png)
![NAU](../figures/version_comparisons/V37_versus_thredds_month/NAU_7.png)
![NAU](../figures/version_comparisons/V37_versus_thredds_month/NAU_8.png)
![NAU](../figures/version_comparisons/V37_versus_thredds_month/NAU_9.png)
![NAU](../figures/version_comparisons/V37_versus_thredds_month/NAU_10.png)
![NAU](../figures/version_comparisons/V37_versus_thredds_month/NAU_11.png)
![NAU](../figures/version_comparisons/V37_versus_thredds_month/NAU_12.png)
![NAU](../figures/version_comparisons/V37_versus_thredds_month/NAU_13.png)
![NAU](../figures/version_comparisons/V37_versus_thredds_month/NAU_14.png)
![NAU](../figures/version_comparisons/V37_versus_thredds_month/NAU_15.png)
 
## NEM
/media/ice/Baptiste/geussnow01/dataverse//V37/month/NEM_month.csv
Variables in new file:
p_u, p_l, t_u, t_l, rh_u, rh_u_wrt_ice_or_water, qh_u, rh_l, rh_l_wrt_ice_or_water, qh_l, wspd_u, wspd_l, wdir_u, wdir_l, wspd_x_u, wspd_y_u, wspd_x_l, wspd_y_l, dsr, dsr_cor, usr, usr_cor, albedo, dlr, ulr, cc, t_surf, dlhf_u, dlhf_l, dshf_u, dshf_l, z_boom_u, z_boom_cor_u, z_boom_l, z_boom_cor_l, z_surf_combined, snow_height, rainfall_u, rainfall_cor_u, rainfall_l, rainfall_cor_l, t_i_1, t_i_2, t_i_3, t_i_4, t_i_5, t_i_6, t_i_7, t_i_8, t_i_9, t_i_10, t_i_11, d_t_i_1, d_t_i_2, d_t_i_3, d_t_i_4, d_t_i_5, d_t_i_6, d_t_i_7, d_t_i_8, d_t_i_9, d_t_i_10, d_t_i_11, t_i_10m, tilt_x, tilt_y, rot, gps_lat, gps_lon, gps_alt, lat, lon, alt, batt_v, t_rad, t_i, rh_i_wrt_ice_or_water, wdir_i, wspd_y_i

New variables not in old files:


Old variables removed from new files:

 
![NEM](../figures/version_comparisons/V37_versus_thredds_month/NEM_0.png)
![NEM](../figures/version_comparisons/V37_versus_thredds_month/NEM_1.png)
![NEM](../figures/version_comparisons/V37_versus_thredds_month/NEM_2.png)
![NEM](../figures/version_comparisons/V37_versus_thredds_month/NEM_3.png)
![NEM](../figures/version_comparisons/V37_versus_thredds_month/NEM_4.png)
![NEM](../figures/version_comparisons/V37_versus_thredds_month/NEM_5.png)
![NEM](../figures/version_comparisons/V37_versus_thredds_month/NEM_6.png)
![NEM](../figures/version_comparisons/V37_versus_thredds_month/NEM_7.png)
![NEM](../figures/version_comparisons/V37_versus_thredds_month/NEM_8.png)
![NEM](../figures/version_comparisons/V37_versus_thredds_month/NEM_9.png)
![NEM](../figures/version_comparisons/V37_versus_thredds_month/NEM_10.png)
![NEM](../figures/version_comparisons/V37_versus_thredds_month/NEM_11.png)
![NEM](../figures/version_comparisons/V37_versus_thredds_month/NEM_12.png)
![NEM](../figures/version_comparisons/V37_versus_thredds_month/NEM_13.png)
![NEM](../figures/version_comparisons/V37_versus_thredds_month/NEM_14.png)
![NEM](../figures/version_comparisons/V37_versus_thredds_month/NEM_15.png)
 
## NSE
/media/ice/Baptiste/geussnow01/dataverse//V37/month/NSE_month.csv
Variables in new file:
p_u, p_l, t_u, t_l, rh_u, rh_u_wrt_ice_or_water, qh_u, rh_l, rh_l_wrt_ice_or_water, qh_l, wspd_u, wspd_l, wdir_u, wdir_l, wspd_x_u, wspd_y_u, wspd_x_l, wspd_y_l, dsr, dsr_cor, usr, usr_cor, albedo, dlr, ulr, cc, t_surf, dlhf_u, dlhf_l, dshf_u, dshf_l, z_boom_u, z_boom_cor_u, z_boom_l, z_boom_cor_l, z_surf_combined, snow_height, rainfall_u, rainfall_cor_u, rainfall_l, rainfall_cor_l, t_i_1, t_i_2, t_i_3, t_i_4, t_i_5, t_i_6, t_i_7, t_i_8, t_i_9, t_i_10, t_i_11, d_t_i_1, d_t_i_2, d_t_i_3, d_t_i_4, d_t_i_5, d_t_i_6, d_t_i_7, d_t_i_8, d_t_i_9, d_t_i_10, d_t_i_11, t_i_10m, tilt_x, tilt_y, rot, gps_lat, gps_lon, gps_alt, lat, lon, alt, batt_v, t_rad, t_i, rh_i_wrt_ice_or_water, wdir_i, wspd_y_i

New variables not in old files:


Old variables removed from new files:

 
![NSE](../figures/version_comparisons/V37_versus_thredds_month/NSE_0.png)
![NSE](../figures/version_comparisons/V37_versus_thredds_month/NSE_1.png)
![NSE](../figures/version_comparisons/V37_versus_thredds_month/NSE_2.png)
![NSE](../figures/version_comparisons/V37_versus_thredds_month/NSE_3.png)
![NSE](../figures/version_comparisons/V37_versus_thredds_month/NSE_4.png)
![NSE](../figures/version_comparisons/V37_versus_thredds_month/NSE_5.png)
![NSE](../figures/version_comparisons/V37_versus_thredds_month/NSE_6.png)
![NSE](../figures/version_comparisons/V37_versus_thredds_month/NSE_7.png)
![NSE](../figures/version_comparisons/V37_versus_thredds_month/NSE_8.png)
![NSE](../figures/version_comparisons/V37_versus_thredds_month/NSE_9.png)
![NSE](../figures/version_comparisons/V37_versus_thredds_month/NSE_10.png)
![NSE](../figures/version_comparisons/V37_versus_thredds_month/NSE_11.png)
![NSE](../figures/version_comparisons/V37_versus_thredds_month/NSE_12.png)
![NSE](../figures/version_comparisons/V37_versus_thredds_month/NSE_13.png)
![NSE](../figures/version_comparisons/V37_versus_thredds_month/NSE_14.png)
![NSE](../figures/version_comparisons/V37_versus_thredds_month/NSE_15.png)
 
## NUK_B
/media/ice/Baptiste/geussnow01/dataverse//V37/month/NUK_B_month.csv
Variables in new file:
p_u, t_u, rh_u, rh_u_wrt_ice_or_water, qh_u, wspd_u, wdir_u, wspd_x_u, wspd_y_u, dsr, usr, albedo, dlr, ulr, t_surf, z_boom_u, z_boom_cor_u, z_surf_combined, snow_height, rainfall_u, rainfall_cor_u, tilt_x, tilt_y, rot, gps_lat, gps_lon, gps_alt, lat, lon, alt, batt_v, t_rad, t_i, rh_i_wrt_ice_or_water, wdir_i, wspd_y_i

New variables not in old files:


Old variables removed from new files:

 
![NUK_B](../figures/version_comparisons/V37_versus_thredds_month/NUK_B_0.png)
![NUK_B](../figures/version_comparisons/V37_versus_thredds_month/NUK_B_1.png)
![NUK_B](../figures/version_comparisons/V37_versus_thredds_month/NUK_B_2.png)
![NUK_B](../figures/version_comparisons/V37_versus_thredds_month/NUK_B_3.png)
![NUK_B](../figures/version_comparisons/V37_versus_thredds_month/NUK_B_4.png)
![NUK_B](../figures/version_comparisons/V37_versus_thredds_month/NUK_B_5.png)
![NUK_B](../figures/version_comparisons/V37_versus_thredds_month/NUK_B_6.png)
![NUK_B](../figures/version_comparisons/V37_versus_thredds_month/NUK_B_7.png)
 
## NUK_K
/media/ice/Baptiste/geussnow01/dataverse//V37/month/NUK_K_month.csv
Variables in new file:
p_u, t_u, rh_u, rh_u_wrt_ice_or_water, qh_u, wspd_u, wdir_u, wspd_x_u, wspd_y_u, dsr, dsr_cor, usr, usr_cor, albedo, dlr, ulr, cc, t_surf, dlhf_u, dshf_u, z_boom_u, z_boom_cor_u, z_stake, z_stake_cor, z_pt, z_pt_cor, z_surf_combined, z_ice_surf, snow_height, rainfall_u, rainfall_cor_u, t_i_1, t_i_2, t_i_3, t_i_4, t_i_5, t_i_6, t_i_7, t_i_8, d_t_i_1, d_t_i_2, d_t_i_3, d_t_i_4, d_t_i_5, d_t_i_6, d_t_i_7, d_t_i_8, t_i_10m, tilt_x, tilt_y, rot, gps_lat, gps_lon, gps_alt, lat, lon, alt, batt_v, t_rad, t_i, rh_i_wrt_ice_or_water, wdir_i, wspd_y_i

New variables not in old files:


Old variables removed from new files:

 
![NUK_K](../figures/version_comparisons/V37_versus_thredds_month/NUK_K_0.png)
![NUK_K](../figures/version_comparisons/V37_versus_thredds_month/NUK_K_1.png)
![NUK_K](../figures/version_comparisons/V37_versus_thredds_month/NUK_K_2.png)
![NUK_K](../figures/version_comparisons/V37_versus_thredds_month/NUK_K_3.png)
![NUK_K](../figures/version_comparisons/V37_versus_thredds_month/NUK_K_4.png)
![NUK_K](../figures/version_comparisons/V37_versus_thredds_month/NUK_K_5.png)
![NUK_K](../figures/version_comparisons/V37_versus_thredds_month/NUK_K_6.png)
![NUK_K](../figures/version_comparisons/V37_versus_thredds_month/NUK_K_7.png)
![NUK_K](../figures/version_comparisons/V37_versus_thredds_month/NUK_K_8.png)
![NUK_K](../figures/version_comparisons/V37_versus_thredds_month/NUK_K_9.png)
![NUK_K](../figures/version_comparisons/V37_versus_thredds_month/NUK_K_10.png)
![NUK_K](../figures/version_comparisons/V37_versus_thredds_month/NUK_K_11.png)
![NUK_K](../figures/version_comparisons/V37_versus_thredds_month/NUK_K_12.png)
 
## NUK_L
/media/ice/Baptiste/geussnow01/dataverse//V37/month/NUK_L_month.csv
Variables in new file:
p_u, t_u, rh_u, rh_u_wrt_ice_or_water, qh_u, wspd_u, wdir_u, wspd_x_u, wspd_y_u, dsr, dsr_cor, usr, usr_cor, albedo, dlr, ulr, cc, t_surf, dlhf_u, dshf_u, z_boom_u, z_boom_cor_u, z_stake, z_stake_cor, z_pt, z_pt_cor, z_surf_combined, z_ice_surf, snow_height, rainfall_u, rainfall_cor_u, t_i_1, t_i_2, t_i_3, t_i_4, t_i_5, t_i_6, t_i_7, t_i_8, d_t_i_1, d_t_i_2, d_t_i_3, d_t_i_4, d_t_i_5, d_t_i_6, d_t_i_7, d_t_i_8, t_i_10m, tilt_x, tilt_y, rot, gps_lat, gps_lon, gps_alt, lat, lon, alt, batt_v, t_rad, t_i, rh_i_wrt_ice_or_water, wdir_i, wspd_y_i

New variables not in old files:


Old variables removed from new files:

 
![NUK_L](../figures/version_comparisons/V37_versus_thredds_month/NUK_L_0.png)
![NUK_L](../figures/version_comparisons/V37_versus_thredds_month/NUK_L_1.png)
![NUK_L](../figures/version_comparisons/V37_versus_thredds_month/NUK_L_2.png)
![NUK_L](../figures/version_comparisons/V37_versus_thredds_month/NUK_L_3.png)
![NUK_L](../figures/version_comparisons/V37_versus_thredds_month/NUK_L_4.png)
![NUK_L](../figures/version_comparisons/V37_versus_thredds_month/NUK_L_5.png)
![NUK_L](../figures/version_comparisons/V37_versus_thredds_month/NUK_L_6.png)
![NUK_L](../figures/version_comparisons/V37_versus_thredds_month/NUK_L_7.png)
![NUK_L](../figures/version_comparisons/V37_versus_thredds_month/NUK_L_8.png)
![NUK_L](../figures/version_comparisons/V37_versus_thredds_month/NUK_L_9.png)
![NUK_L](../figures/version_comparisons/V37_versus_thredds_month/NUK_L_10.png)
![NUK_L](../figures/version_comparisons/V37_versus_thredds_month/NUK_L_11.png)
![NUK_L](../figures/version_comparisons/V37_versus_thredds_month/NUK_L_12.png)
 
## NUK_N
/media/ice/Baptiste/geussnow01/dataverse//V37/month/NUK_N_month.csv
Variables in new file:
p_u, t_u, rh_u, rh_u_wrt_ice_or_water, qh_u, wspd_u, wdir_u, wspd_x_u, wspd_y_u, dsr, dsr_cor, usr, usr_cor, albedo, dlr, ulr, cc, t_surf, dlhf_u, dshf_u, z_boom_u, z_boom_cor_u, z_stake, z_stake_cor, z_pt, z_pt_cor, z_surf_combined, z_ice_surf, snow_height, t_i_1, t_i_2, t_i_3, t_i_4, t_i_5, t_i_6, t_i_7, t_i_8, d_t_i_1, d_t_i_2, d_t_i_3, d_t_i_4, d_t_i_5, d_t_i_6, d_t_i_7, d_t_i_8, t_i_10m, tilt_x, tilt_y, gps_lat, gps_lon, gps_alt, lat, lon, alt, batt_v, t_rad, t_i, rh_i_wrt_ice_or_water, wdir_i, wspd_y_i

New variables not in old files:


Old variables removed from new files:

 
![NUK_N](../figures/version_comparisons/V37_versus_thredds_month/NUK_N_0.png)
![NUK_N](../figures/version_comparisons/V37_versus_thredds_month/NUK_N_1.png)
![NUK_N](../figures/version_comparisons/V37_versus_thredds_month/NUK_N_2.png)
![NUK_N](../figures/version_comparisons/V37_versus_thredds_month/NUK_N_3.png)
![NUK_N](../figures/version_comparisons/V37_versus_thredds_month/NUK_N_4.png)
![NUK_N](../figures/version_comparisons/V37_versus_thredds_month/NUK_N_5.png)
![NUK_N](../figures/version_comparisons/V37_versus_thredds_month/NUK_N_6.png)
![NUK_N](../figures/version_comparisons/V37_versus_thredds_month/NUK_N_7.png)
![NUK_N](../figures/version_comparisons/V37_versus_thredds_month/NUK_N_8.png)
![NUK_N](../figures/version_comparisons/V37_versus_thredds_month/NUK_N_9.png)
![NUK_N](../figures/version_comparisons/V37_versus_thredds_month/NUK_N_10.png)
![NUK_N](../figures/version_comparisons/V37_versus_thredds_month/NUK_N_11.png)
 
## NUK_U
/media/ice/Baptiste/geussnow01/dataverse//V37/month/NUK_U_month.csv
Variables in new file:
p_u, t_u, rh_u, rh_u_wrt_ice_or_water, qh_u, wspd_u, wdir_u, wspd_x_u, wspd_y_u, dsr, dsr_cor, usr, usr_cor, albedo, dlr, ulr, cc, t_surf, dlhf_u, dshf_u, z_boom_u, z_boom_cor_u, z_stake, z_stake_cor, z_pt, z_pt_cor, z_surf_combined, z_ice_surf, snow_height, rainfall_u, rainfall_cor_u, t_i_1, t_i_2, t_i_3, t_i_4, t_i_5, t_i_6, t_i_7, t_i_8, d_t_i_1, d_t_i_2, d_t_i_3, d_t_i_4, d_t_i_5, d_t_i_6, d_t_i_7, d_t_i_8, t_i_10m, tilt_x, tilt_y, rot, gps_lat, gps_lon, gps_alt, lat, lon, alt, batt_v, t_rad, t_i, rh_i_wrt_ice_or_water, wdir_i, wspd_y_i

New variables not in old files:


Old variables removed from new files:

 
![NUK_U](../figures/version_comparisons/V37_versus_thredds_month/NUK_U_0.png)
![NUK_U](../figures/version_comparisons/V37_versus_thredds_month/NUK_U_1.png)
![NUK_U](../figures/version_comparisons/V37_versus_thredds_month/NUK_U_2.png)
![NUK_U](../figures/version_comparisons/V37_versus_thredds_month/NUK_U_3.png)
![NUK_U](../figures/version_comparisons/V37_versus_thredds_month/NUK_U_4.png)
![NUK_U](../figures/version_comparisons/V37_versus_thredds_month/NUK_U_5.png)
![NUK_U](../figures/version_comparisons/V37_versus_thredds_month/NUK_U_6.png)
![NUK_U](../figures/version_comparisons/V37_versus_thredds_month/NUK_U_7.png)
![NUK_U](../figures/version_comparisons/V37_versus_thredds_month/NUK_U_8.png)
![NUK_U](../figures/version_comparisons/V37_versus_thredds_month/NUK_U_9.png)
![NUK_U](../figures/version_comparisons/V37_versus_thredds_month/NUK_U_10.png)
![NUK_U](../figures/version_comparisons/V37_versus_thredds_month/NUK_U_11.png)
![NUK_U](../figures/version_comparisons/V37_versus_thredds_month/NUK_U_12.png)
 
## QAS_A
/media/ice/Baptiste/geussnow01/dataverse//V37/month/QAS_A_month.csv
Variables in new file:
p_u, t_u, rh_u, rh_u_wrt_ice_or_water, qh_u, wspd_u, wdir_u, wspd_x_u, wspd_y_u, dsr, dsr_cor, usr, usr_cor, albedo, dlr, ulr, cc, t_surf, dlhf_u, dshf_u, z_boom_u, z_boom_cor_u, z_stake, z_stake_cor, z_surf_combined, z_ice_surf, snow_height, t_i_1, t_i_2, t_i_3, t_i_4, t_i_5, t_i_6, t_i_7, t_i_8, d_t_i_1, d_t_i_2, d_t_i_3, d_t_i_4, d_t_i_5, d_t_i_6, d_t_i_7, d_t_i_8, t_i_10m, tilt_x, tilt_y, gps_lat, gps_lon, gps_alt, lat, lon, alt, batt_v, t_rad, t_i, rh_i_wrt_ice_or_water, wdir_i, wspd_y_i

New variables not in old files:


Old variables removed from new files:

 
![QAS_A](../figures/version_comparisons/V37_versus_thredds_month/QAS_A_0.png)
![QAS_A](../figures/version_comparisons/V37_versus_thredds_month/QAS_A_1.png)
![QAS_A](../figures/version_comparisons/V37_versus_thredds_month/QAS_A_2.png)
![QAS_A](../figures/version_comparisons/V37_versus_thredds_month/QAS_A_3.png)
![QAS_A](../figures/version_comparisons/V37_versus_thredds_month/QAS_A_4.png)
![QAS_A](../figures/version_comparisons/V37_versus_thredds_month/QAS_A_5.png)
![QAS_A](../figures/version_comparisons/V37_versus_thredds_month/QAS_A_6.png)
![QAS_A](../figures/version_comparisons/V37_versus_thredds_month/QAS_A_7.png)
![QAS_A](../figures/version_comparisons/V37_versus_thredds_month/QAS_A_8.png)
![QAS_A](../figures/version_comparisons/V37_versus_thredds_month/QAS_A_9.png)
![QAS_A](../figures/version_comparisons/V37_versus_thredds_month/QAS_A_10.png)
![QAS_A](../figures/version_comparisons/V37_versus_thredds_month/QAS_A_11.png)
 
## QAS_L
/media/ice/Baptiste/geussnow01/dataverse//V37/month/QAS_L_month.csv
Variables in new file:
p_u, t_u, rh_u, rh_u_wrt_ice_or_water, qh_u, wspd_u, wdir_u, wspd_x_u, wspd_y_u, dsr, dsr_cor, usr, usr_cor, albedo, dlr, ulr, cc, t_surf, dlhf_u, dshf_u, z_boom_u, z_boom_cor_u, z_stake, z_stake_cor, z_pt, z_pt_cor, z_surf_combined, z_ice_surf, snow_height, rainfall_u, rainfall_cor_u, t_i_1, t_i_2, t_i_3, t_i_4, t_i_5, t_i_6, t_i_7, t_i_8, d_t_i_1, d_t_i_2, d_t_i_3, d_t_i_4, d_t_i_5, d_t_i_6, d_t_i_7, d_t_i_8, t_i_10m, tilt_x, tilt_y, rot, gps_lat, gps_lon, gps_alt, lat, lon, alt, batt_v, t_rad, t_i, rh_i_wrt_ice_or_water, wdir_i, wspd_y_i

New variables not in old files:


Old variables removed from new files:

 
![QAS_L](../figures/version_comparisons/V37_versus_thredds_month/QAS_L_0.png)
![QAS_L](../figures/version_comparisons/V37_versus_thredds_month/QAS_L_1.png)
![QAS_L](../figures/version_comparisons/V37_versus_thredds_month/QAS_L_2.png)
![QAS_L](../figures/version_comparisons/V37_versus_thredds_month/QAS_L_3.png)
![QAS_L](../figures/version_comparisons/V37_versus_thredds_month/QAS_L_4.png)
![QAS_L](../figures/version_comparisons/V37_versus_thredds_month/QAS_L_5.png)
![QAS_L](../figures/version_comparisons/V37_versus_thredds_month/QAS_L_6.png)
![QAS_L](../figures/version_comparisons/V37_versus_thredds_month/QAS_L_7.png)
![QAS_L](../figures/version_comparisons/V37_versus_thredds_month/QAS_L_8.png)
![QAS_L](../figures/version_comparisons/V37_versus_thredds_month/QAS_L_9.png)
![QAS_L](../figures/version_comparisons/V37_versus_thredds_month/QAS_L_10.png)
![QAS_L](../figures/version_comparisons/V37_versus_thredds_month/QAS_L_11.png)
![QAS_L](../figures/version_comparisons/V37_versus_thredds_month/QAS_L_12.png)
 
## QAS_M
/media/ice/Baptiste/geussnow01/dataverse//V37/month/QAS_M_month.csv
Variables in new file:
p_u, t_u, rh_u, rh_u_wrt_ice_or_water, qh_u, wspd_u, wdir_u, wspd_x_u, wspd_y_u, dsr, dsr_cor, usr, usr_cor, albedo, dlr, ulr, cc, t_surf, dlhf_u, dshf_u, z_boom_u, z_boom_cor_u, z_stake, z_stake_cor, z_pt, z_pt_cor, z_surf_combined, z_ice_surf, snow_height, rainfall_u, rainfall_cor_u, t_i_1, t_i_2, t_i_3, t_i_4, t_i_5, t_i_6, t_i_7, t_i_8, d_t_i_1, d_t_i_2, d_t_i_3, d_t_i_4, d_t_i_5, d_t_i_6, d_t_i_7, d_t_i_8, t_i_10m, tilt_x, tilt_y, rot, gps_lat, gps_lon, gps_alt, lat, lon, alt, batt_v, t_rad, t_i, rh_i_wrt_ice_or_water, wdir_i, wspd_y_i

New variables not in old files:


Old variables removed from new files:

 
![QAS_M](../figures/version_comparisons/V37_versus_thredds_month/QAS_M_0.png)
![QAS_M](../figures/version_comparisons/V37_versus_thredds_month/QAS_M_1.png)
![QAS_M](../figures/version_comparisons/V37_versus_thredds_month/QAS_M_2.png)
![QAS_M](../figures/version_comparisons/V37_versus_thredds_month/QAS_M_3.png)
![QAS_M](../figures/version_comparisons/V37_versus_thredds_month/QAS_M_4.png)
![QAS_M](../figures/version_comparisons/V37_versus_thredds_month/QAS_M_5.png)
![QAS_M](../figures/version_comparisons/V37_versus_thredds_month/QAS_M_6.png)
![QAS_M](../figures/version_comparisons/V37_versus_thredds_month/QAS_M_7.png)
![QAS_M](../figures/version_comparisons/V37_versus_thredds_month/QAS_M_8.png)
![QAS_M](../figures/version_comparisons/V37_versus_thredds_month/QAS_M_9.png)
![QAS_M](../figures/version_comparisons/V37_versus_thredds_month/QAS_M_10.png)
![QAS_M](../figures/version_comparisons/V37_versus_thredds_month/QAS_M_11.png)
![QAS_M](../figures/version_comparisons/V37_versus_thredds_month/QAS_M_12.png)
 
## QAS_U
/media/ice/Baptiste/geussnow01/dataverse//V37/month/QAS_U_month.csv
Variables in new file:
p_u, t_u, rh_u, rh_u_wrt_ice_or_water, qh_u, wspd_u, wdir_u, wspd_x_u, wspd_y_u, dsr, dsr_cor, usr, usr_cor, albedo, dlr, ulr, cc, t_surf, dlhf_u, dshf_u, z_boom_u, z_boom_cor_u, z_stake, z_stake_cor, z_pt, z_pt_cor, z_surf_combined, z_ice_surf, snow_height, rainfall_u, rainfall_cor_u, t_i_1, t_i_2, t_i_3, t_i_4, t_i_5, t_i_6, t_i_7, t_i_8, d_t_i_1, d_t_i_2, d_t_i_3, d_t_i_4, d_t_i_5, d_t_i_6, d_t_i_7, d_t_i_8, t_i_10m, tilt_x, tilt_y, rot, gps_lat, gps_lon, gps_alt, lat, lon, alt, batt_v, t_rad, t_i, rh_i_wrt_ice_or_water, wdir_i, wspd_y_i

New variables not in old files:


Old variables removed from new files:

 
![QAS_U](../figures/version_comparisons/V37_versus_thredds_month/QAS_U_0.png)
![QAS_U](../figures/version_comparisons/V37_versus_thredds_month/QAS_U_1.png)
![QAS_U](../figures/version_comparisons/V37_versus_thredds_month/QAS_U_2.png)
![QAS_U](../figures/version_comparisons/V37_versus_thredds_month/QAS_U_3.png)
![QAS_U](../figures/version_comparisons/V37_versus_thredds_month/QAS_U_4.png)
![QAS_U](../figures/version_comparisons/V37_versus_thredds_month/QAS_U_5.png)
![QAS_U](../figures/version_comparisons/V37_versus_thredds_month/QAS_U_6.png)
![QAS_U](../figures/version_comparisons/V37_versus_thredds_month/QAS_U_7.png)
![QAS_U](../figures/version_comparisons/V37_versus_thredds_month/QAS_U_8.png)
![QAS_U](../figures/version_comparisons/V37_versus_thredds_month/QAS_U_9.png)
![QAS_U](../figures/version_comparisons/V37_versus_thredds_month/QAS_U_10.png)
![QAS_U](../figures/version_comparisons/V37_versus_thredds_month/QAS_U_11.png)
![QAS_U](../figures/version_comparisons/V37_versus_thredds_month/QAS_U_12.png)
 
## RED_L
/media/ice/Baptiste/geussnow01/dataverse//V37/month/RED_L_month.csv
Variables in new file:
p_u, t_u, rh_u, rh_u_wrt_ice_or_water, qh_u, wspd_u, wdir_u, wspd_x_u, wspd_y_u, dsr, dsr_cor, usr, usr_cor, albedo, dlr, ulr, cc, t_surf, dlhf_u, dshf_u, z_boom_u, z_boom_cor_u, z_stake, z_stake_cor, z_pt, z_surf_combined, z_ice_surf, snow_height, rainfall_u, rainfall_cor_u, t_i_1, t_i_2, t_i_3, t_i_4, t_i_5, t_i_6, t_i_7, t_i_8, d_t_i_1, d_t_i_2, d_t_i_3, d_t_i_4, d_t_i_5, d_t_i_6, d_t_i_7, d_t_i_8, t_i_10m, tilt_x, tilt_y, rot, gps_lat, gps_lon, gps_alt, lat, lon, alt, batt_v, t_rad, t_i, rh_i_wrt_ice_or_water, wdir_i, wspd_y_i

New variables not in old files:


Old variables removed from new files:

 
![RED_L](../figures/version_comparisons/V37_versus_thredds_month/RED_L_0.png)
![RED_L](../figures/version_comparisons/V37_versus_thredds_month/RED_L_1.png)
![RED_L](../figures/version_comparisons/V37_versus_thredds_month/RED_L_2.png)
![RED_L](../figures/version_comparisons/V37_versus_thredds_month/RED_L_3.png)
![RED_L](../figures/version_comparisons/V37_versus_thredds_month/RED_L_4.png)
![RED_L](../figures/version_comparisons/V37_versus_thredds_month/RED_L_5.png)
![RED_L](../figures/version_comparisons/V37_versus_thredds_month/RED_L_6.png)
![RED_L](../figures/version_comparisons/V37_versus_thredds_month/RED_L_7.png)
![RED_L](../figures/version_comparisons/V37_versus_thredds_month/RED_L_8.png)
![RED_L](../figures/version_comparisons/V37_versus_thredds_month/RED_L_9.png)
![RED_L](../figures/version_comparisons/V37_versus_thredds_month/RED_L_10.png)
![RED_L](../figures/version_comparisons/V37_versus_thredds_month/RED_L_11.png)
![RED_L](../figures/version_comparisons/V37_versus_thredds_month/RED_L_12.png)
 
## SCO_L
/media/ice/Baptiste/geussnow01/dataverse//V37/month/SCO_L_month.csv
Variables in new file:
p_u, t_u, rh_u, rh_u_wrt_ice_or_water, qh_u, wspd_u, wdir_u, wspd_x_u, wspd_y_u, dsr, dsr_cor, usr, usr_cor, albedo, dlr, ulr, cc, t_surf, dlhf_u, dshf_u, z_boom_u, z_boom_cor_u, z_stake, z_stake_cor, z_pt, z_pt_cor, z_surf_combined, z_ice_surf, snow_height, rainfall_u, rainfall_cor_u, t_i_1, t_i_2, t_i_3, t_i_4, t_i_5, t_i_6, t_i_7, t_i_8, d_t_i_1, d_t_i_2, d_t_i_3, d_t_i_4, d_t_i_5, d_t_i_6, d_t_i_7, d_t_i_8, t_i_10m, tilt_x, tilt_y, rot, gps_lat, gps_lon, gps_alt, lat, lon, alt, batt_v, t_rad, t_i, rh_i_wrt_ice_or_water, wdir_i, wspd_y_i

New variables not in old files:


Old variables removed from new files:

 
![SCO_L](../figures/version_comparisons/V37_versus_thredds_month/SCO_L_0.png)
![SCO_L](../figures/version_comparisons/V37_versus_thredds_month/SCO_L_1.png)
![SCO_L](../figures/version_comparisons/V37_versus_thredds_month/SCO_L_2.png)
![SCO_L](../figures/version_comparisons/V37_versus_thredds_month/SCO_L_3.png)
![SCO_L](../figures/version_comparisons/V37_versus_thredds_month/SCO_L_4.png)
![SCO_L](../figures/version_comparisons/V37_versus_thredds_month/SCO_L_5.png)
![SCO_L](../figures/version_comparisons/V37_versus_thredds_month/SCO_L_6.png)
![SCO_L](../figures/version_comparisons/V37_versus_thredds_month/SCO_L_7.png)
![SCO_L](../figures/version_comparisons/V37_versus_thredds_month/SCO_L_8.png)
![SCO_L](../figures/version_comparisons/V37_versus_thredds_month/SCO_L_9.png)
![SCO_L](../figures/version_comparisons/V37_versus_thredds_month/SCO_L_10.png)
![SCO_L](../figures/version_comparisons/V37_versus_thredds_month/SCO_L_11.png)
![SCO_L](../figures/version_comparisons/V37_versus_thredds_month/SCO_L_12.png)
 
## SCO_U
/media/ice/Baptiste/geussnow01/dataverse//V37/month/SCO_U_month.csv
Variables in new file:
p_u, t_u, rh_u, rh_u_wrt_ice_or_water, qh_u, wspd_u, wdir_u, wspd_x_u, wspd_y_u, dsr, dsr_cor, usr, usr_cor, albedo, dlr, ulr, cc, t_surf, dlhf_u, dshf_u, z_boom_u, z_boom_cor_u, z_stake, z_stake_cor, z_pt, z_pt_cor, z_surf_combined, z_ice_surf, snow_height, rainfall_u, rainfall_cor_u, t_i_1, t_i_2, t_i_3, t_i_4, t_i_5, t_i_6, t_i_7, t_i_8, d_t_i_1, d_t_i_2, d_t_i_3, d_t_i_4, d_t_i_5, d_t_i_6, d_t_i_7, d_t_i_8, t_i_10m, tilt_x, tilt_y, rot, gps_lat, gps_lon, gps_alt, lat, lon, alt, batt_v, t_rad, t_i, rh_i_wrt_ice_or_water, wdir_i, wspd_y_i

New variables not in old files:


Old variables removed from new files:

 
![SCO_U](../figures/version_comparisons/V37_versus_thredds_month/SCO_U_0.png)
![SCO_U](../figures/version_comparisons/V37_versus_thredds_month/SCO_U_1.png)
![SCO_U](../figures/version_comparisons/V37_versus_thredds_month/SCO_U_2.png)
![SCO_U](../figures/version_comparisons/V37_versus_thredds_month/SCO_U_3.png)
![SCO_U](../figures/version_comparisons/V37_versus_thredds_month/SCO_U_4.png)
![SCO_U](../figures/version_comparisons/V37_versus_thredds_month/SCO_U_5.png)
![SCO_U](../figures/version_comparisons/V37_versus_thredds_month/SCO_U_6.png)
![SCO_U](../figures/version_comparisons/V37_versus_thredds_month/SCO_U_7.png)
![SCO_U](../figures/version_comparisons/V37_versus_thredds_month/SCO_U_8.png)
![SCO_U](../figures/version_comparisons/V37_versus_thredds_month/SCO_U_9.png)
![SCO_U](../figures/version_comparisons/V37_versus_thredds_month/SCO_U_10.png)
![SCO_U](../figures/version_comparisons/V37_versus_thredds_month/SCO_U_11.png)
![SCO_U](../figures/version_comparisons/V37_versus_thredds_month/SCO_U_12.png)
 
## SDL
/media/ice/Baptiste/geussnow01/dataverse//V37/month/SDL_month.csv
Variables in new file:
p_u, p_l, t_u, t_l, rh_u, rh_u_wrt_ice_or_water, qh_u, rh_l, rh_l_wrt_ice_or_water, qh_l, wspd_u, wspd_l, wdir_u, wdir_l, wspd_x_u, wspd_y_u, wspd_x_l, wspd_y_l, dsr, dsr_cor, usr, usr_cor, albedo, dlr, ulr, cc, t_surf, dlhf_u, dlhf_l, dshf_u, dshf_l, z_boom_u, z_boom_cor_u, z_boom_l, z_boom_cor_l, z_surf_combined, snow_height, rainfall_u, rainfall_cor_u, rainfall_l, rainfall_cor_l, t_i_1, t_i_2, t_i_3, t_i_4, t_i_5, t_i_6, t_i_7, t_i_8, t_i_9, t_i_10, t_i_11, d_t_i_1, d_t_i_2, d_t_i_3, d_t_i_4, d_t_i_5, d_t_i_6, d_t_i_7, d_t_i_8, d_t_i_9, d_t_i_10, d_t_i_11, t_i_10m, tilt_x, tilt_y, rot, gps_lat, gps_lon, gps_alt, lat, lon, alt, batt_v, t_rad, t_i, rh_i_wrt_ice_or_water, wdir_i, wspd_y_i

New variables not in old files:


Old variables removed from new files:

 
![SDL](../figures/version_comparisons/V37_versus_thredds_month/SDL_0.png)
![SDL](../figures/version_comparisons/V37_versus_thredds_month/SDL_1.png)
![SDL](../figures/version_comparisons/V37_versus_thredds_month/SDL_2.png)
![SDL](../figures/version_comparisons/V37_versus_thredds_month/SDL_3.png)
![SDL](../figures/version_comparisons/V37_versus_thredds_month/SDL_4.png)
![SDL](../figures/version_comparisons/V37_versus_thredds_month/SDL_5.png)
![SDL](../figures/version_comparisons/V37_versus_thredds_month/SDL_6.png)
![SDL](../figures/version_comparisons/V37_versus_thredds_month/SDL_7.png)
![SDL](../figures/version_comparisons/V37_versus_thredds_month/SDL_8.png)
![SDL](../figures/version_comparisons/V37_versus_thredds_month/SDL_9.png)
![SDL](../figures/version_comparisons/V37_versus_thredds_month/SDL_10.png)
![SDL](../figures/version_comparisons/V37_versus_thredds_month/SDL_11.png)
![SDL](../figures/version_comparisons/V37_versus_thredds_month/SDL_12.png)
![SDL](../figures/version_comparisons/V37_versus_thredds_month/SDL_13.png)
![SDL](../figures/version_comparisons/V37_versus_thredds_month/SDL_14.png)
![SDL](../figures/version_comparisons/V37_versus_thredds_month/SDL_15.png)
 
## SDM
/media/ice/Baptiste/geussnow01/dataverse//V37/month/SDM_month.csv
Variables in new file:
p_u, p_l, t_u, t_l, rh_u, rh_u_wrt_ice_or_water, qh_u, rh_l, rh_l_wrt_ice_or_water, qh_l, wspd_u, wspd_l, wdir_u, wdir_l, wspd_x_u, wspd_y_u, wspd_x_l, wspd_y_l, dsr, dsr_cor, usr, usr_cor, albedo, dlr, ulr, cc, t_surf, dlhf_u, dlhf_l, dshf_u, dshf_l, z_boom_u, z_boom_cor_u, z_boom_l, z_boom_cor_l, z_surf_combined, snow_height, rainfall_u, rainfall_cor_u, rainfall_l, rainfall_cor_l, t_i_1, t_i_2, t_i_3, t_i_4, t_i_5, t_i_6, t_i_7, t_i_8, t_i_9, t_i_10, t_i_11, d_t_i_1, d_t_i_2, d_t_i_3, d_t_i_4, d_t_i_5, d_t_i_6, d_t_i_7, d_t_i_8, d_t_i_9, d_t_i_10, d_t_i_11, t_i_10m, tilt_x, tilt_y, rot, gps_lat, gps_lon, gps_alt, lat, lon, alt, batt_v, t_rad, t_i, rh_i_wrt_ice_or_water, wdir_i, wspd_y_i

New variables not in old files:


Old variables removed from new files:

 
![SDM](../figures/version_comparisons/V37_versus_thredds_month/SDM_0.png)
![SDM](../figures/version_comparisons/V37_versus_thredds_month/SDM_1.png)
![SDM](../figures/version_comparisons/V37_versus_thredds_month/SDM_2.png)
![SDM](../figures/version_comparisons/V37_versus_thredds_month/SDM_3.png)
![SDM](../figures/version_comparisons/V37_versus_thredds_month/SDM_4.png)
![SDM](../figures/version_comparisons/V37_versus_thredds_month/SDM_5.png)
![SDM](../figures/version_comparisons/V37_versus_thredds_month/SDM_6.png)
![SDM](../figures/version_comparisons/V37_versus_thredds_month/SDM_7.png)
![SDM](../figures/version_comparisons/V37_versus_thredds_month/SDM_8.png)
![SDM](../figures/version_comparisons/V37_versus_thredds_month/SDM_9.png)
![SDM](../figures/version_comparisons/V37_versus_thredds_month/SDM_10.png)
![SDM](../figures/version_comparisons/V37_versus_thredds_month/SDM_11.png)
![SDM](../figures/version_comparisons/V37_versus_thredds_month/SDM_12.png)
![SDM](../figures/version_comparisons/V37_versus_thredds_month/SDM_13.png)
![SDM](../figures/version_comparisons/V37_versus_thredds_month/SDM_14.png)
![SDM](../figures/version_comparisons/V37_versus_thredds_month/SDM_15.png)
 
## SER_B
/media/ice/Baptiste/geussnow01/dataverse//V37/month/SER_B_month.csv
Variables in new file:
p_u, t_u, rh_u, rh_u_wrt_ice_or_water, qh_u, wspd_u, wdir_u, wspd_x_u, wspd_y_u, dsr, usr, albedo, dlr, ulr, t_surf, z_boom_u, z_boom_cor_u, z_surf_combined, snow_height, rainfall_u, rainfall_cor_u, tilt_x, tilt_y, rot, gps_lat, gps_lon, gps_alt, lat, lon, alt, batt_v, t_rad, t_i, rh_i_wrt_ice_or_water, wdir_i, wspd_y_i

New variables not in old files:


Old variables removed from new files:

 
![SER_B](../figures/version_comparisons/V37_versus_thredds_month/SER_B_0.png)
![SER_B](../figures/version_comparisons/V37_versus_thredds_month/SER_B_1.png)
![SER_B](../figures/version_comparisons/V37_versus_thredds_month/SER_B_2.png)
![SER_B](../figures/version_comparisons/V37_versus_thredds_month/SER_B_3.png)
![SER_B](../figures/version_comparisons/V37_versus_thredds_month/SER_B_4.png)
![SER_B](../figures/version_comparisons/V37_versus_thredds_month/SER_B_5.png)
![SER_B](../figures/version_comparisons/V37_versus_thredds_month/SER_B_6.png)
![SER_B](../figures/version_comparisons/V37_versus_thredds_month/SER_B_7.png)
 
## SWC
/media/ice/Baptiste/geussnow01/dataverse//V37/month/SWC_month.csv
Variables in new file:
p_u, t_u, t_l, rh_u, rh_u_wrt_ice_or_water, qh_u, rh_l, rh_l_wrt_ice_or_water, qh_l, wspd_u, wspd_l, wdir_u, wdir_l, wspd_x_u, wspd_y_u, wspd_x_l, wspd_y_l, dsr, dsr_cor, usr, usr_cor, albedo, dlr, ulr, cc, t_surf, dlhf_u, dshf_u, z_boom_u, z_boom_cor_u, z_boom_cor_l, z_stake, z_stake_cor, z_pt, z_pt_cor, z_surf_combined, z_ice_surf, snow_height, rainfall_u, rainfall_cor_u, t_i_1, t_i_2, t_i_3, t_i_4, t_i_5, t_i_6, t_i_7, t_i_8, t_i_9, t_i_10, d_t_i_1, d_t_i_2, d_t_i_3, d_t_i_4, d_t_i_5, d_t_i_6, d_t_i_7, d_t_i_8, d_t_i_9, d_t_i_10, t_i_10m, tilt_x, tilt_y, rot, gps_lat, gps_lon, gps_alt, lat, lon, alt, batt_v, t_rad, t_i, rh_i_wrt_ice_or_water, wdir_i, wspd_y_i

New variables not in old files:


Old variables removed from new files:

 
![SWC](../figures/version_comparisons/V37_versus_thredds_month/SWC_0.png)
![SWC](../figures/version_comparisons/V37_versus_thredds_month/SWC_1.png)
![SWC](../figures/version_comparisons/V37_versus_thredds_month/SWC_2.png)
![SWC](../figures/version_comparisons/V37_versus_thredds_month/SWC_3.png)
![SWC](../figures/version_comparisons/V37_versus_thredds_month/SWC_4.png)
![SWC](../figures/version_comparisons/V37_versus_thredds_month/SWC_5.png)
![SWC](../figures/version_comparisons/V37_versus_thredds_month/SWC_6.png)
![SWC](../figures/version_comparisons/V37_versus_thredds_month/SWC_7.png)
![SWC](../figures/version_comparisons/V37_versus_thredds_month/SWC_8.png)
![SWC](../figures/version_comparisons/V37_versus_thredds_month/SWC_9.png)
![SWC](../figures/version_comparisons/V37_versus_thredds_month/SWC_10.png)
![SWC](../figures/version_comparisons/V37_versus_thredds_month/SWC_11.png)
![SWC](../figures/version_comparisons/V37_versus_thredds_month/SWC_12.png)
![SWC](../figures/version_comparisons/V37_versus_thredds_month/SWC_13.png)
![SWC](../figures/version_comparisons/V37_versus_thredds_month/SWC_14.png)
![SWC](../figures/version_comparisons/V37_versus_thredds_month/SWC_15.png)
 
## TAS_A
/media/ice/Baptiste/geussnow01/dataverse//V37/month/TAS_A_month.csv
Variables in new file:
p_u, t_u, rh_u, rh_u_wrt_ice_or_water, qh_u, wspd_u, wdir_u, wspd_x_u, wspd_y_u, dsr, dsr_cor, usr, usr_cor, albedo, dlr, ulr, cc, t_surf, dlhf_u, dshf_u, z_boom_u, z_boom_cor_u, z_stake, z_stake_cor, z_pt, z_pt_cor, z_surf_combined, z_ice_surf, snow_height, rainfall_u, rainfall_cor_u, t_i_1, t_i_2, t_i_3, t_i_4, t_i_5, t_i_6, t_i_7, t_i_8, d_t_i_1, d_t_i_2, d_t_i_3, d_t_i_4, d_t_i_5, d_t_i_6, d_t_i_7, d_t_i_8, t_i_10m, tilt_x, tilt_y, rot, gps_lat, gps_lon, gps_alt, lat, lon, alt, batt_v, t_rad, t_i, rh_i_wrt_ice_or_water, wdir_i, wspd_y_i

New variables not in old files:


Old variables removed from new files:

 
![TAS_A](../figures/version_comparisons/V37_versus_thredds_month/TAS_A_0.png)
![TAS_A](../figures/version_comparisons/V37_versus_thredds_month/TAS_A_1.png)
![TAS_A](../figures/version_comparisons/V37_versus_thredds_month/TAS_A_2.png)
![TAS_A](../figures/version_comparisons/V37_versus_thredds_month/TAS_A_3.png)
![TAS_A](../figures/version_comparisons/V37_versus_thredds_month/TAS_A_4.png)
![TAS_A](../figures/version_comparisons/V37_versus_thredds_month/TAS_A_5.png)
![TAS_A](../figures/version_comparisons/V37_versus_thredds_month/TAS_A_6.png)
![TAS_A](../figures/version_comparisons/V37_versus_thredds_month/TAS_A_7.png)
![TAS_A](../figures/version_comparisons/V37_versus_thredds_month/TAS_A_8.png)
![TAS_A](../figures/version_comparisons/V37_versus_thredds_month/TAS_A_9.png)
![TAS_A](../figures/version_comparisons/V37_versus_thredds_month/TAS_A_10.png)
![TAS_A](../figures/version_comparisons/V37_versus_thredds_month/TAS_A_11.png)
![TAS_A](../figures/version_comparisons/V37_versus_thredds_month/TAS_A_12.png)
 
## TAS_L
/media/ice/Baptiste/geussnow01/dataverse//V37/month/TAS_L_month.csv
Variables in new file:
p_u, t_u, rh_u, rh_u_wrt_ice_or_water, qh_u, wspd_u, wdir_u, wspd_x_u, wspd_y_u, dsr, dsr_cor, usr, usr_cor, albedo, dlr, ulr, cc, t_surf, dlhf_u, dshf_u, z_boom_u, z_boom_cor_u, z_stake, z_stake_cor, z_pt, z_pt_cor, z_surf_combined, z_ice_surf, snow_height, t_i_1, t_i_2, t_i_3, t_i_4, t_i_5, t_i_6, t_i_7, t_i_8, d_t_i_1, d_t_i_2, d_t_i_3, d_t_i_4, d_t_i_5, d_t_i_6, d_t_i_7, d_t_i_8, t_i_10m, tilt_x, tilt_y, gps_lat, gps_lon, gps_alt, lat, lon, alt, batt_v, t_rad, t_i, rh_i_wrt_ice_or_water, wdir_i, wspd_y_i

New variables not in old files:


Old variables removed from new files:

 
![TAS_L](../figures/version_comparisons/V37_versus_thredds_month/TAS_L_0.png)
![TAS_L](../figures/version_comparisons/V37_versus_thredds_month/TAS_L_1.png)
![TAS_L](../figures/version_comparisons/V37_versus_thredds_month/TAS_L_2.png)
![TAS_L](../figures/version_comparisons/V37_versus_thredds_month/TAS_L_3.png)
![TAS_L](../figures/version_comparisons/V37_versus_thredds_month/TAS_L_4.png)
![TAS_L](../figures/version_comparisons/V37_versus_thredds_month/TAS_L_5.png)
![TAS_L](../figures/version_comparisons/V37_versus_thredds_month/TAS_L_6.png)
![TAS_L](../figures/version_comparisons/V37_versus_thredds_month/TAS_L_7.png)
![TAS_L](../figures/version_comparisons/V37_versus_thredds_month/TAS_L_8.png)
![TAS_L](../figures/version_comparisons/V37_versus_thredds_month/TAS_L_9.png)
![TAS_L](../figures/version_comparisons/V37_versus_thredds_month/TAS_L_10.png)
![TAS_L](../figures/version_comparisons/V37_versus_thredds_month/TAS_L_11.png)
 
## TAS_U
/media/ice/Baptiste/geussnow01/dataverse//V37/month/TAS_U_month.csv
Variables in new file:
p_u, t_u, rh_u, rh_u_wrt_ice_or_water, qh_u, wspd_u, wdir_u, wspd_x_u, wspd_y_u, dsr, dsr_cor, usr, usr_cor, albedo, dlr, ulr, cc, t_surf, dlhf_u, dshf_u, z_boom_u, z_boom_cor_u, z_stake, z_stake_cor, z_pt, z_pt_cor, z_surf_combined, z_ice_surf, snow_height, t_i_1, t_i_2, t_i_3, t_i_4, t_i_5, t_i_6, t_i_7, t_i_8, d_t_i_1, d_t_i_2, d_t_i_3, d_t_i_4, d_t_i_5, d_t_i_6, d_t_i_7, d_t_i_8, t_i_10m, tilt_x, tilt_y, gps_lat, gps_lon, gps_alt, lat, lon, alt, batt_v, t_rad, t_i, rh_i_wrt_ice_or_water, wdir_i, wspd_y_i

New variables not in old files:


Old variables removed from new files:

 
![TAS_U](../figures/version_comparisons/V37_versus_thredds_month/TAS_U_0.png)
![TAS_U](../figures/version_comparisons/V37_versus_thredds_month/TAS_U_1.png)
![TAS_U](../figures/version_comparisons/V37_versus_thredds_month/TAS_U_2.png)
![TAS_U](../figures/version_comparisons/V37_versus_thredds_month/TAS_U_3.png)
![TAS_U](../figures/version_comparisons/V37_versus_thredds_month/TAS_U_4.png)
![TAS_U](../figures/version_comparisons/V37_versus_thredds_month/TAS_U_5.png)
![TAS_U](../figures/version_comparisons/V37_versus_thredds_month/TAS_U_6.png)
![TAS_U](../figures/version_comparisons/V37_versus_thredds_month/TAS_U_7.png)
![TAS_U](../figures/version_comparisons/V37_versus_thredds_month/TAS_U_8.png)
![TAS_U](../figures/version_comparisons/V37_versus_thredds_month/TAS_U_9.png)
![TAS_U](../figures/version_comparisons/V37_versus_thredds_month/TAS_U_10.png)
![TAS_U](../figures/version_comparisons/V37_versus_thredds_month/TAS_U_11.png)
 
## THU_L
/media/ice/Baptiste/geussnow01/dataverse//V37/month/THU_L_month.csv
Variables in new file:
p_u, t_u, rh_u, rh_u_wrt_ice_or_water, qh_u, wspd_u, wdir_u, wspd_x_u, wspd_y_u, dsr, dsr_cor, usr, usr_cor, albedo, dlr, ulr, cc, t_surf, dlhf_u, dshf_u, z_boom_u, z_boom_cor_u, z_stake, z_stake_cor, z_pt, z_pt_cor, z_surf_combined, z_ice_surf, snow_height, t_i_1, t_i_2, t_i_3, t_i_4, t_i_5, t_i_6, t_i_7, t_i_8, d_t_i_1, d_t_i_2, d_t_i_3, d_t_i_4, d_t_i_5, d_t_i_6, d_t_i_7, d_t_i_8, t_i_10m, tilt_x, tilt_y, gps_lat, gps_lon, gps_alt, lat, lon, alt, batt_v, t_rad, t_i, rh_i_wrt_ice_or_water, wdir_i, wspd_y_i

New variables not in old files:


Old variables removed from new files:

 
![THU_L](../figures/version_comparisons/V37_versus_thredds_month/THU_L_0.png)
![THU_L](../figures/version_comparisons/V37_versus_thredds_month/THU_L_1.png)
![THU_L](../figures/version_comparisons/V37_versus_thredds_month/THU_L_2.png)
![THU_L](../figures/version_comparisons/V37_versus_thredds_month/THU_L_3.png)
![THU_L](../figures/version_comparisons/V37_versus_thredds_month/THU_L_4.png)
![THU_L](../figures/version_comparisons/V37_versus_thredds_month/THU_L_5.png)
![THU_L](../figures/version_comparisons/V37_versus_thredds_month/THU_L_6.png)
![THU_L](../figures/version_comparisons/V37_versus_thredds_month/THU_L_7.png)
![THU_L](../figures/version_comparisons/V37_versus_thredds_month/THU_L_8.png)
![THU_L](../figures/version_comparisons/V37_versus_thredds_month/THU_L_9.png)
![THU_L](../figures/version_comparisons/V37_versus_thredds_month/THU_L_10.png)
![THU_L](../figures/version_comparisons/V37_versus_thredds_month/THU_L_11.png)
 
## THU_L2
/media/ice/Baptiste/geussnow01/dataverse//V37/month/THU_L2_month.csv
Variables in new file:
p_u, t_u, rh_u, rh_u_wrt_ice_or_water, qh_u, wspd_u, wdir_u, wspd_x_u, wspd_y_u, dsr, dsr_cor, usr, usr_cor, albedo, dlr, ulr, cc, t_surf, dlhf_u, dshf_u, z_boom_u, z_boom_cor_u, z_stake, z_stake_cor, z_pt, z_pt_cor, z_surf_combined, z_ice_surf, snow_height, t_i_1, t_i_2, t_i_3, t_i_4, t_i_5, t_i_6, t_i_7, t_i_8, d_t_i_1, d_t_i_2, d_t_i_3, d_t_i_4, d_t_i_5, d_t_i_6, d_t_i_7, d_t_i_8, t_i_10m, tilt_x, tilt_y, gps_lat, gps_lon, gps_alt, lat, lon, alt, batt_v, t_rad

New variables not in old files:


Old variables removed from new files:

 
![THU_L2](../figures/version_comparisons/V37_versus_thredds_month/THU_L2_0.png)
![THU_L2](../figures/version_comparisons/V37_versus_thredds_month/THU_L2_1.png)
![THU_L2](../figures/version_comparisons/V37_versus_thredds_month/THU_L2_2.png)
![THU_L2](../figures/version_comparisons/V37_versus_thredds_month/THU_L2_3.png)
![THU_L2](../figures/version_comparisons/V37_versus_thredds_month/THU_L2_4.png)
![THU_L2](../figures/version_comparisons/V37_versus_thredds_month/THU_L2_5.png)
![THU_L2](../figures/version_comparisons/V37_versus_thredds_month/THU_L2_6.png)
![THU_L2](../figures/version_comparisons/V37_versus_thredds_month/THU_L2_7.png)
![THU_L2](../figures/version_comparisons/V37_versus_thredds_month/THU_L2_8.png)
![THU_L2](../figures/version_comparisons/V37_versus_thredds_month/THU_L2_9.png)
![THU_L2](../figures/version_comparisons/V37_versus_thredds_month/THU_L2_10.png)
![THU_L2](../figures/version_comparisons/V37_versus_thredds_month/THU_L2_11.png)
 
## THU_U
/media/ice/Baptiste/geussnow01/dataverse//V37/month/THU_U_month.csv
Variables in new file:
p_u, t_u, rh_u, rh_u_wrt_ice_or_water, qh_u, wspd_u, wdir_u, wspd_x_u, wspd_y_u, dsr, dsr_cor, usr, usr_cor, albedo, dlr, ulr, cc, t_surf, dlhf_u, dshf_u, z_boom_u, z_boom_cor_u, z_stake, z_stake_cor, z_pt, z_pt_cor, z_surf_combined, z_ice_surf, snow_height, rainfall_u, rainfall_cor_u, t_i_1, t_i_2, t_i_3, t_i_4, t_i_5, t_i_6, t_i_7, t_i_8, d_t_i_1, d_t_i_2, d_t_i_3, d_t_i_4, d_t_i_5, d_t_i_6, d_t_i_7, d_t_i_8, t_i_10m, tilt_x, tilt_y, rot, gps_lat, gps_lon, gps_alt, lat, lon, alt, batt_v, t_rad, t_i, rh_i_wrt_ice_or_water, wdir_i, wspd_y_i

New variables not in old files:


Old variables removed from new files:

 
![THU_U](../figures/version_comparisons/V37_versus_thredds_month/THU_U_0.png)
![THU_U](../figures/version_comparisons/V37_versus_thredds_month/THU_U_1.png)
![THU_U](../figures/version_comparisons/V37_versus_thredds_month/THU_U_2.png)
![THU_U](../figures/version_comparisons/V37_versus_thredds_month/THU_U_3.png)
![THU_U](../figures/version_comparisons/V37_versus_thredds_month/THU_U_4.png)
![THU_U](../figures/version_comparisons/V37_versus_thredds_month/THU_U_5.png)
![THU_U](../figures/version_comparisons/V37_versus_thredds_month/THU_U_6.png)
![THU_U](../figures/version_comparisons/V37_versus_thredds_month/THU_U_7.png)
![THU_U](../figures/version_comparisons/V37_versus_thredds_month/THU_U_8.png)
![THU_U](../figures/version_comparisons/V37_versus_thredds_month/THU_U_9.png)
![THU_U](../figures/version_comparisons/V37_versus_thredds_month/THU_U_10.png)
![THU_U](../figures/version_comparisons/V37_versus_thredds_month/THU_U_11.png)
![THU_U](../figures/version_comparisons/V37_versus_thredds_month/THU_U_12.png)
 
## TUN
/media/ice/Baptiste/geussnow01/dataverse//V37/month/TUN_month.csv
Variables in new file:
p_u, p_l, t_u, t_l, rh_u, rh_u_wrt_ice_or_water, qh_u, rh_l, rh_l_wrt_ice_or_water, qh_l, wspd_u, wspd_l, wdir_u, wdir_l, wspd_x_u, wspd_y_u, wspd_x_l, wspd_y_l, dsr, dsr_cor, usr, usr_cor, albedo, dlr, ulr, cc, t_surf, dlhf_u, dlhf_l, dshf_u, dshf_l, z_boom_u, z_boom_cor_u, z_boom_l, z_boom_cor_l, z_surf_combined, snow_height, rainfall_u, rainfall_cor_u, rainfall_l, rainfall_cor_l, t_i_1, t_i_2, t_i_3, t_i_4, t_i_5, t_i_6, t_i_7, t_i_8, t_i_9, t_i_10, t_i_11, d_t_i_1, d_t_i_2, d_t_i_3, d_t_i_4, d_t_i_5, d_t_i_6, d_t_i_7, d_t_i_8, d_t_i_9, d_t_i_10, d_t_i_11, t_i_10m, tilt_x, tilt_y, rot, gps_lat, gps_lon, gps_alt, lat, lon, alt, batt_v, t_rad, t_i, rh_i_wrt_ice_or_water, wdir_i, wspd_y_i

New variables not in old files:


Old variables removed from new files:

 
![TUN](../figures/version_comparisons/V37_versus_thredds_month/TUN_0.png)
![TUN](../figures/version_comparisons/V37_versus_thredds_month/TUN_1.png)
![TUN](../figures/version_comparisons/V37_versus_thredds_month/TUN_2.png)
![TUN](../figures/version_comparisons/V37_versus_thredds_month/TUN_3.png)
![TUN](../figures/version_comparisons/V37_versus_thredds_month/TUN_4.png)
![TUN](../figures/version_comparisons/V37_versus_thredds_month/TUN_5.png)
![TUN](../figures/version_comparisons/V37_versus_thredds_month/TUN_6.png)
![TUN](../figures/version_comparisons/V37_versus_thredds_month/TUN_7.png)
![TUN](../figures/version_comparisons/V37_versus_thredds_month/TUN_8.png)
![TUN](../figures/version_comparisons/V37_versus_thredds_month/TUN_9.png)
![TUN](../figures/version_comparisons/V37_versus_thredds_month/TUN_10.png)
![TUN](../figures/version_comparisons/V37_versus_thredds_month/TUN_11.png)
![TUN](../figures/version_comparisons/V37_versus_thredds_month/TUN_12.png)
![TUN](../figures/version_comparisons/V37_versus_thredds_month/TUN_13.png)
![TUN](../figures/version_comparisons/V37_versus_thredds_month/TUN_14.png)
![TUN](../figures/version_comparisons/V37_versus_thredds_month/TUN_15.png)
 
## UPE_L
/media/ice/Baptiste/geussnow01/dataverse//V37/month/UPE_L_month.csv
Variables in new file:
p_u, t_u, rh_u, rh_u_wrt_ice_or_water, qh_u, wspd_u, wdir_u, wspd_x_u, wspd_y_u, dsr, dsr_cor, usr, usr_cor, albedo, dlr, ulr, cc, t_surf, dlhf_u, dshf_u, z_boom_u, z_boom_cor_u, z_stake, z_stake_cor, z_pt, z_pt_cor, z_surf_combined, z_ice_surf, snow_height, t_i_1, t_i_2, t_i_3, t_i_4, t_i_5, t_i_6, t_i_7, t_i_8, d_t_i_1, d_t_i_2, d_t_i_3, d_t_i_4, d_t_i_5, d_t_i_6, d_t_i_7, d_t_i_8, t_i_10m, tilt_x, tilt_y, gps_lat, gps_lon, gps_alt, lat, lon, alt, batt_v, t_rad, t_i, rh_i_wrt_ice_or_water, wdir_i, wspd_y_i

New variables not in old files:


Old variables removed from new files:

 
![UPE_L](../figures/version_comparisons/V37_versus_thredds_month/UPE_L_0.png)
![UPE_L](../figures/version_comparisons/V37_versus_thredds_month/UPE_L_1.png)
![UPE_L](../figures/version_comparisons/V37_versus_thredds_month/UPE_L_2.png)
![UPE_L](../figures/version_comparisons/V37_versus_thredds_month/UPE_L_3.png)
![UPE_L](../figures/version_comparisons/V37_versus_thredds_month/UPE_L_4.png)
![UPE_L](../figures/version_comparisons/V37_versus_thredds_month/UPE_L_5.png)
![UPE_L](../figures/version_comparisons/V37_versus_thredds_month/UPE_L_6.png)
![UPE_L](../figures/version_comparisons/V37_versus_thredds_month/UPE_L_7.png)
![UPE_L](../figures/version_comparisons/V37_versus_thredds_month/UPE_L_8.png)
![UPE_L](../figures/version_comparisons/V37_versus_thredds_month/UPE_L_9.png)
![UPE_L](../figures/version_comparisons/V37_versus_thredds_month/UPE_L_10.png)
![UPE_L](../figures/version_comparisons/V37_versus_thredds_month/UPE_L_11.png)
 
## UPE_U
/media/ice/Baptiste/geussnow01/dataverse//V37/month/UPE_U_month.csv
Variables in new file:
p_u, t_u, rh_u, rh_u_wrt_ice_or_water, qh_u, wspd_u, wdir_u, wspd_x_u, wspd_y_u, dsr, dsr_cor, usr, usr_cor, albedo, dlr, ulr, cc, t_surf, dlhf_u, dshf_u, z_boom_u, z_boom_cor_u, z_stake, z_stake_cor, z_pt, z_pt_cor, z_surf_combined, z_ice_surf, snow_height, t_i_1, t_i_2, t_i_3, t_i_4, t_i_5, t_i_6, t_i_7, t_i_8, d_t_i_1, d_t_i_2, d_t_i_3, d_t_i_4, d_t_i_5, d_t_i_6, d_t_i_7, d_t_i_8, t_i_10m, tilt_x, tilt_y, gps_lat, gps_lon, gps_alt, lat, lon, alt, batt_v, t_rad, t_i, rh_i_wrt_ice_or_water, wdir_i, wspd_y_i

New variables not in old files:


Old variables removed from new files:

 
![UPE_U](../figures/version_comparisons/V37_versus_thredds_month/UPE_U_0.png)
![UPE_U](../figures/version_comparisons/V37_versus_thredds_month/UPE_U_1.png)
![UPE_U](../figures/version_comparisons/V37_versus_thredds_month/UPE_U_2.png)
![UPE_U](../figures/version_comparisons/V37_versus_thredds_month/UPE_U_3.png)
![UPE_U](../figures/version_comparisons/V37_versus_thredds_month/UPE_U_4.png)
![UPE_U](../figures/version_comparisons/V37_versus_thredds_month/UPE_U_5.png)
![UPE_U](../figures/version_comparisons/V37_versus_thredds_month/UPE_U_6.png)
![UPE_U](../figures/version_comparisons/V37_versus_thredds_month/UPE_U_7.png)
![UPE_U](../figures/version_comparisons/V37_versus_thredds_month/UPE_U_8.png)
![UPE_U](../figures/version_comparisons/V37_versus_thredds_month/UPE_U_9.png)
![UPE_U](../figures/version_comparisons/V37_versus_thredds_month/UPE_U_10.png)
![UPE_U](../figures/version_comparisons/V37_versus_thredds_month/UPE_U_11.png)
 
## WEG_B
/media/ice/Baptiste/geussnow01/dataverse//V37/month/WEG_B_month.csv
Variables in new file:
p_u, t_u, rh_u, rh_u_wrt_ice_or_water, qh_u, wspd_u, wdir_u, wspd_x_u, wspd_y_u, dsr, usr, albedo, dlr, ulr, t_surf, z_boom_u, z_boom_cor_u, z_surf_combined, snow_height, rainfall_u, rainfall_cor_u, tilt_x, tilt_y, rot, gps_lat, gps_lon, gps_alt, lat, lon, alt, batt_v, t_rad, t_i, rh_i_wrt_ice_or_water, wdir_i, wspd_y_i

New variables not in old files:


Old variables removed from new files:

 
![WEG_B](../figures/version_comparisons/V37_versus_thredds_month/WEG_B_0.png)
![WEG_B](../figures/version_comparisons/V37_versus_thredds_month/WEG_B_1.png)
![WEG_B](../figures/version_comparisons/V37_versus_thredds_month/WEG_B_2.png)
![WEG_B](../figures/version_comparisons/V37_versus_thredds_month/WEG_B_3.png)
![WEG_B](../figures/version_comparisons/V37_versus_thredds_month/WEG_B_4.png)
![WEG_B](../figures/version_comparisons/V37_versus_thredds_month/WEG_B_5.png)
![WEG_B](../figures/version_comparisons/V37_versus_thredds_month/WEG_B_6.png)
![WEG_B](../figures/version_comparisons/V37_versus_thredds_month/WEG_B_7.png)
 
## WEG_L
/media/ice/Baptiste/geussnow01/dataverse//V37/month/WEG_L_month.csv
Variables in new file:
p_u, t_u, rh_u, rh_u_wrt_ice_or_water, qh_u, wspd_u, wdir_u, wspd_x_u, wspd_y_u, dsr, dsr_cor, usr, usr_cor, albedo, dlr, ulr, cc, t_surf, dlhf_u, dshf_u, z_boom_u, z_boom_cor_u, z_stake, z_stake_cor, z_pt, z_pt_cor, z_surf_combined, z_ice_surf, snow_height, rainfall_u, rainfall_cor_u, t_i_1, t_i_2, t_i_3, t_i_4, t_i_5, t_i_6, t_i_7, t_i_8, d_t_i_1, d_t_i_2, d_t_i_3, d_t_i_4, d_t_i_5, d_t_i_6, d_t_i_7, d_t_i_8, tilt_x, tilt_y, rot, gps_lat, gps_lon, gps_alt, lat, lon, alt, batt_v, t_rad, t_i, rh_i_wrt_ice_or_water, wdir_i, wspd_y_i

New variables not in old files:


Old variables removed from new files:

 
![WEG_L](../figures/version_comparisons/V37_versus_thredds_month/WEG_L_0.png)
![WEG_L](../figures/version_comparisons/V37_versus_thredds_month/WEG_L_1.png)
![WEG_L](../figures/version_comparisons/V37_versus_thredds_month/WEG_L_2.png)
![WEG_L](../figures/version_comparisons/V37_versus_thredds_month/WEG_L_3.png)
![WEG_L](../figures/version_comparisons/V37_versus_thredds_month/WEG_L_4.png)
![WEG_L](../figures/version_comparisons/V37_versus_thredds_month/WEG_L_5.png)
![WEG_L](../figures/version_comparisons/V37_versus_thredds_month/WEG_L_6.png)
![WEG_L](../figures/version_comparisons/V37_versus_thredds_month/WEG_L_7.png)
![WEG_L](../figures/version_comparisons/V37_versus_thredds_month/WEG_L_8.png)
![WEG_L](../figures/version_comparisons/V37_versus_thredds_month/WEG_L_9.png)
![WEG_L](../figures/version_comparisons/V37_versus_thredds_month/WEG_L_10.png)
![WEG_L](../figures/version_comparisons/V37_versus_thredds_month/WEG_L_11.png)
![WEG_L](../figures/version_comparisons/V37_versus_thredds_month/WEG_L_12.png)
 
## ZAC_A
/media/ice/Baptiste/geussnow01/dataverse//V37/month/ZAC_A_month.csv
Variables in new file:
p_u, p_l, t_u, t_l, rh_u, rh_u_wrt_ice_or_water, qh_u, rh_l, rh_l_wrt_ice_or_water, qh_l, wspd_u, wspd_l, wdir_u, wdir_l, wspd_x_u, wspd_y_u, wspd_x_l, wspd_y_l, dsr, dsr_cor, usr, usr_cor, albedo, dlr, ulr, cc, t_surf, dlhf_u, dlhf_l, dshf_u, dshf_l, z_boom_u, z_boom_cor_u, z_boom_l, z_boom_cor_l, z_stake, z_surf_combined, snow_height, rainfall_u, rainfall_cor_u, rainfall_l, rainfall_cor_l, t_i_1, t_i_2, t_i_3, t_i_4, t_i_5, t_i_6, t_i_7, t_i_8, t_i_9, t_i_10, t_i_11, d_t_i_1, d_t_i_2, d_t_i_3, d_t_i_4, d_t_i_5, d_t_i_6, d_t_i_7, d_t_i_8, d_t_i_9, d_t_i_10, d_t_i_11, t_i_10m, tilt_x, tilt_y, rot, gps_lat, gps_lon, gps_alt, lat, lon, alt, batt_v, t_rad, t_i, rh_i_wrt_ice_or_water, wdir_i, wspd_y_i

New variables not in old files:


Old variables removed from new files:

 
![ZAC_A](../figures/version_comparisons/V37_versus_thredds_month/ZAC_A_0.png)
![ZAC_A](../figures/version_comparisons/V37_versus_thredds_month/ZAC_A_1.png)
![ZAC_A](../figures/version_comparisons/V37_versus_thredds_month/ZAC_A_2.png)
![ZAC_A](../figures/version_comparisons/V37_versus_thredds_month/ZAC_A_3.png)
![ZAC_A](../figures/version_comparisons/V37_versus_thredds_month/ZAC_A_4.png)
![ZAC_A](../figures/version_comparisons/V37_versus_thredds_month/ZAC_A_5.png)
![ZAC_A](../figures/version_comparisons/V37_versus_thredds_month/ZAC_A_6.png)
![ZAC_A](../figures/version_comparisons/V37_versus_thredds_month/ZAC_A_7.png)
![ZAC_A](../figures/version_comparisons/V37_versus_thredds_month/ZAC_A_8.png)
![ZAC_A](../figures/version_comparisons/V37_versus_thredds_month/ZAC_A_9.png)
![ZAC_A](../figures/version_comparisons/V37_versus_thredds_month/ZAC_A_10.png)
![ZAC_A](../figures/version_comparisons/V37_versus_thredds_month/ZAC_A_11.png)
![ZAC_A](../figures/version_comparisons/V37_versus_thredds_month/ZAC_A_12.png)
![ZAC_A](../figures/version_comparisons/V37_versus_thredds_month/ZAC_A_13.png)
![ZAC_A](../figures/version_comparisons/V37_versus_thredds_month/ZAC_A_14.png)
![ZAC_A](../figures/version_comparisons/V37_versus_thredds_month/ZAC_A_15.png)
 
## ZAC_L
/media/ice/Baptiste/geussnow01/dataverse//V37/month/ZAC_L_month.csv
Variables in new file:
p_u, t_u, rh_u, rh_u_wrt_ice_or_water, qh_u, wspd_u, wdir_u, wspd_x_u, wspd_y_u, dsr, dsr_cor, usr, usr_cor, albedo, dlr, ulr, cc, t_surf, dlhf_u, dshf_u, z_boom_u, z_boom_cor_u, z_stake, z_stake_cor, z_pt, z_pt_cor, z_surf_combined, z_ice_surf, snow_height, rainfall_u, rainfall_cor_u, t_i_1, t_i_2, t_i_3, t_i_4, t_i_5, t_i_6, t_i_7, t_i_8, d_t_i_1, d_t_i_2, d_t_i_3, d_t_i_4, d_t_i_5, d_t_i_6, d_t_i_7, d_t_i_8, t_i_10m, tilt_x, tilt_y, rot, gps_lat, gps_lon, gps_alt, lat, lon, alt, batt_v, t_rad, t_i, rh_i_wrt_ice_or_water, wdir_i, wspd_y_i

New variables not in old files:


Old variables removed from new files:

 
![ZAC_L](../figures/version_comparisons/V37_versus_thredds_month/ZAC_L_0.png)
![ZAC_L](../figures/version_comparisons/V37_versus_thredds_month/ZAC_L_1.png)
![ZAC_L](../figures/version_comparisons/V37_versus_thredds_month/ZAC_L_2.png)
![ZAC_L](../figures/version_comparisons/V37_versus_thredds_month/ZAC_L_3.png)
![ZAC_L](../figures/version_comparisons/V37_versus_thredds_month/ZAC_L_4.png)
![ZAC_L](../figures/version_comparisons/V37_versus_thredds_month/ZAC_L_5.png)
![ZAC_L](../figures/version_comparisons/V37_versus_thredds_month/ZAC_L_6.png)
![ZAC_L](../figures/version_comparisons/V37_versus_thredds_month/ZAC_L_7.png)
![ZAC_L](../figures/version_comparisons/V37_versus_thredds_month/ZAC_L_8.png)
![ZAC_L](../figures/version_comparisons/V37_versus_thredds_month/ZAC_L_9.png)
![ZAC_L](../figures/version_comparisons/V37_versus_thredds_month/ZAC_L_10.png)
![ZAC_L](../figures/version_comparisons/V37_versus_thredds_month/ZAC_L_11.png)
![ZAC_L](../figures/version_comparisons/V37_versus_thredds_month/ZAC_L_12.png)
 
## ZAC_U
/media/ice/Baptiste/geussnow01/dataverse//V37/month/ZAC_U_month.csv
Variables in new file:
p_u, t_u, rh_u, rh_u_wrt_ice_or_water, qh_u, wspd_u, wdir_u, wspd_x_u, wspd_y_u, dsr, dsr_cor, usr, usr_cor, albedo, dlr, ulr, cc, t_surf, dlhf_u, dshf_u, z_boom_u, z_boom_cor_u, z_stake, z_stake_cor, z_pt, z_pt_cor, z_surf_combined, z_ice_surf, snow_height, rainfall_u, rainfall_cor_u, t_i_1, t_i_2, t_i_3, t_i_4, t_i_5, t_i_6, t_i_7, t_i_8, d_t_i_1, d_t_i_2, d_t_i_3, d_t_i_4, d_t_i_5, d_t_i_6, d_t_i_7, d_t_i_8, t_i_10m, tilt_x, tilt_y, rot, gps_lat, gps_lon, gps_alt, lat, lon, alt, batt_v, t_rad, t_i, rh_i_wrt_ice_or_water, wdir_i, wspd_y_i

New variables not in old files:


Old variables removed from new files:

 
![ZAC_U](../figures/version_comparisons/V37_versus_thredds_month/ZAC_U_0.png)
![ZAC_U](../figures/version_comparisons/V37_versus_thredds_month/ZAC_U_1.png)
![ZAC_U](../figures/version_comparisons/V37_versus_thredds_month/ZAC_U_2.png)
![ZAC_U](../figures/version_comparisons/V37_versus_thredds_month/ZAC_U_3.png)
![ZAC_U](../figures/version_comparisons/V37_versus_thredds_month/ZAC_U_4.png)
![ZAC_U](../figures/version_comparisons/V37_versus_thredds_month/ZAC_U_5.png)
![ZAC_U](../figures/version_comparisons/V37_versus_thredds_month/ZAC_U_6.png)
![ZAC_U](../figures/version_comparisons/V37_versus_thredds_month/ZAC_U_7.png)
![ZAC_U](../figures/version_comparisons/V37_versus_thredds_month/ZAC_U_8.png)
![ZAC_U](../figures/version_comparisons/V37_versus_thredds_month/ZAC_U_9.png)
![ZAC_U](../figures/version_comparisons/V37_versus_thredds_month/ZAC_U_10.png)
![ZAC_U](../figures/version_comparisons/V37_versus_thredds_month/ZAC_U_11.png)
![ZAC_U](../figures/version_comparisons/V37_versus_thredds_month/ZAC_U_12.png)
 
# Comparison of data thredds to V37 (old).
## CEN
/media/ice/Baptiste/geussnow01/dataverse//V37/day/CEN_day.csv
Variables in new file:
p_u, p_l, t_u, t_l, rh_u, rh_u_wrt_ice_or_water, qh_u, rh_l, rh_l_wrt_ice_or_water, qh_l, wspd_u, wspd_l, wdir_u, wdir_l, wspd_x_u, wspd_y_u, wspd_x_l, wspd_y_l, dsr, dsr_cor, usr, usr_cor, albedo, dlr, ulr, cc, t_surf, dlhf_u, dlhf_l, dshf_u, dshf_l, z_boom_u, z_boom_cor_u, z_boom_l, z_boom_cor_l, z_stake, z_stake_cor, z_surf_combined, snow_height, rainfall_u, rainfall_cor_u, rainfall_l, rainfall_cor_l, t_i_1, t_i_2, t_i_3, t_i_4, t_i_5, t_i_6, t_i_7, t_i_8, t_i_9, t_i_10, t_i_11, d_t_i_1, d_t_i_2, d_t_i_3, d_t_i_4, d_t_i_5, d_t_i_6, d_t_i_7, d_t_i_8, d_t_i_9, d_t_i_10, d_t_i_11, t_i_10m, tilt_x, tilt_y, rot, gps_lat, gps_lon, gps_alt, lat, lon, alt, batt_v, t_rad, t_i, rh_i_wrt_ice_or_water, wdir_i, wspd_y_i

New variables not in old files:


Old variables removed from new files:

 
![CEN](../figures/version_comparisons/V37_versus_thredds_day/CEN_0.png)
![CEN](../figures/version_comparisons/V37_versus_thredds_day/CEN_1.png)
![CEN](../figures/version_comparisons/V37_versus_thredds_day/CEN_2.png)
![CEN](../figures/version_comparisons/V37_versus_thredds_day/CEN_3.png)
![CEN](../figures/version_comparisons/V37_versus_thredds_day/CEN_4.png)
![CEN](../figures/version_comparisons/V37_versus_thredds_day/CEN_5.png)
![CEN](../figures/version_comparisons/V37_versus_thredds_day/CEN_6.png)
![CEN](../figures/version_comparisons/V37_versus_thredds_day/CEN_7.png)
![CEN](../figures/version_comparisons/V37_versus_thredds_day/CEN_8.png)
![CEN](../figures/version_comparisons/V37_versus_thredds_day/CEN_9.png)
![CEN](../figures/version_comparisons/V37_versus_thredds_day/CEN_10.png)
![CEN](../figures/version_comparisons/V37_versus_thredds_day/CEN_11.png)
![CEN](../figures/version_comparisons/V37_versus_thredds_day/CEN_12.png)
![CEN](../figures/version_comparisons/V37_versus_thredds_day/CEN_13.png)
![CEN](../figures/version_comparisons/V37_versus_thredds_day/CEN_14.png)
![CEN](../figures/version_comparisons/V37_versus_thredds_day/CEN_15.png)
![CEN](../figures/version_comparisons/V37_versus_thredds_day/CEN_16.png)
 
## CP1
/media/ice/Baptiste/geussnow01/dataverse//V37/day/CP1_day.csv
Variables in new file:
p_u, p_l, t_u, t_l, rh_u, rh_u_wrt_ice_or_water, qh_u, rh_l, rh_l_wrt_ice_or_water, qh_l, wspd_u, wspd_l, wdir_u, wdir_l, wspd_x_u, wspd_y_u, wspd_x_l, wspd_y_l, dsr, dsr_cor, usr, usr_cor, albedo, dlr, ulr, cc, t_surf, dlhf_u, dlhf_l, dshf_u, dshf_l, z_boom_u, z_boom_cor_u, z_boom_l, z_boom_cor_l, z_surf_combined, snow_height, rainfall_u, rainfall_cor_u, rainfall_l, rainfall_cor_l, t_i_1, t_i_2, t_i_3, t_i_4, t_i_5, t_i_6, t_i_7, t_i_8, t_i_9, t_i_10, t_i_11, d_t_i_1, d_t_i_2, d_t_i_3, d_t_i_4, d_t_i_5, d_t_i_6, d_t_i_7, d_t_i_8, d_t_i_9, d_t_i_10, d_t_i_11, t_i_10m, tilt_x, tilt_y, rot, gps_lat, gps_lon, gps_alt, lat, lon, alt, batt_v, t_rad, t_i, rh_i_wrt_ice_or_water, wdir_i, wspd_y_i

New variables not in old files:


Old variables removed from new files:

 
![CP1](../figures/version_comparisons/V37_versus_thredds_day/CP1_0.png)
![CP1](../figures/version_comparisons/V37_versus_thredds_day/CP1_1.png)
![CP1](../figures/version_comparisons/V37_versus_thredds_day/CP1_2.png)
![CP1](../figures/version_comparisons/V37_versus_thredds_day/CP1_3.png)
![CP1](../figures/version_comparisons/V37_versus_thredds_day/CP1_4.png)
![CP1](../figures/version_comparisons/V37_versus_thredds_day/CP1_5.png)
![CP1](../figures/version_comparisons/V37_versus_thredds_day/CP1_6.png)
![CP1](../figures/version_comparisons/V37_versus_thredds_day/CP1_7.png)
![CP1](../figures/version_comparisons/V37_versus_thredds_day/CP1_8.png)
![CP1](../figures/version_comparisons/V37_versus_thredds_day/CP1_9.png)
![CP1](../figures/version_comparisons/V37_versus_thredds_day/CP1_10.png)
![CP1](../figures/version_comparisons/V37_versus_thredds_day/CP1_11.png)
![CP1](../figures/version_comparisons/V37_versus_thredds_day/CP1_12.png)
![CP1](../figures/version_comparisons/V37_versus_thredds_day/CP1_13.png)
![CP1](../figures/version_comparisons/V37_versus_thredds_day/CP1_14.png)
![CP1](../figures/version_comparisons/V37_versus_thredds_day/CP1_15.png)
 
## DY2
/media/ice/Baptiste/geussnow01/dataverse//V37/day/DY2_day.csv
Variables in new file:
p_u, p_l, t_u, t_l, rh_u, rh_u_wrt_ice_or_water, qh_u, rh_l, rh_l_wrt_ice_or_water, qh_l, wspd_u, wspd_l, wdir_u, wdir_l, wspd_x_u, wspd_y_u, wspd_x_l, wspd_y_l, dsr, dsr_cor, usr, usr_cor, albedo, dlr, ulr, cc, t_surf, dlhf_u, dlhf_l, dshf_u, dshf_l, z_boom_u, z_boom_cor_u, z_boom_l, z_boom_cor_l, z_surf_combined, snow_height, rainfall_u, rainfall_cor_u, rainfall_l, rainfall_cor_l, t_i_1, t_i_2, t_i_3, t_i_4, t_i_5, t_i_6, t_i_7, t_i_8, t_i_9, t_i_10, t_i_11, d_t_i_1, d_t_i_2, d_t_i_3, d_t_i_4, d_t_i_5, d_t_i_6, d_t_i_7, d_t_i_8, d_t_i_9, d_t_i_10, d_t_i_11, t_i_10m, tilt_x, tilt_y, rot, gps_lat, gps_lon, gps_alt, lat, lon, alt, batt_v, t_rad, t_i, rh_i_wrt_ice_or_water, wdir_i, wspd_y_i

New variables not in old files:


Old variables removed from new files:

 
![DY2](../figures/version_comparisons/V37_versus_thredds_day/DY2_0.png)
![DY2](../figures/version_comparisons/V37_versus_thredds_day/DY2_1.png)
![DY2](../figures/version_comparisons/V37_versus_thredds_day/DY2_2.png)
![DY2](../figures/version_comparisons/V37_versus_thredds_day/DY2_3.png)
![DY2](../figures/version_comparisons/V37_versus_thredds_day/DY2_4.png)
![DY2](../figures/version_comparisons/V37_versus_thredds_day/DY2_5.png)
![DY2](../figures/version_comparisons/V37_versus_thredds_day/DY2_6.png)
![DY2](../figures/version_comparisons/V37_versus_thredds_day/DY2_7.png)
![DY2](../figures/version_comparisons/V37_versus_thredds_day/DY2_8.png)
![DY2](../figures/version_comparisons/V37_versus_thredds_day/DY2_9.png)
![DY2](../figures/version_comparisons/V37_versus_thredds_day/DY2_10.png)
![DY2](../figures/version_comparisons/V37_versus_thredds_day/DY2_11.png)
![DY2](../figures/version_comparisons/V37_versus_thredds_day/DY2_12.png)
![DY2](../figures/version_comparisons/V37_versus_thredds_day/DY2_13.png)
![DY2](../figures/version_comparisons/V37_versus_thredds_day/DY2_14.png)
![DY2](../figures/version_comparisons/V37_versus_thredds_day/DY2_15.png)
 
## EGP
/media/ice/Baptiste/geussnow01/dataverse//V37/day/EGP_day.csv
Variables in new file:
p_u, t_u, t_l, rh_u, rh_u_wrt_ice_or_water, qh_u, rh_l, rh_l_wrt_ice_or_water, qh_l, wspd_u, wspd_l, wdir_u, wdir_l, wspd_x_u, wspd_y_u, wspd_x_l, wspd_y_l, dsr, dsr_cor, usr, usr_cor, albedo, dlr, ulr, cc, t_surf, dlhf_u, dshf_u, z_boom_u, z_boom_cor_u, z_boom_l, z_boom_cor_l, z_stake, z_stake_cor, z_surf_combined, snow_height, rainfall_u, rainfall_cor_u, t_i_1, t_i_2, t_i_3, t_i_4, t_i_5, t_i_6, t_i_7, t_i_8, t_i_9, t_i_10, t_i_11, d_t_i_1, d_t_i_2, d_t_i_3, d_t_i_4, d_t_i_5, d_t_i_6, d_t_i_7, d_t_i_8, d_t_i_9, d_t_i_10, d_t_i_11, t_i_10m, tilt_x, tilt_y, rot, gps_lat, gps_lon, gps_alt, lat, lon, alt, batt_v, t_rad, t_i, rh_i_wrt_ice_or_water, wdir_i, wspd_y_i

New variables not in old files:


Old variables removed from new files:

 
![EGP](../figures/version_comparisons/V37_versus_thredds_day/EGP_0.png)
![EGP](../figures/version_comparisons/V37_versus_thredds_day/EGP_1.png)
![EGP](../figures/version_comparisons/V37_versus_thredds_day/EGP_2.png)
![EGP](../figures/version_comparisons/V37_versus_thredds_day/EGP_3.png)
![EGP](../figures/version_comparisons/V37_versus_thredds_day/EGP_4.png)
![EGP](../figures/version_comparisons/V37_versus_thredds_day/EGP_5.png)
![EGP](../figures/version_comparisons/V37_versus_thredds_day/EGP_6.png)
![EGP](../figures/version_comparisons/V37_versus_thredds_day/EGP_7.png)
![EGP](../figures/version_comparisons/V37_versus_thredds_day/EGP_8.png)
![EGP](../figures/version_comparisons/V37_versus_thredds_day/EGP_9.png)
![EGP](../figures/version_comparisons/V37_versus_thredds_day/EGP_10.png)
![EGP](../figures/version_comparisons/V37_versus_thredds_day/EGP_11.png)
![EGP](../figures/version_comparisons/V37_versus_thredds_day/EGP_12.png)
![EGP](../figures/version_comparisons/V37_versus_thredds_day/EGP_13.png)
![EGP](../figures/version_comparisons/V37_versus_thredds_day/EGP_14.png)
![EGP](../figures/version_comparisons/V37_versus_thredds_day/EGP_15.png)
 
## FRE
/media/ice/Baptiste/geussnow01/dataverse//V37/day/FRE_day.csv
Variables in new file:
p_u, t_u, rh_u, rh_u_wrt_ice_or_water, qh_u, wspd_u, wdir_u, wspd_x_u, wspd_y_u, dsr, dsr_cor, usr, usr_cor, albedo, dlr, ulr, cc, t_surf, dlhf_u, dshf_u, z_boom_u, z_boom_cor_u, z_stake, z_stake_cor, z_pt, z_pt_cor, z_surf_combined, z_ice_surf, snow_height, t_i_1, t_i_2, t_i_3, t_i_4, t_i_5, t_i_6, t_i_7, t_i_8, d_t_i_1, d_t_i_2, d_t_i_3, d_t_i_4, d_t_i_5, d_t_i_6, d_t_i_7, d_t_i_8, t_i_10m, tilt_x, tilt_y, gps_lat, gps_lon, gps_alt, lat, lon, alt, batt_v, t_rad, t_i, rh_i_wrt_ice_or_water, wdir_i, wspd_y_i

New variables not in old files:


Old variables removed from new files:

 
![FRE](../figures/version_comparisons/V37_versus_thredds_day/FRE_0.png)
![FRE](../figures/version_comparisons/V37_versus_thredds_day/FRE_1.png)
![FRE](../figures/version_comparisons/V37_versus_thredds_day/FRE_2.png)
![FRE](../figures/version_comparisons/V37_versus_thredds_day/FRE_3.png)
![FRE](../figures/version_comparisons/V37_versus_thredds_day/FRE_4.png)
![FRE](../figures/version_comparisons/V37_versus_thredds_day/FRE_5.png)
![FRE](../figures/version_comparisons/V37_versus_thredds_day/FRE_6.png)
![FRE](../figures/version_comparisons/V37_versus_thredds_day/FRE_7.png)
![FRE](../figures/version_comparisons/V37_versus_thredds_day/FRE_8.png)
![FRE](../figures/version_comparisons/V37_versus_thredds_day/FRE_9.png)
![FRE](../figures/version_comparisons/V37_versus_thredds_day/FRE_10.png)
![FRE](../figures/version_comparisons/V37_versus_thredds_day/FRE_11.png)
 
## HUM
/media/ice/Baptiste/geussnow01/dataverse//V37/day/HUM_day.csv
Variables in new file:
p_u, p_l, t_u, t_l, rh_u, rh_u_wrt_ice_or_water, qh_u, rh_l, rh_l_wrt_ice_or_water, qh_l, wspd_u, wspd_l, wdir_u, wdir_l, wspd_x_u, wspd_y_u, wspd_x_l, wspd_y_l, dsr, dsr_cor, usr, usr_cor, albedo, dlr, ulr, cc, t_surf, dlhf_u, dlhf_l, dshf_u, dshf_l, z_boom_u, z_boom_cor_u, z_boom_l, z_boom_cor_l, z_surf_combined, snow_height, rainfall_u, rainfall_cor_u, rainfall_l, rainfall_cor_l, t_i_1, t_i_2, t_i_3, t_i_4, t_i_5, t_i_6, t_i_7, t_i_8, t_i_9, t_i_10, t_i_11, d_t_i_1, d_t_i_2, d_t_i_3, d_t_i_4, d_t_i_5, d_t_i_6, d_t_i_7, d_t_i_8, d_t_i_9, d_t_i_10, d_t_i_11, t_i_10m, tilt_x, tilt_y, rot, gps_lat, gps_lon, gps_alt, lat, lon, alt, batt_v, t_rad, t_i, rh_i_wrt_ice_or_water, wdir_i, wspd_y_i

New variables not in old files:


Old variables removed from new files:

 
![HUM](../figures/version_comparisons/V37_versus_thredds_day/HUM_0.png)
![HUM](../figures/version_comparisons/V37_versus_thredds_day/HUM_1.png)
![HUM](../figures/version_comparisons/V37_versus_thredds_day/HUM_2.png)
![HUM](../figures/version_comparisons/V37_versus_thredds_day/HUM_3.png)
![HUM](../figures/version_comparisons/V37_versus_thredds_day/HUM_4.png)
![HUM](../figures/version_comparisons/V37_versus_thredds_day/HUM_5.png)
![HUM](../figures/version_comparisons/V37_versus_thredds_day/HUM_6.png)
![HUM](../figures/version_comparisons/V37_versus_thredds_day/HUM_7.png)
![HUM](../figures/version_comparisons/V37_versus_thredds_day/HUM_8.png)
![HUM](../figures/version_comparisons/V37_versus_thredds_day/HUM_9.png)
![HUM](../figures/version_comparisons/V37_versus_thredds_day/HUM_10.png)
![HUM](../figures/version_comparisons/V37_versus_thredds_day/HUM_11.png)
![HUM](../figures/version_comparisons/V37_versus_thredds_day/HUM_12.png)
![HUM](../figures/version_comparisons/V37_versus_thredds_day/HUM_13.png)
![HUM](../figures/version_comparisons/V37_versus_thredds_day/HUM_14.png)
![HUM](../figures/version_comparisons/V37_versus_thredds_day/HUM_15.png)
 
## JAR
/media/ice/Baptiste/geussnow01/dataverse//V37/day/JAR_day.csv
Variables in new file:
p_u, t_u, t_l, rh_u, rh_u_wrt_ice_or_water, qh_u, rh_l, rh_l_wrt_ice_or_water, qh_l, wspd_u, wspd_l, wdir_u, wdir_l, wspd_x_u, wspd_y_u, wspd_x_l, wspd_y_l, dsr, dsr_cor, usr, usr_cor, albedo, dlr, ulr, cc, t_surf, dlhf_u, dshf_u, z_boom_u, z_boom_cor_u, z_boom_cor_l, z_stake, z_stake_cor, z_pt, z_pt_cor, z_surf_combined, z_ice_surf, snow_height, rainfall_u, rainfall_cor_u, t_i_1, t_i_2, t_i_3, t_i_4, t_i_5, t_i_6, t_i_7, t_i_8, t_i_9, t_i_10, d_t_i_1, d_t_i_2, d_t_i_3, d_t_i_4, d_t_i_5, d_t_i_6, d_t_i_7, d_t_i_8, d_t_i_9, d_t_i_10, t_i_10m, tilt_x, tilt_y, rot, gps_lat, gps_lon, gps_alt, lat, lon, alt, batt_v, t_rad, t_i, rh_i_wrt_ice_or_water, wdir_i, wspd_y_i

New variables not in old files:


Old variables removed from new files:

 
![JAR](../figures/version_comparisons/V37_versus_thredds_day/JAR_0.png)
![JAR](../figures/version_comparisons/V37_versus_thredds_day/JAR_1.png)
![JAR](../figures/version_comparisons/V37_versus_thredds_day/JAR_2.png)
![JAR](../figures/version_comparisons/V37_versus_thredds_day/JAR_3.png)
![JAR](../figures/version_comparisons/V37_versus_thredds_day/JAR_4.png)
![JAR](../figures/version_comparisons/V37_versus_thredds_day/JAR_5.png)
![JAR](../figures/version_comparisons/V37_versus_thredds_day/JAR_6.png)
![JAR](../figures/version_comparisons/V37_versus_thredds_day/JAR_7.png)
![JAR](../figures/version_comparisons/V37_versus_thredds_day/JAR_8.png)
![JAR](../figures/version_comparisons/V37_versus_thredds_day/JAR_9.png)
![JAR](../figures/version_comparisons/V37_versus_thredds_day/JAR_10.png)
![JAR](../figures/version_comparisons/V37_versus_thredds_day/JAR_11.png)
![JAR](../figures/version_comparisons/V37_versus_thredds_day/JAR_12.png)
![JAR](../figures/version_comparisons/V37_versus_thredds_day/JAR_13.png)
![JAR](../figures/version_comparisons/V37_versus_thredds_day/JAR_14.png)
![JAR](../figures/version_comparisons/V37_versus_thredds_day/JAR_15.png)
 
## KAN_B
/media/ice/Baptiste/geussnow01/dataverse//V37/day/KAN_B_day.csv
Variables in new file:
p_u, t_u, rh_u, rh_u_wrt_ice_or_water, qh_u, wspd_u, wdir_u, wspd_x_u, wspd_y_u, dsr, usr, albedo, dlr, ulr, t_surf, z_boom_u, z_boom_cor_u, z_surf_combined, snow_height, lat, lon, alt, batt_v, t_rad, t_i, rh_i_wrt_ice_or_water, wdir_i, wspd_y_i

New variables not in old files:


Old variables removed from new files:

 
![KAN_B](../figures/version_comparisons/V37_versus_thredds_day/KAN_B_0.png)
![KAN_B](../figures/version_comparisons/V37_versus_thredds_day/KAN_B_1.png)
![KAN_B](../figures/version_comparisons/V37_versus_thredds_day/KAN_B_2.png)
![KAN_B](../figures/version_comparisons/V37_versus_thredds_day/KAN_B_3.png)
![KAN_B](../figures/version_comparisons/V37_versus_thredds_day/KAN_B_4.png)
![KAN_B](../figures/version_comparisons/V37_versus_thredds_day/KAN_B_5.png)
 
## KAN_L
/media/ice/Baptiste/geussnow01/dataverse//V37/day/KAN_L_day.csv
Variables in new file:
p_u, t_u, rh_u, rh_u_wrt_ice_or_water, qh_u, wspd_u, wdir_u, wspd_x_u, wspd_y_u, dsr, dsr_cor, usr, usr_cor, albedo, dlr, ulr, cc, t_surf, dlhf_u, dshf_u, z_boom_u, z_boom_cor_u, z_stake, z_stake_cor, z_pt, z_pt_cor, z_surf_combined, z_ice_surf, snow_height, rainfall_u, rainfall_cor_u, t_i_1, t_i_2, t_i_3, t_i_4, t_i_5, t_i_6, t_i_7, t_i_8, d_t_i_1, d_t_i_2, d_t_i_3, d_t_i_4, d_t_i_5, d_t_i_6, d_t_i_7, d_t_i_8, t_i_10m, tilt_x, tilt_y, rot, gps_lat, gps_lon, gps_alt, lat, lon, alt, batt_v, t_rad, t_i, rh_i_wrt_ice_or_water, wdir_i, wspd_y_i

New variables not in old files:


Old variables removed from new files:

 
![KAN_L](../figures/version_comparisons/V37_versus_thredds_day/KAN_L_0.png)
![KAN_L](../figures/version_comparisons/V37_versus_thredds_day/KAN_L_1.png)
![KAN_L](../figures/version_comparisons/V37_versus_thredds_day/KAN_L_2.png)
![KAN_L](../figures/version_comparisons/V37_versus_thredds_day/KAN_L_3.png)
![KAN_L](../figures/version_comparisons/V37_versus_thredds_day/KAN_L_4.png)
![KAN_L](../figures/version_comparisons/V37_versus_thredds_day/KAN_L_5.png)
![KAN_L](../figures/version_comparisons/V37_versus_thredds_day/KAN_L_6.png)
![KAN_L](../figures/version_comparisons/V37_versus_thredds_day/KAN_L_7.png)
![KAN_L](../figures/version_comparisons/V37_versus_thredds_day/KAN_L_8.png)
![KAN_L](../figures/version_comparisons/V37_versus_thredds_day/KAN_L_9.png)
![KAN_L](../figures/version_comparisons/V37_versus_thredds_day/KAN_L_10.png)
![KAN_L](../figures/version_comparisons/V37_versus_thredds_day/KAN_L_11.png)
![KAN_L](../figures/version_comparisons/V37_versus_thredds_day/KAN_L_12.png)
 
## KAN_M
/media/ice/Baptiste/geussnow01/dataverse//V37/day/KAN_M_day.csv
Variables in new file:
p_u, t_u, rh_u, rh_u_wrt_ice_or_water, qh_u, wspd_u, wdir_u, wspd_x_u, wspd_y_u, dsr, dsr_cor, usr, usr_cor, albedo, dlr, ulr, cc, t_surf, dlhf_u, dshf_u, z_boom_u, z_boom_cor_u, z_stake, z_stake_cor, z_pt, z_pt_cor, z_surf_combined, z_ice_surf, snow_height, t_i_1, t_i_2, t_i_3, t_i_4, t_i_5, t_i_6, t_i_7, t_i_8, d_t_i_1, d_t_i_2, d_t_i_3, d_t_i_4, d_t_i_5, d_t_i_6, d_t_i_7, d_t_i_8, t_i_10m, tilt_x, tilt_y, gps_lat, gps_lon, gps_alt, lat, lon, alt, batt_v, t_rad, t_i, rh_i_wrt_ice_or_water, wdir_i, wspd_y_i

New variables not in old files:


Old variables removed from new files:

 
![KAN_M](../figures/version_comparisons/V37_versus_thredds_day/KAN_M_0.png)
![KAN_M](../figures/version_comparisons/V37_versus_thredds_day/KAN_M_1.png)
![KAN_M](../figures/version_comparisons/V37_versus_thredds_day/KAN_M_2.png)
![KAN_M](../figures/version_comparisons/V37_versus_thredds_day/KAN_M_3.png)
![KAN_M](../figures/version_comparisons/V37_versus_thredds_day/KAN_M_4.png)
![KAN_M](../figures/version_comparisons/V37_versus_thredds_day/KAN_M_5.png)
![KAN_M](../figures/version_comparisons/V37_versus_thredds_day/KAN_M_6.png)
![KAN_M](../figures/version_comparisons/V37_versus_thredds_day/KAN_M_7.png)
![KAN_M](../figures/version_comparisons/V37_versus_thredds_day/KAN_M_8.png)
![KAN_M](../figures/version_comparisons/V37_versus_thredds_day/KAN_M_9.png)
![KAN_M](../figures/version_comparisons/V37_versus_thredds_day/KAN_M_10.png)
![KAN_M](../figures/version_comparisons/V37_versus_thredds_day/KAN_M_11.png)
 
## KAN_T
/media/ice/Baptiste/geussnow01/dataverse//V37/day/KAN_T_day.csv
Variables in new file:
p_u, t_u, rh_u, rh_u_wrt_ice_or_water, qh_u, wspd_u, wdir_u, wspd_x_u, wspd_y_u, dsr, dsr_cor, usr, usr_cor, albedo, dlr, ulr, cc, t_surf, dlhf_u, dshf_u, z_boom_u, z_boom_cor_u, z_stake, z_stake_cor, z_pt, z_pt_cor, z_surf_combined, z_ice_surf, snow_height, rainfall_u, rainfall_cor_u, t_i_1, t_i_2, t_i_3, t_i_4, t_i_5, t_i_6, t_i_7, t_i_8, d_t_i_1, d_t_i_2, d_t_i_3, d_t_i_4, d_t_i_5, d_t_i_6, d_t_i_7, d_t_i_8, tilt_x, tilt_y, rot, gps_lat, gps_lon, gps_alt, lat, lon, alt, batt_v, t_rad, t_i, rh_i_wrt_ice_or_water, wdir_i, wspd_y_i

New variables not in old files:


Old variables removed from new files:

 
![KAN_T](../figures/version_comparisons/V37_versus_thredds_day/KAN_T_0.png)
![KAN_T](../figures/version_comparisons/V37_versus_thredds_day/KAN_T_1.png)
![KAN_T](../figures/version_comparisons/V37_versus_thredds_day/KAN_T_2.png)
![KAN_T](../figures/version_comparisons/V37_versus_thredds_day/KAN_T_3.png)
![KAN_T](../figures/version_comparisons/V37_versus_thredds_day/KAN_T_4.png)
![KAN_T](../figures/version_comparisons/V37_versus_thredds_day/KAN_T_5.png)
![KAN_T](../figures/version_comparisons/V37_versus_thredds_day/KAN_T_6.png)
![KAN_T](../figures/version_comparisons/V37_versus_thredds_day/KAN_T_7.png)
![KAN_T](../figures/version_comparisons/V37_versus_thredds_day/KAN_T_8.png)
![KAN_T](../figures/version_comparisons/V37_versus_thredds_day/KAN_T_9.png)
![KAN_T](../figures/version_comparisons/V37_versus_thredds_day/KAN_T_10.png)
![KAN_T](../figures/version_comparisons/V37_versus_thredds_day/KAN_T_11.png)
![KAN_T](../figures/version_comparisons/V37_versus_thredds_day/KAN_T_12.png)
 
## KAN_U
/media/ice/Baptiste/geussnow01/dataverse//V37/day/KAN_U_day.csv
Variables in new file:
p_u, p_l, t_u, t_l, rh_u, rh_u_wrt_ice_or_water, qh_u, rh_l, rh_l_wrt_ice_or_water, qh_l, wspd_u, wspd_l, wdir_u, wdir_l, wspd_x_u, wspd_y_u, wspd_x_l, wspd_y_l, dsr, dsr_cor, usr, usr_cor, albedo, dlr, ulr, cc, t_surf, dlhf_u, dlhf_l, dshf_u, dshf_l, z_boom_u, z_boom_cor_u, z_boom_l, z_boom_cor_l, z_stake, z_stake_cor, z_surf_combined, snow_height, rainfall_u, rainfall_cor_u, rainfall_l, rainfall_cor_l, t_i_1, t_i_2, t_i_3, t_i_4, t_i_5, t_i_6, t_i_7, t_i_8, t_i_9, t_i_10, t_i_11, d_t_i_1, d_t_i_2, d_t_i_3, d_t_i_4, d_t_i_5, d_t_i_6, d_t_i_7, d_t_i_8, d_t_i_9, d_t_i_10, d_t_i_11, t_i_10m, tilt_x, tilt_y, rot, gps_lat, gps_lon, gps_alt, lat, lon, alt, batt_v, t_rad, t_i, rh_i_wrt_ice_or_water, wdir_i, wspd_y_i

New variables not in old files:


Old variables removed from new files:

 
![KAN_U](../figures/version_comparisons/V37_versus_thredds_day/KAN_U_0.png)
![KAN_U](../figures/version_comparisons/V37_versus_thredds_day/KAN_U_1.png)
![KAN_U](../figures/version_comparisons/V37_versus_thredds_day/KAN_U_2.png)
![KAN_U](../figures/version_comparisons/V37_versus_thredds_day/KAN_U_3.png)
![KAN_U](../figures/version_comparisons/V37_versus_thredds_day/KAN_U_4.png)
![KAN_U](../figures/version_comparisons/V37_versus_thredds_day/KAN_U_5.png)
![KAN_U](../figures/version_comparisons/V37_versus_thredds_day/KAN_U_6.png)
![KAN_U](../figures/version_comparisons/V37_versus_thredds_day/KAN_U_7.png)
![KAN_U](../figures/version_comparisons/V37_versus_thredds_day/KAN_U_8.png)
![KAN_U](../figures/version_comparisons/V37_versus_thredds_day/KAN_U_9.png)
![KAN_U](../figures/version_comparisons/V37_versus_thredds_day/KAN_U_10.png)
![KAN_U](../figures/version_comparisons/V37_versus_thredds_day/KAN_U_11.png)
![KAN_U](../figures/version_comparisons/V37_versus_thredds_day/KAN_U_12.png)
![KAN_U](../figures/version_comparisons/V37_versus_thredds_day/KAN_U_13.png)
![KAN_U](../figures/version_comparisons/V37_versus_thredds_day/KAN_U_14.png)
![KAN_U](../figures/version_comparisons/V37_versus_thredds_day/KAN_U_15.png)
![KAN_U](../figures/version_comparisons/V37_versus_thredds_day/KAN_U_16.png)
 
## KPC_L
/media/ice/Baptiste/geussnow01/dataverse//V37/day/KPC_L_day.csv
Variables in new file:
p_u, t_u, rh_u, rh_u_wrt_ice_or_water, qh_u, wspd_u, wdir_u, wspd_x_u, wspd_y_u, dsr, dsr_cor, usr, usr_cor, albedo, dlr, ulr, cc, t_surf, dlhf_u, dshf_u, z_boom_u, z_boom_cor_u, z_stake, z_stake_cor, z_pt, z_pt_cor, z_surf_combined, z_ice_surf, snow_height, t_i_1, t_i_2, t_i_3, t_i_4, t_i_5, t_i_6, t_i_7, t_i_8, d_t_i_1, d_t_i_2, d_t_i_3, d_t_i_4, d_t_i_5, d_t_i_6, d_t_i_7, d_t_i_8, t_i_10m, tilt_x, tilt_y, gps_lat, gps_lon, gps_alt, lat, lon, alt, batt_v, t_rad, t_i, rh_i_wrt_ice_or_water, wdir_i, wspd_y_i

New variables not in old files:


Old variables removed from new files:

 
![KPC_L](../figures/version_comparisons/V37_versus_thredds_day/KPC_L_0.png)
![KPC_L](../figures/version_comparisons/V37_versus_thredds_day/KPC_L_1.png)
![KPC_L](../figures/version_comparisons/V37_versus_thredds_day/KPC_L_2.png)
![KPC_L](../figures/version_comparisons/V37_versus_thredds_day/KPC_L_3.png)
![KPC_L](../figures/version_comparisons/V37_versus_thredds_day/KPC_L_4.png)
![KPC_L](../figures/version_comparisons/V37_versus_thredds_day/KPC_L_5.png)
![KPC_L](../figures/version_comparisons/V37_versus_thredds_day/KPC_L_6.png)
![KPC_L](../figures/version_comparisons/V37_versus_thredds_day/KPC_L_7.png)
![KPC_L](../figures/version_comparisons/V37_versus_thredds_day/KPC_L_8.png)
![KPC_L](../figures/version_comparisons/V37_versus_thredds_day/KPC_L_9.png)
![KPC_L](../figures/version_comparisons/V37_versus_thredds_day/KPC_L_10.png)
![KPC_L](../figures/version_comparisons/V37_versus_thredds_day/KPC_L_11.png)
 
## KPC_U
/media/ice/Baptiste/geussnow01/dataverse//V37/day/KPC_U_day.csv
Variables in new file:
p_u, t_u, rh_u, rh_u_wrt_ice_or_water, qh_u, wspd_u, wdir_u, wspd_x_u, wspd_y_u, dsr, dsr_cor, usr, usr_cor, albedo, dlr, ulr, cc, t_surf, dlhf_u, dshf_u, z_boom_u, z_boom_cor_u, z_stake, z_stake_cor, z_pt, z_surf_combined, z_ice_surf, snow_height, t_i_1, t_i_2, t_i_3, t_i_4, t_i_5, t_i_6, t_i_7, t_i_8, d_t_i_1, d_t_i_2, d_t_i_3, d_t_i_4, d_t_i_5, d_t_i_6, d_t_i_7, d_t_i_8, t_i_10m, tilt_x, tilt_y, gps_lat, gps_lon, gps_alt, lat, lon, alt, batt_v, t_rad, t_i, rh_i_wrt_ice_or_water, wdir_i, wspd_y_i

New variables not in old files:


Old variables removed from new files:

 
![KPC_U](../figures/version_comparisons/V37_versus_thredds_day/KPC_U_0.png)
![KPC_U](../figures/version_comparisons/V37_versus_thredds_day/KPC_U_1.png)
![KPC_U](../figures/version_comparisons/V37_versus_thredds_day/KPC_U_2.png)
![KPC_U](../figures/version_comparisons/V37_versus_thredds_day/KPC_U_3.png)
![KPC_U](../figures/version_comparisons/V37_versus_thredds_day/KPC_U_4.png)
![KPC_U](../figures/version_comparisons/V37_versus_thredds_day/KPC_U_5.png)
![KPC_U](../figures/version_comparisons/V37_versus_thredds_day/KPC_U_6.png)
![KPC_U](../figures/version_comparisons/V37_versus_thredds_day/KPC_U_7.png)
![KPC_U](../figures/version_comparisons/V37_versus_thredds_day/KPC_U_8.png)
![KPC_U](../figures/version_comparisons/V37_versus_thredds_day/KPC_U_9.png)
![KPC_U](../figures/version_comparisons/V37_versus_thredds_day/KPC_U_10.png)
![KPC_U](../figures/version_comparisons/V37_versus_thredds_day/KPC_U_11.png)
 
## LYN_L
/media/ice/Baptiste/geussnow01/dataverse//V37/day/LYN_L_day.csv
Variables in new file:
p_u, t_u, rh_u, rh_u_wrt_ice_or_water, qh_u, wspd_u, wdir_u, wspd_x_u, wspd_y_u, z_boom_u, z_boom_cor_u, z_stake, z_stake_cor, z_surf_combined, z_ice_surf, snow_height, t_i_1, t_i_2, t_i_3, t_i_4, t_i_5, t_i_6, t_i_7, d_t_i_1, d_t_i_2, d_t_i_3, d_t_i_4, d_t_i_5, d_t_i_6, d_t_i_7, d_t_i_8, t_i_10m, tilt_x, tilt_y, gps_lat, gps_lon, gps_alt, lat, lon, alt, batt_v, t_rad, t_i, rh_i_wrt_ice_or_water, wdir_i, wspd_y_i

New variables not in old files:


Old variables removed from new files:

 
![LYN_L](../figures/version_comparisons/V37_versus_thredds_day/LYN_L_0.png)
![LYN_L](../figures/version_comparisons/V37_versus_thredds_day/LYN_L_1.png)
![LYN_L](../figures/version_comparisons/V37_versus_thredds_day/LYN_L_2.png)
![LYN_L](../figures/version_comparisons/V37_versus_thredds_day/LYN_L_3.png)
![LYN_L](../figures/version_comparisons/V37_versus_thredds_day/LYN_L_4.png)
![LYN_L](../figures/version_comparisons/V37_versus_thredds_day/LYN_L_5.png)
![LYN_L](../figures/version_comparisons/V37_versus_thredds_day/LYN_L_6.png)
![LYN_L](../figures/version_comparisons/V37_versus_thredds_day/LYN_L_7.png)
![LYN_L](../figures/version_comparisons/V37_versus_thredds_day/LYN_L_8.png)
![LYN_L](../figures/version_comparisons/V37_versus_thredds_day/LYN_L_9.png)
 
## LYN_T
/media/ice/Baptiste/geussnow01/dataverse//V37/day/LYN_T_day.csv
Variables in new file:
p_u, t_u, rh_u, rh_u_wrt_ice_or_water, qh_u, wspd_u, wdir_u, wspd_x_u, wspd_y_u, dsr, dsr_cor, usr, usr_cor, albedo, dlr, ulr, cc, t_surf, dlhf_u, dshf_u, z_boom_u, z_boom_cor_u, z_stake, z_stake_cor, z_surf_combined, z_ice_surf, snow_height, t_i_1, t_i_2, t_i_3, t_i_4, t_i_5, t_i_6, t_i_7, d_t_i_1, d_t_i_2, d_t_i_3, d_t_i_4, d_t_i_5, d_t_i_6, d_t_i_7, d_t_i_8, t_i_10m, tilt_x, tilt_y, gps_lat, gps_lon, gps_alt, lat, lon, alt, batt_v, t_rad

New variables not in old files:


Old variables removed from new files:

 
![LYN_T](../figures/version_comparisons/V37_versus_thredds_day/LYN_T_0.png)
![LYN_T](../figures/version_comparisons/V37_versus_thredds_day/LYN_T_1.png)
![LYN_T](../figures/version_comparisons/V37_versus_thredds_day/LYN_T_2.png)
![LYN_T](../figures/version_comparisons/V37_versus_thredds_day/LYN_T_3.png)
![LYN_T](../figures/version_comparisons/V37_versus_thredds_day/LYN_T_4.png)
![LYN_T](../figures/version_comparisons/V37_versus_thredds_day/LYN_T_5.png)
![LYN_T](../figures/version_comparisons/V37_versus_thredds_day/LYN_T_6.png)
![LYN_T](../figures/version_comparisons/V37_versus_thredds_day/LYN_T_7.png)
![LYN_T](../figures/version_comparisons/V37_versus_thredds_day/LYN_T_8.png)
![LYN_T](../figures/version_comparisons/V37_versus_thredds_day/LYN_T_9.png)
![LYN_T](../figures/version_comparisons/V37_versus_thredds_day/LYN_T_10.png)
 
## MIT
/media/ice/Baptiste/geussnow01/dataverse//V37/day/MIT_day.csv
Variables in new file:
p_u, t_u, rh_u, rh_u_wrt_ice_or_water, qh_u, wspd_u, wdir_u, wspd_x_u, wspd_y_u, dsr, dsr_cor, usr, usr_cor, albedo, dlr, ulr, cc, t_surf, dlhf_u, dshf_u, z_boom_u, z_boom_cor_u, z_stake, z_stake_cor, z_pt, z_pt_cor, z_surf_combined, z_ice_surf, snow_height, t_i_1, t_i_2, t_i_3, t_i_4, t_i_5, t_i_6, t_i_7, t_i_8, d_t_i_1, d_t_i_2, d_t_i_3, d_t_i_4, d_t_i_5, d_t_i_6, d_t_i_7, d_t_i_8, t_i_10m, tilt_x, tilt_y, gps_lat, gps_lon, gps_alt, lat, lon, alt, batt_v, t_rad, t_i, rh_i_wrt_ice_or_water, wdir_i, wspd_y_i

New variables not in old files:


Old variables removed from new files:

 
![MIT](../figures/version_comparisons/V37_versus_thredds_day/MIT_0.png)
![MIT](../figures/version_comparisons/V37_versus_thredds_day/MIT_1.png)
![MIT](../figures/version_comparisons/V37_versus_thredds_day/MIT_2.png)
![MIT](../figures/version_comparisons/V37_versus_thredds_day/MIT_3.png)
![MIT](../figures/version_comparisons/V37_versus_thredds_day/MIT_4.png)
![MIT](../figures/version_comparisons/V37_versus_thredds_day/MIT_5.png)
![MIT](../figures/version_comparisons/V37_versus_thredds_day/MIT_6.png)
![MIT](../figures/version_comparisons/V37_versus_thredds_day/MIT_7.png)
![MIT](../figures/version_comparisons/V37_versus_thredds_day/MIT_8.png)
![MIT](../figures/version_comparisons/V37_versus_thredds_day/MIT_9.png)
![MIT](../figures/version_comparisons/V37_versus_thredds_day/MIT_10.png)
![MIT](../figures/version_comparisons/V37_versus_thredds_day/MIT_11.png)
 
## NAE
/media/ice/Baptiste/geussnow01/dataverse//V37/day/NAE_day.csv
Variables in new file:
p_u, p_l, t_u, t_l, rh_u, rh_u_wrt_ice_or_water, qh_u, rh_l, rh_l_wrt_ice_or_water, qh_l, wspd_u, wspd_l, wdir_u, wdir_l, wspd_x_u, wspd_y_u, wspd_x_l, wspd_y_l, dsr, dsr_cor, usr, usr_cor, albedo, dlr, ulr, cc, t_surf, dlhf_u, dlhf_l, dshf_u, dshf_l, z_boom_u, z_boom_cor_u, z_boom_l, z_boom_cor_l, z_surf_combined, snow_height, rainfall_u, rainfall_cor_u, rainfall_l, rainfall_cor_l, t_i_1, t_i_2, t_i_3, t_i_4, t_i_5, t_i_6, t_i_7, t_i_8, t_i_9, t_i_10, t_i_11, d_t_i_1, d_t_i_2, d_t_i_3, d_t_i_4, d_t_i_5, d_t_i_6, d_t_i_7, d_t_i_8, d_t_i_9, d_t_i_10, d_t_i_11, t_i_10m, tilt_x, tilt_y, rot, gps_lat, gps_lon, gps_alt, lat, lon, alt, batt_v, t_rad, t_i, rh_i_wrt_ice_or_water, wdir_i, wspd_y_i

New variables not in old files:


Old variables removed from new files:

 
![NAE](../figures/version_comparisons/V37_versus_thredds_day/NAE_0.png)
![NAE](../figures/version_comparisons/V37_versus_thredds_day/NAE_1.png)
![NAE](../figures/version_comparisons/V37_versus_thredds_day/NAE_2.png)
![NAE](../figures/version_comparisons/V37_versus_thredds_day/NAE_3.png)
![NAE](../figures/version_comparisons/V37_versus_thredds_day/NAE_4.png)
![NAE](../figures/version_comparisons/V37_versus_thredds_day/NAE_5.png)
![NAE](../figures/version_comparisons/V37_versus_thredds_day/NAE_6.png)
![NAE](../figures/version_comparisons/V37_versus_thredds_day/NAE_7.png)
![NAE](../figures/version_comparisons/V37_versus_thredds_day/NAE_8.png)
![NAE](../figures/version_comparisons/V37_versus_thredds_day/NAE_9.png)
![NAE](../figures/version_comparisons/V37_versus_thredds_day/NAE_10.png)
![NAE](../figures/version_comparisons/V37_versus_thredds_day/NAE_11.png)
![NAE](../figures/version_comparisons/V37_versus_thredds_day/NAE_12.png)
![NAE](../figures/version_comparisons/V37_versus_thredds_day/NAE_13.png)
![NAE](../figures/version_comparisons/V37_versus_thredds_day/NAE_14.png)
![NAE](../figures/version_comparisons/V37_versus_thredds_day/NAE_15.png)
 
## NAU
/media/ice/Baptiste/geussnow01/dataverse//V37/day/NAU_day.csv
Variables in new file:
p_u, p_l, t_u, t_l, rh_u, rh_u_wrt_ice_or_water, qh_u, rh_l, rh_l_wrt_ice_or_water, qh_l, wspd_u, wspd_l, wdir_u, wdir_l, wspd_x_u, wspd_y_u, wspd_x_l, wspd_y_l, dsr, dsr_cor, usr, usr_cor, albedo, dlr, ulr, cc, t_surf, dlhf_u, dlhf_l, dshf_u, dshf_l, z_boom_u, z_boom_cor_u, z_boom_l, z_boom_cor_l, z_surf_combined, snow_height, rainfall_u, rainfall_cor_u, rainfall_l, rainfall_cor_l, t_i_1, t_i_2, t_i_3, t_i_4, t_i_5, t_i_6, t_i_7, t_i_8, t_i_9, t_i_10, t_i_11, d_t_i_1, d_t_i_2, d_t_i_3, d_t_i_4, d_t_i_5, d_t_i_6, d_t_i_7, d_t_i_8, d_t_i_9, d_t_i_10, d_t_i_11, t_i_10m, tilt_x, tilt_y, rot, gps_lat, gps_lon, gps_alt, lat, lon, alt, batt_v, t_rad, t_i, rh_i_wrt_ice_or_water, wdir_i, wspd_y_i

New variables not in old files:


Old variables removed from new files:

 
![NAU](../figures/version_comparisons/V37_versus_thredds_day/NAU_0.png)
![NAU](../figures/version_comparisons/V37_versus_thredds_day/NAU_1.png)
![NAU](../figures/version_comparisons/V37_versus_thredds_day/NAU_2.png)
![NAU](../figures/version_comparisons/V37_versus_thredds_day/NAU_3.png)
![NAU](../figures/version_comparisons/V37_versus_thredds_day/NAU_4.png)
![NAU](../figures/version_comparisons/V37_versus_thredds_day/NAU_5.png)
![NAU](../figures/version_comparisons/V37_versus_thredds_day/NAU_6.png)
![NAU](../figures/version_comparisons/V37_versus_thredds_day/NAU_7.png)
![NAU](../figures/version_comparisons/V37_versus_thredds_day/NAU_8.png)
![NAU](../figures/version_comparisons/V37_versus_thredds_day/NAU_9.png)
![NAU](../figures/version_comparisons/V37_versus_thredds_day/NAU_10.png)
![NAU](../figures/version_comparisons/V37_versus_thredds_day/NAU_11.png)
![NAU](../figures/version_comparisons/V37_versus_thredds_day/NAU_12.png)
![NAU](../figures/version_comparisons/V37_versus_thredds_day/NAU_13.png)
![NAU](../figures/version_comparisons/V37_versus_thredds_day/NAU_14.png)
![NAU](../figures/version_comparisons/V37_versus_thredds_day/NAU_15.png)
 
## NEM
/media/ice/Baptiste/geussnow01/dataverse//V37/day/NEM_day.csv
Variables in new file:
p_u, p_l, t_u, t_l, rh_u, rh_u_wrt_ice_or_water, qh_u, rh_l, rh_l_wrt_ice_or_water, qh_l, wspd_u, wspd_l, wdir_u, wdir_l, wspd_x_u, wspd_y_u, wspd_x_l, wspd_y_l, dsr, dsr_cor, usr, usr_cor, albedo, dlr, ulr, cc, t_surf, dlhf_u, dlhf_l, dshf_u, dshf_l, z_boom_u, z_boom_cor_u, z_boom_l, z_boom_cor_l, z_surf_combined, snow_height, rainfall_u, rainfall_cor_u, rainfall_l, rainfall_cor_l, t_i_1, t_i_2, t_i_3, t_i_4, t_i_5, t_i_6, t_i_7, t_i_8, t_i_9, t_i_10, t_i_11, d_t_i_1, d_t_i_2, d_t_i_3, d_t_i_4, d_t_i_5, d_t_i_6, d_t_i_7, d_t_i_8, d_t_i_9, d_t_i_10, d_t_i_11, t_i_10m, tilt_x, tilt_y, rot, gps_lat, gps_lon, gps_alt, lat, lon, alt, batt_v, t_rad, t_i, rh_i_wrt_ice_or_water, wdir_i, wspd_y_i

New variables not in old files:


Old variables removed from new files:

 
![NEM](../figures/version_comparisons/V37_versus_thredds_day/NEM_0.png)
![NEM](../figures/version_comparisons/V37_versus_thredds_day/NEM_1.png)
![NEM](../figures/version_comparisons/V37_versus_thredds_day/NEM_2.png)
![NEM](../figures/version_comparisons/V37_versus_thredds_day/NEM_3.png)
![NEM](../figures/version_comparisons/V37_versus_thredds_day/NEM_4.png)
![NEM](../figures/version_comparisons/V37_versus_thredds_day/NEM_5.png)
![NEM](../figures/version_comparisons/V37_versus_thredds_day/NEM_6.png)
![NEM](../figures/version_comparisons/V37_versus_thredds_day/NEM_7.png)
![NEM](../figures/version_comparisons/V37_versus_thredds_day/NEM_8.png)
![NEM](../figures/version_comparisons/V37_versus_thredds_day/NEM_9.png)
![NEM](../figures/version_comparisons/V37_versus_thredds_day/NEM_10.png)
![NEM](../figures/version_comparisons/V37_versus_thredds_day/NEM_11.png)
![NEM](../figures/version_comparisons/V37_versus_thredds_day/NEM_12.png)
![NEM](../figures/version_comparisons/V37_versus_thredds_day/NEM_13.png)
![NEM](../figures/version_comparisons/V37_versus_thredds_day/NEM_14.png)
![NEM](../figures/version_comparisons/V37_versus_thredds_day/NEM_15.png)
 
## NSE
/media/ice/Baptiste/geussnow01/dataverse//V37/day/NSE_day.csv
Variables in new file:
p_u, p_l, t_u, t_l, rh_u, rh_u_wrt_ice_or_water, qh_u, rh_l, rh_l_wrt_ice_or_water, qh_l, wspd_u, wspd_l, wdir_u, wdir_l, wspd_x_u, wspd_y_u, wspd_x_l, wspd_y_l, dsr, dsr_cor, usr, usr_cor, albedo, dlr, ulr, cc, t_surf, dlhf_u, dlhf_l, dshf_u, dshf_l, z_boom_u, z_boom_cor_u, z_boom_l, z_boom_cor_l, z_surf_combined, snow_height, rainfall_u, rainfall_cor_u, rainfall_l, rainfall_cor_l, t_i_1, t_i_2, t_i_3, t_i_4, t_i_5, t_i_6, t_i_7, t_i_8, t_i_9, t_i_10, t_i_11, d_t_i_1, d_t_i_2, d_t_i_3, d_t_i_4, d_t_i_5, d_t_i_6, d_t_i_7, d_t_i_8, d_t_i_9, d_t_i_10, d_t_i_11, t_i_10m, tilt_x, tilt_y, rot, gps_lat, gps_lon, gps_alt, lat, lon, alt, batt_v, t_rad, t_i, rh_i_wrt_ice_or_water, wdir_i, wspd_y_i

New variables not in old files:


Old variables removed from new files:

 
![NSE](../figures/version_comparisons/V37_versus_thredds_day/NSE_0.png)
![NSE](../figures/version_comparisons/V37_versus_thredds_day/NSE_1.png)
![NSE](../figures/version_comparisons/V37_versus_thredds_day/NSE_2.png)
![NSE](../figures/version_comparisons/V37_versus_thredds_day/NSE_3.png)
![NSE](../figures/version_comparisons/V37_versus_thredds_day/NSE_4.png)
![NSE](../figures/version_comparisons/V37_versus_thredds_day/NSE_5.png)
![NSE](../figures/version_comparisons/V37_versus_thredds_day/NSE_6.png)
![NSE](../figures/version_comparisons/V37_versus_thredds_day/NSE_7.png)
![NSE](../figures/version_comparisons/V37_versus_thredds_day/NSE_8.png)
![NSE](../figures/version_comparisons/V37_versus_thredds_day/NSE_9.png)
![NSE](../figures/version_comparisons/V37_versus_thredds_day/NSE_10.png)
![NSE](../figures/version_comparisons/V37_versus_thredds_day/NSE_11.png)
![NSE](../figures/version_comparisons/V37_versus_thredds_day/NSE_12.png)
![NSE](../figures/version_comparisons/V37_versus_thredds_day/NSE_13.png)
![NSE](../figures/version_comparisons/V37_versus_thredds_day/NSE_14.png)
![NSE](../figures/version_comparisons/V37_versus_thredds_day/NSE_15.png)
 
## NUK_B
/media/ice/Baptiste/geussnow01/dataverse//V37/day/NUK_B_day.csv
Variables in new file:
p_u, t_u, rh_u, rh_u_wrt_ice_or_water, qh_u, wspd_u, wdir_u, wspd_x_u, wspd_y_u, dsr, usr, albedo, dlr, ulr, t_surf, z_boom_u, z_boom_cor_u, z_surf_combined, snow_height, rainfall_u, rainfall_cor_u, tilt_x, tilt_y, rot, gps_lat, gps_lon, gps_alt, lat, lon, alt, batt_v, t_rad, t_i, rh_i_wrt_ice_or_water, wdir_i, wspd_y_i

New variables not in old files:


Old variables removed from new files:

 
![NUK_B](../figures/version_comparisons/V37_versus_thredds_day/NUK_B_0.png)
![NUK_B](../figures/version_comparisons/V37_versus_thredds_day/NUK_B_1.png)
![NUK_B](../figures/version_comparisons/V37_versus_thredds_day/NUK_B_2.png)
![NUK_B](../figures/version_comparisons/V37_versus_thredds_day/NUK_B_3.png)
![NUK_B](../figures/version_comparisons/V37_versus_thredds_day/NUK_B_4.png)
![NUK_B](../figures/version_comparisons/V37_versus_thredds_day/NUK_B_5.png)
![NUK_B](../figures/version_comparisons/V37_versus_thredds_day/NUK_B_6.png)
![NUK_B](../figures/version_comparisons/V37_versus_thredds_day/NUK_B_7.png)
 
## NUK_K
/media/ice/Baptiste/geussnow01/dataverse//V37/day/NUK_K_day.csv
Variables in new file:
p_u, t_u, rh_u, rh_u_wrt_ice_or_water, qh_u, wspd_u, wdir_u, wspd_x_u, wspd_y_u, dsr, dsr_cor, usr, usr_cor, albedo, dlr, ulr, cc, t_surf, dlhf_u, dshf_u, z_boom_u, z_boom_cor_u, z_stake, z_stake_cor, z_pt, z_pt_cor, z_surf_combined, z_ice_surf, snow_height, rainfall_u, rainfall_cor_u, t_i_1, t_i_2, t_i_3, t_i_4, t_i_5, t_i_6, t_i_7, t_i_8, d_t_i_1, d_t_i_2, d_t_i_3, d_t_i_4, d_t_i_5, d_t_i_6, d_t_i_7, d_t_i_8, t_i_10m, tilt_x, tilt_y, rot, gps_lat, gps_lon, gps_alt, lat, lon, alt, batt_v, t_rad, t_i, rh_i_wrt_ice_or_water, wdir_i, wspd_y_i

New variables not in old files:


Old variables removed from new files:

 
![NUK_K](../figures/version_comparisons/V37_versus_thredds_day/NUK_K_0.png)
![NUK_K](../figures/version_comparisons/V37_versus_thredds_day/NUK_K_1.png)
![NUK_K](../figures/version_comparisons/V37_versus_thredds_day/NUK_K_2.png)
![NUK_K](../figures/version_comparisons/V37_versus_thredds_day/NUK_K_3.png)
![NUK_K](../figures/version_comparisons/V37_versus_thredds_day/NUK_K_4.png)
![NUK_K](../figures/version_comparisons/V37_versus_thredds_day/NUK_K_5.png)
![NUK_K](../figures/version_comparisons/V37_versus_thredds_day/NUK_K_6.png)
![NUK_K](../figures/version_comparisons/V37_versus_thredds_day/NUK_K_7.png)
![NUK_K](../figures/version_comparisons/V37_versus_thredds_day/NUK_K_8.png)
![NUK_K](../figures/version_comparisons/V37_versus_thredds_day/NUK_K_9.png)
![NUK_K](../figures/version_comparisons/V37_versus_thredds_day/NUK_K_10.png)
![NUK_K](../figures/version_comparisons/V37_versus_thredds_day/NUK_K_11.png)
![NUK_K](../figures/version_comparisons/V37_versus_thredds_day/NUK_K_12.png)
 
## NUK_L
/media/ice/Baptiste/geussnow01/dataverse//V37/day/NUK_L_day.csv
Variables in new file:
p_u, t_u, rh_u, rh_u_wrt_ice_or_water, qh_u, wspd_u, wdir_u, wspd_x_u, wspd_y_u, dsr, dsr_cor, usr, usr_cor, albedo, dlr, ulr, cc, t_surf, dlhf_u, dshf_u, z_boom_u, z_boom_cor_u, z_stake, z_stake_cor, z_pt, z_pt_cor, z_surf_combined, z_ice_surf, snow_height, rainfall_u, rainfall_cor_u, t_i_1, t_i_2, t_i_3, t_i_4, t_i_5, t_i_6, t_i_7, t_i_8, d_t_i_1, d_t_i_2, d_t_i_3, d_t_i_4, d_t_i_5, d_t_i_6, d_t_i_7, d_t_i_8, t_i_10m, tilt_x, tilt_y, rot, gps_lat, gps_lon, gps_alt, lat, lon, alt, batt_v, t_rad, t_i, rh_i_wrt_ice_or_water, wdir_i, wspd_y_i

New variables not in old files:


Old variables removed from new files:

 
![NUK_L](../figures/version_comparisons/V37_versus_thredds_day/NUK_L_0.png)
![NUK_L](../figures/version_comparisons/V37_versus_thredds_day/NUK_L_1.png)
![NUK_L](../figures/version_comparisons/V37_versus_thredds_day/NUK_L_2.png)
![NUK_L](../figures/version_comparisons/V37_versus_thredds_day/NUK_L_3.png)
![NUK_L](../figures/version_comparisons/V37_versus_thredds_day/NUK_L_4.png)
![NUK_L](../figures/version_comparisons/V37_versus_thredds_day/NUK_L_5.png)
![NUK_L](../figures/version_comparisons/V37_versus_thredds_day/NUK_L_6.png)
![NUK_L](../figures/version_comparisons/V37_versus_thredds_day/NUK_L_7.png)
![NUK_L](../figures/version_comparisons/V37_versus_thredds_day/NUK_L_8.png)
![NUK_L](../figures/version_comparisons/V37_versus_thredds_day/NUK_L_9.png)
![NUK_L](../figures/version_comparisons/V37_versus_thredds_day/NUK_L_10.png)
![NUK_L](../figures/version_comparisons/V37_versus_thredds_day/NUK_L_11.png)
![NUK_L](../figures/version_comparisons/V37_versus_thredds_day/NUK_L_12.png)
 
## NUK_N
/media/ice/Baptiste/geussnow01/dataverse//V37/day/NUK_N_day.csv
Variables in new file:
p_u, t_u, rh_u, rh_u_wrt_ice_or_water, qh_u, wspd_u, wdir_u, wspd_x_u, wspd_y_u, dsr, dsr_cor, usr, usr_cor, albedo, dlr, ulr, cc, t_surf, dlhf_u, dshf_u, z_boom_u, z_boom_cor_u, z_stake, z_stake_cor, z_pt, z_pt_cor, z_surf_combined, z_ice_surf, snow_height, t_i_1, t_i_2, t_i_3, t_i_4, t_i_5, t_i_6, t_i_7, t_i_8, d_t_i_1, d_t_i_2, d_t_i_3, d_t_i_4, d_t_i_5, d_t_i_6, d_t_i_7, d_t_i_8, t_i_10m, tilt_x, tilt_y, gps_lat, gps_lon, gps_alt, lat, lon, alt, batt_v, t_rad, t_i, rh_i_wrt_ice_or_water, wdir_i, wspd_y_i

New variables not in old files:


Old variables removed from new files:

 
![NUK_N](../figures/version_comparisons/V37_versus_thredds_day/NUK_N_0.png)
![NUK_N](../figures/version_comparisons/V37_versus_thredds_day/NUK_N_1.png)
![NUK_N](../figures/version_comparisons/V37_versus_thredds_day/NUK_N_2.png)
![NUK_N](../figures/version_comparisons/V37_versus_thredds_day/NUK_N_3.png)
![NUK_N](../figures/version_comparisons/V37_versus_thredds_day/NUK_N_4.png)
![NUK_N](../figures/version_comparisons/V37_versus_thredds_day/NUK_N_5.png)
![NUK_N](../figures/version_comparisons/V37_versus_thredds_day/NUK_N_6.png)
![NUK_N](../figures/version_comparisons/V37_versus_thredds_day/NUK_N_7.png)
![NUK_N](../figures/version_comparisons/V37_versus_thredds_day/NUK_N_8.png)
![NUK_N](../figures/version_comparisons/V37_versus_thredds_day/NUK_N_9.png)
![NUK_N](../figures/version_comparisons/V37_versus_thredds_day/NUK_N_10.png)
![NUK_N](../figures/version_comparisons/V37_versus_thredds_day/NUK_N_11.png)
 
## NUK_U
/media/ice/Baptiste/geussnow01/dataverse//V37/day/NUK_U_day.csv
Variables in new file:
p_u, t_u, rh_u, rh_u_wrt_ice_or_water, qh_u, wspd_u, wdir_u, wspd_x_u, wspd_y_u, dsr, dsr_cor, usr, usr_cor, albedo, dlr, ulr, cc, t_surf, dlhf_u, dshf_u, z_boom_u, z_boom_cor_u, z_stake, z_stake_cor, z_pt, z_pt_cor, z_surf_combined, z_ice_surf, snow_height, rainfall_u, rainfall_cor_u, t_i_1, t_i_2, t_i_3, t_i_4, t_i_5, t_i_6, t_i_7, t_i_8, d_t_i_1, d_t_i_2, d_t_i_3, d_t_i_4, d_t_i_5, d_t_i_6, d_t_i_7, d_t_i_8, t_i_10m, tilt_x, tilt_y, rot, gps_lat, gps_lon, gps_alt, lat, lon, alt, batt_v, t_rad, t_i, rh_i_wrt_ice_or_water, wdir_i, wspd_y_i

New variables not in old files:


Old variables removed from new files:

 
![NUK_U](../figures/version_comparisons/V37_versus_thredds_day/NUK_U_0.png)
![NUK_U](../figures/version_comparisons/V37_versus_thredds_day/NUK_U_1.png)
![NUK_U](../figures/version_comparisons/V37_versus_thredds_day/NUK_U_2.png)
![NUK_U](../figures/version_comparisons/V37_versus_thredds_day/NUK_U_3.png)
![NUK_U](../figures/version_comparisons/V37_versus_thredds_day/NUK_U_4.png)
![NUK_U](../figures/version_comparisons/V37_versus_thredds_day/NUK_U_5.png)
![NUK_U](../figures/version_comparisons/V37_versus_thredds_day/NUK_U_6.png)
![NUK_U](../figures/version_comparisons/V37_versus_thredds_day/NUK_U_7.png)
![NUK_U](../figures/version_comparisons/V37_versus_thredds_day/NUK_U_8.png)
![NUK_U](../figures/version_comparisons/V37_versus_thredds_day/NUK_U_9.png)
![NUK_U](../figures/version_comparisons/V37_versus_thredds_day/NUK_U_10.png)
![NUK_U](../figures/version_comparisons/V37_versus_thredds_day/NUK_U_11.png)
![NUK_U](../figures/version_comparisons/V37_versus_thredds_day/NUK_U_12.png)
 
## QAS_A
/media/ice/Baptiste/geussnow01/dataverse//V37/day/QAS_A_day.csv
Variables in new file:
p_u, t_u, rh_u, rh_u_wrt_ice_or_water, qh_u, wspd_u, wdir_u, wspd_x_u, wspd_y_u, dsr, dsr_cor, usr, usr_cor, albedo, dlr, ulr, cc, t_surf, dlhf_u, dshf_u, z_boom_u, z_boom_cor_u, z_stake, z_stake_cor, z_surf_combined, z_ice_surf, snow_height, t_i_1, t_i_2, t_i_3, t_i_4, t_i_5, t_i_6, t_i_7, t_i_8, d_t_i_1, d_t_i_2, d_t_i_3, d_t_i_4, d_t_i_5, d_t_i_6, d_t_i_7, d_t_i_8, t_i_10m, tilt_x, tilt_y, gps_lat, gps_lon, gps_alt, lat, lon, alt, batt_v, t_rad, t_i, rh_i_wrt_ice_or_water, wdir_i, wspd_y_i

New variables not in old files:


Old variables removed from new files:

 
![QAS_A](../figures/version_comparisons/V37_versus_thredds_day/QAS_A_0.png)
![QAS_A](../figures/version_comparisons/V37_versus_thredds_day/QAS_A_1.png)
![QAS_A](../figures/version_comparisons/V37_versus_thredds_day/QAS_A_2.png)
![QAS_A](../figures/version_comparisons/V37_versus_thredds_day/QAS_A_3.png)
![QAS_A](../figures/version_comparisons/V37_versus_thredds_day/QAS_A_4.png)
![QAS_A](../figures/version_comparisons/V37_versus_thredds_day/QAS_A_5.png)
![QAS_A](../figures/version_comparisons/V37_versus_thredds_day/QAS_A_6.png)
![QAS_A](../figures/version_comparisons/V37_versus_thredds_day/QAS_A_7.png)
![QAS_A](../figures/version_comparisons/V37_versus_thredds_day/QAS_A_8.png)
![QAS_A](../figures/version_comparisons/V37_versus_thredds_day/QAS_A_9.png)
![QAS_A](../figures/version_comparisons/V37_versus_thredds_day/QAS_A_10.png)
![QAS_A](../figures/version_comparisons/V37_versus_thredds_day/QAS_A_11.png)
 
## QAS_L
/media/ice/Baptiste/geussnow01/dataverse//V37/day/QAS_L_day.csv
Variables in new file:
p_u, t_u, rh_u, rh_u_wrt_ice_or_water, qh_u, wspd_u, wdir_u, wspd_x_u, wspd_y_u, dsr, dsr_cor, usr, usr_cor, albedo, dlr, ulr, cc, t_surf, dlhf_u, dshf_u, z_boom_u, z_boom_cor_u, z_stake, z_stake_cor, z_pt, z_pt_cor, z_surf_combined, z_ice_surf, snow_height, rainfall_u, rainfall_cor_u, t_i_1, t_i_2, t_i_3, t_i_4, t_i_5, t_i_6, t_i_7, t_i_8, d_t_i_1, d_t_i_2, d_t_i_3, d_t_i_4, d_t_i_5, d_t_i_6, d_t_i_7, d_t_i_8, t_i_10m, tilt_x, tilt_y, rot, gps_lat, gps_lon, gps_alt, lat, lon, alt, batt_v, t_rad, t_i, rh_i_wrt_ice_or_water, wdir_i, wspd_y_i

New variables not in old files:


Old variables removed from new files:

 
![QAS_L](../figures/version_comparisons/V37_versus_thredds_day/QAS_L_0.png)
![QAS_L](../figures/version_comparisons/V37_versus_thredds_day/QAS_L_1.png)
![QAS_L](../figures/version_comparisons/V37_versus_thredds_day/QAS_L_2.png)
![QAS_L](../figures/version_comparisons/V37_versus_thredds_day/QAS_L_3.png)
![QAS_L](../figures/version_comparisons/V37_versus_thredds_day/QAS_L_4.png)
![QAS_L](../figures/version_comparisons/V37_versus_thredds_day/QAS_L_5.png)
![QAS_L](../figures/version_comparisons/V37_versus_thredds_day/QAS_L_6.png)
![QAS_L](../figures/version_comparisons/V37_versus_thredds_day/QAS_L_7.png)
![QAS_L](../figures/version_comparisons/V37_versus_thredds_day/QAS_L_8.png)
![QAS_L](../figures/version_comparisons/V37_versus_thredds_day/QAS_L_9.png)
![QAS_L](../figures/version_comparisons/V37_versus_thredds_day/QAS_L_10.png)
![QAS_L](../figures/version_comparisons/V37_versus_thredds_day/QAS_L_11.png)
![QAS_L](../figures/version_comparisons/V37_versus_thredds_day/QAS_L_12.png)
 
## QAS_M
/media/ice/Baptiste/geussnow01/dataverse//V37/day/QAS_M_day.csv
Variables in new file:
p_u, t_u, rh_u, rh_u_wrt_ice_or_water, qh_u, wspd_u, wdir_u, wspd_x_u, wspd_y_u, dsr, dsr_cor, usr, usr_cor, albedo, dlr, ulr, cc, t_surf, dlhf_u, dshf_u, z_boom_u, z_boom_cor_u, z_stake, z_stake_cor, z_pt, z_pt_cor, z_surf_combined, z_ice_surf, snow_height, rainfall_u, rainfall_cor_u, t_i_1, t_i_2, t_i_3, t_i_4, t_i_5, t_i_6, t_i_7, t_i_8, d_t_i_1, d_t_i_2, d_t_i_3, d_t_i_4, d_t_i_5, d_t_i_6, d_t_i_7, d_t_i_8, t_i_10m, tilt_x, tilt_y, rot, gps_lat, gps_lon, gps_alt, lat, lon, alt, batt_v, t_rad, t_i, rh_i_wrt_ice_or_water, wdir_i, wspd_y_i

New variables not in old files:


Old variables removed from new files:

 
![QAS_M](../figures/version_comparisons/V37_versus_thredds_day/QAS_M_0.png)
![QAS_M](../figures/version_comparisons/V37_versus_thredds_day/QAS_M_1.png)
![QAS_M](../figures/version_comparisons/V37_versus_thredds_day/QAS_M_2.png)
![QAS_M](../figures/version_comparisons/V37_versus_thredds_day/QAS_M_3.png)
![QAS_M](../figures/version_comparisons/V37_versus_thredds_day/QAS_M_4.png)
![QAS_M](../figures/version_comparisons/V37_versus_thredds_day/QAS_M_5.png)
![QAS_M](../figures/version_comparisons/V37_versus_thredds_day/QAS_M_6.png)
![QAS_M](../figures/version_comparisons/V37_versus_thredds_day/QAS_M_7.png)
![QAS_M](../figures/version_comparisons/V37_versus_thredds_day/QAS_M_8.png)
![QAS_M](../figures/version_comparisons/V37_versus_thredds_day/QAS_M_9.png)
![QAS_M](../figures/version_comparisons/V37_versus_thredds_day/QAS_M_10.png)
![QAS_M](../figures/version_comparisons/V37_versus_thredds_day/QAS_M_11.png)
![QAS_M](../figures/version_comparisons/V37_versus_thredds_day/QAS_M_12.png)
 
## QAS_U
/media/ice/Baptiste/geussnow01/dataverse//V37/day/QAS_U_day.csv
Variables in new file:
p_u, t_u, rh_u, rh_u_wrt_ice_or_water, qh_u, wspd_u, wdir_u, wspd_x_u, wspd_y_u, dsr, dsr_cor, usr, usr_cor, albedo, dlr, ulr, cc, t_surf, dlhf_u, dshf_u, z_boom_u, z_boom_cor_u, z_stake, z_stake_cor, z_pt, z_pt_cor, z_surf_combined, z_ice_surf, snow_height, rainfall_u, rainfall_cor_u, t_i_1, t_i_2, t_i_3, t_i_4, t_i_5, t_i_6, t_i_7, t_i_8, d_t_i_1, d_t_i_2, d_t_i_3, d_t_i_4, d_t_i_5, d_t_i_6, d_t_i_7, d_t_i_8, t_i_10m, tilt_x, tilt_y, rot, gps_lat, gps_lon, gps_alt, lat, lon, alt, batt_v, t_rad, t_i, rh_i_wrt_ice_or_water, wdir_i, wspd_y_i

New variables not in old files:


Old variables removed from new files:

 
![QAS_U](../figures/version_comparisons/V37_versus_thredds_day/QAS_U_0.png)
![QAS_U](../figures/version_comparisons/V37_versus_thredds_day/QAS_U_1.png)
![QAS_U](../figures/version_comparisons/V37_versus_thredds_day/QAS_U_2.png)
![QAS_U](../figures/version_comparisons/V37_versus_thredds_day/QAS_U_3.png)
![QAS_U](../figures/version_comparisons/V37_versus_thredds_day/QAS_U_4.png)
![QAS_U](../figures/version_comparisons/V37_versus_thredds_day/QAS_U_5.png)
![QAS_U](../figures/version_comparisons/V37_versus_thredds_day/QAS_U_6.png)
![QAS_U](../figures/version_comparisons/V37_versus_thredds_day/QAS_U_7.png)
![QAS_U](../figures/version_comparisons/V37_versus_thredds_day/QAS_U_8.png)
![QAS_U](../figures/version_comparisons/V37_versus_thredds_day/QAS_U_9.png)
![QAS_U](../figures/version_comparisons/V37_versus_thredds_day/QAS_U_10.png)
![QAS_U](../figures/version_comparisons/V37_versus_thredds_day/QAS_U_11.png)
![QAS_U](../figures/version_comparisons/V37_versus_thredds_day/QAS_U_12.png)
 
## RED_L
/media/ice/Baptiste/geussnow01/dataverse//V37/day/RED_L_day.csv
Variables in new file:
p_u, t_u, rh_u, rh_u_wrt_ice_or_water, qh_u, wspd_u, wdir_u, wspd_x_u, wspd_y_u, dsr, dsr_cor, usr, usr_cor, albedo, dlr, ulr, cc, t_surf, dlhf_u, dshf_u, z_boom_u, z_boom_cor_u, z_stake, z_stake_cor, z_pt, z_surf_combined, z_ice_surf, snow_height, rainfall_u, rainfall_cor_u, t_i_1, t_i_2, t_i_3, t_i_4, t_i_5, t_i_6, t_i_7, t_i_8, d_t_i_1, d_t_i_2, d_t_i_3, d_t_i_4, d_t_i_5, d_t_i_6, d_t_i_7, d_t_i_8, t_i_10m, tilt_x, tilt_y, rot, gps_lat, gps_lon, gps_alt, lat, lon, alt, batt_v, t_rad, t_i, rh_i_wrt_ice_or_water, wdir_i, wspd_y_i

New variables not in old files:


Old variables removed from new files:

 
![RED_L](../figures/version_comparisons/V37_versus_thredds_day/RED_L_0.png)
![RED_L](../figures/version_comparisons/V37_versus_thredds_day/RED_L_1.png)
![RED_L](../figures/version_comparisons/V37_versus_thredds_day/RED_L_2.png)
![RED_L](../figures/version_comparisons/V37_versus_thredds_day/RED_L_3.png)
![RED_L](../figures/version_comparisons/V37_versus_thredds_day/RED_L_4.png)
![RED_L](../figures/version_comparisons/V37_versus_thredds_day/RED_L_5.png)
![RED_L](../figures/version_comparisons/V37_versus_thredds_day/RED_L_6.png)
![RED_L](../figures/version_comparisons/V37_versus_thredds_day/RED_L_7.png)
![RED_L](../figures/version_comparisons/V37_versus_thredds_day/RED_L_8.png)
![RED_L](../figures/version_comparisons/V37_versus_thredds_day/RED_L_9.png)
![RED_L](../figures/version_comparisons/V37_versus_thredds_day/RED_L_10.png)
![RED_L](../figures/version_comparisons/V37_versus_thredds_day/RED_L_11.png)
![RED_L](../figures/version_comparisons/V37_versus_thredds_day/RED_L_12.png)
 
## SCO_L
/media/ice/Baptiste/geussnow01/dataverse//V37/day/SCO_L_day.csv
Variables in new file:
p_u, t_u, rh_u, rh_u_wrt_ice_or_water, qh_u, wspd_u, wdir_u, wspd_x_u, wspd_y_u, dsr, dsr_cor, usr, usr_cor, albedo, dlr, ulr, cc, t_surf, dlhf_u, dshf_u, z_boom_u, z_boom_cor_u, z_stake, z_stake_cor, z_pt, z_pt_cor, z_surf_combined, z_ice_surf, snow_height, rainfall_u, rainfall_cor_u, t_i_1, t_i_2, t_i_3, t_i_4, t_i_5, t_i_6, t_i_7, t_i_8, d_t_i_1, d_t_i_2, d_t_i_3, d_t_i_4, d_t_i_5, d_t_i_6, d_t_i_7, d_t_i_8, t_i_10m, tilt_x, tilt_y, rot, gps_lat, gps_lon, gps_alt, lat, lon, alt, batt_v, t_rad, t_i, rh_i_wrt_ice_or_water, wdir_i, wspd_y_i

New variables not in old files:


Old variables removed from new files:

 
![SCO_L](../figures/version_comparisons/V37_versus_thredds_day/SCO_L_0.png)
![SCO_L](../figures/version_comparisons/V37_versus_thredds_day/SCO_L_1.png)
![SCO_L](../figures/version_comparisons/V37_versus_thredds_day/SCO_L_2.png)
![SCO_L](../figures/version_comparisons/V37_versus_thredds_day/SCO_L_3.png)
![SCO_L](../figures/version_comparisons/V37_versus_thredds_day/SCO_L_4.png)
![SCO_L](../figures/version_comparisons/V37_versus_thredds_day/SCO_L_5.png)
![SCO_L](../figures/version_comparisons/V37_versus_thredds_day/SCO_L_6.png)
![SCO_L](../figures/version_comparisons/V37_versus_thredds_day/SCO_L_7.png)
![SCO_L](../figures/version_comparisons/V37_versus_thredds_day/SCO_L_8.png)
![SCO_L](../figures/version_comparisons/V37_versus_thredds_day/SCO_L_9.png)
![SCO_L](../figures/version_comparisons/V37_versus_thredds_day/SCO_L_10.png)
![SCO_L](../figures/version_comparisons/V37_versus_thredds_day/SCO_L_11.png)
![SCO_L](../figures/version_comparisons/V37_versus_thredds_day/SCO_L_12.png)
 
## SCO_U
/media/ice/Baptiste/geussnow01/dataverse//V37/day/SCO_U_day.csv
Variables in new file:
p_u, t_u, rh_u, rh_u_wrt_ice_or_water, qh_u, wspd_u, wdir_u, wspd_x_u, wspd_y_u, dsr, dsr_cor, usr, usr_cor, albedo, dlr, ulr, cc, t_surf, dlhf_u, dshf_u, z_boom_u, z_boom_cor_u, z_stake, z_stake_cor, z_pt, z_pt_cor, z_surf_combined, z_ice_surf, snow_height, rainfall_u, rainfall_cor_u, t_i_1, t_i_2, t_i_3, t_i_4, t_i_5, t_i_6, t_i_7, t_i_8, d_t_i_1, d_t_i_2, d_t_i_3, d_t_i_4, d_t_i_5, d_t_i_6, d_t_i_7, d_t_i_8, t_i_10m, tilt_x, tilt_y, rot, gps_lat, gps_lon, gps_alt, lat, lon, alt, batt_v, t_rad, t_i, rh_i_wrt_ice_or_water, wdir_i, wspd_y_i

New variables not in old files:


Old variables removed from new files:

 
![SCO_U](../figures/version_comparisons/V37_versus_thredds_day/SCO_U_0.png)
![SCO_U](../figures/version_comparisons/V37_versus_thredds_day/SCO_U_1.png)
![SCO_U](../figures/version_comparisons/V37_versus_thredds_day/SCO_U_2.png)
![SCO_U](../figures/version_comparisons/V37_versus_thredds_day/SCO_U_3.png)
![SCO_U](../figures/version_comparisons/V37_versus_thredds_day/SCO_U_4.png)
![SCO_U](../figures/version_comparisons/V37_versus_thredds_day/SCO_U_5.png)
![SCO_U](../figures/version_comparisons/V37_versus_thredds_day/SCO_U_6.png)
![SCO_U](../figures/version_comparisons/V37_versus_thredds_day/SCO_U_7.png)
![SCO_U](../figures/version_comparisons/V37_versus_thredds_day/SCO_U_8.png)
![SCO_U](../figures/version_comparisons/V37_versus_thredds_day/SCO_U_9.png)
![SCO_U](../figures/version_comparisons/V37_versus_thredds_day/SCO_U_10.png)
![SCO_U](../figures/version_comparisons/V37_versus_thredds_day/SCO_U_11.png)
![SCO_U](../figures/version_comparisons/V37_versus_thredds_day/SCO_U_12.png)
 
## SDL
/media/ice/Baptiste/geussnow01/dataverse//V37/day/SDL_day.csv
Variables in new file:
p_u, p_l, t_u, t_l, rh_u, rh_u_wrt_ice_or_water, qh_u, rh_l, rh_l_wrt_ice_or_water, qh_l, wspd_u, wspd_l, wdir_u, wdir_l, wspd_x_u, wspd_y_u, wspd_x_l, wspd_y_l, dsr, dsr_cor, usr, usr_cor, albedo, dlr, ulr, cc, t_surf, dlhf_u, dlhf_l, dshf_u, dshf_l, z_boom_u, z_boom_cor_u, z_boom_l, z_boom_cor_l, z_surf_combined, snow_height, rainfall_u, rainfall_cor_u, rainfall_l, rainfall_cor_l, t_i_1, t_i_2, t_i_3, t_i_4, t_i_5, t_i_6, t_i_7, t_i_8, t_i_9, t_i_10, t_i_11, d_t_i_1, d_t_i_2, d_t_i_3, d_t_i_4, d_t_i_5, d_t_i_6, d_t_i_7, d_t_i_8, d_t_i_9, d_t_i_10, d_t_i_11, t_i_10m, tilt_x, tilt_y, rot, gps_lat, gps_lon, gps_alt, lat, lon, alt, batt_v, t_rad, t_i, rh_i_wrt_ice_or_water, wdir_i, wspd_y_i

New variables not in old files:


Old variables removed from new files:

 
![SDL](../figures/version_comparisons/V37_versus_thredds_day/SDL_0.png)
![SDL](../figures/version_comparisons/V37_versus_thredds_day/SDL_1.png)
![SDL](../figures/version_comparisons/V37_versus_thredds_day/SDL_2.png)
![SDL](../figures/version_comparisons/V37_versus_thredds_day/SDL_3.png)
![SDL](../figures/version_comparisons/V37_versus_thredds_day/SDL_4.png)
![SDL](../figures/version_comparisons/V37_versus_thredds_day/SDL_5.png)
![SDL](../figures/version_comparisons/V37_versus_thredds_day/SDL_6.png)
![SDL](../figures/version_comparisons/V37_versus_thredds_day/SDL_7.png)
![SDL](../figures/version_comparisons/V37_versus_thredds_day/SDL_8.png)
![SDL](../figures/version_comparisons/V37_versus_thredds_day/SDL_9.png)
![SDL](../figures/version_comparisons/V37_versus_thredds_day/SDL_10.png)
![SDL](../figures/version_comparisons/V37_versus_thredds_day/SDL_11.png)
![SDL](../figures/version_comparisons/V37_versus_thredds_day/SDL_12.png)
![SDL](../figures/version_comparisons/V37_versus_thredds_day/SDL_13.png)
![SDL](../figures/version_comparisons/V37_versus_thredds_day/SDL_14.png)
![SDL](../figures/version_comparisons/V37_versus_thredds_day/SDL_15.png)
 
## SDM
/media/ice/Baptiste/geussnow01/dataverse//V37/day/SDM_day.csv
Variables in new file:
p_u, p_l, t_u, t_l, rh_u, rh_u_wrt_ice_or_water, qh_u, rh_l, rh_l_wrt_ice_or_water, qh_l, wspd_u, wspd_l, wdir_u, wdir_l, wspd_x_u, wspd_y_u, wspd_x_l, wspd_y_l, dsr, dsr_cor, usr, usr_cor, albedo, dlr, ulr, cc, t_surf, dlhf_u, dlhf_l, dshf_u, dshf_l, z_boom_u, z_boom_cor_u, z_boom_l, z_boom_cor_l, z_surf_combined, snow_height, rainfall_u, rainfall_cor_u, rainfall_l, rainfall_cor_l, t_i_1, t_i_2, t_i_3, t_i_4, t_i_5, t_i_6, t_i_7, t_i_8, t_i_9, t_i_10, t_i_11, d_t_i_1, d_t_i_2, d_t_i_3, d_t_i_4, d_t_i_5, d_t_i_6, d_t_i_7, d_t_i_8, d_t_i_9, d_t_i_10, d_t_i_11, t_i_10m, tilt_x, tilt_y, rot, gps_lat, gps_lon, gps_alt, lat, lon, alt, batt_v, t_rad, t_i, rh_i_wrt_ice_or_water, wdir_i, wspd_y_i

New variables not in old files:


Old variables removed from new files:

 
![SDM](../figures/version_comparisons/V37_versus_thredds_day/SDM_0.png)
![SDM](../figures/version_comparisons/V37_versus_thredds_day/SDM_1.png)
![SDM](../figures/version_comparisons/V37_versus_thredds_day/SDM_2.png)
![SDM](../figures/version_comparisons/V37_versus_thredds_day/SDM_3.png)
![SDM](../figures/version_comparisons/V37_versus_thredds_day/SDM_4.png)
![SDM](../figures/version_comparisons/V37_versus_thredds_day/SDM_5.png)
![SDM](../figures/version_comparisons/V37_versus_thredds_day/SDM_6.png)
![SDM](../figures/version_comparisons/V37_versus_thredds_day/SDM_7.png)
![SDM](../figures/version_comparisons/V37_versus_thredds_day/SDM_8.png)
![SDM](../figures/version_comparisons/V37_versus_thredds_day/SDM_9.png)
![SDM](../figures/version_comparisons/V37_versus_thredds_day/SDM_10.png)
![SDM](../figures/version_comparisons/V37_versus_thredds_day/SDM_11.png)
![SDM](../figures/version_comparisons/V37_versus_thredds_day/SDM_12.png)
![SDM](../figures/version_comparisons/V37_versus_thredds_day/SDM_13.png)
![SDM](../figures/version_comparisons/V37_versus_thredds_day/SDM_14.png)
![SDM](../figures/version_comparisons/V37_versus_thredds_day/SDM_15.png)
 
## SER_B
/media/ice/Baptiste/geussnow01/dataverse//V37/day/SER_B_day.csv
Variables in new file:
p_u, t_u, rh_u, rh_u_wrt_ice_or_water, qh_u, wspd_u, wdir_u, wspd_x_u, wspd_y_u, dsr, usr, albedo, dlr, ulr, t_surf, z_boom_u, z_boom_cor_u, z_surf_combined, snow_height, rainfall_u, rainfall_cor_u, tilt_x, tilt_y, rot, gps_lat, gps_lon, gps_alt, lat, lon, alt, batt_v, t_rad, t_i, rh_i_wrt_ice_or_water, wdir_i, wspd_y_i

New variables not in old files:


Old variables removed from new files:

 
![SER_B](../figures/version_comparisons/V37_versus_thredds_day/SER_B_0.png)
![SER_B](../figures/version_comparisons/V37_versus_thredds_day/SER_B_1.png)
![SER_B](../figures/version_comparisons/V37_versus_thredds_day/SER_B_2.png)
![SER_B](../figures/version_comparisons/V37_versus_thredds_day/SER_B_3.png)
![SER_B](../figures/version_comparisons/V37_versus_thredds_day/SER_B_4.png)
![SER_B](../figures/version_comparisons/V37_versus_thredds_day/SER_B_5.png)
![SER_B](../figures/version_comparisons/V37_versus_thredds_day/SER_B_6.png)
![SER_B](../figures/version_comparisons/V37_versus_thredds_day/SER_B_7.png)
 
## SWC
/media/ice/Baptiste/geussnow01/dataverse//V37/day/SWC_day.csv
Variables in new file:
p_u, t_u, t_l, rh_u, rh_u_wrt_ice_or_water, qh_u, rh_l, rh_l_wrt_ice_or_water, qh_l, wspd_u, wspd_l, wdir_u, wdir_l, wspd_x_u, wspd_y_u, wspd_x_l, wspd_y_l, dsr, dsr_cor, usr, usr_cor, albedo, dlr, ulr, cc, t_surf, dlhf_u, dshf_u, z_boom_u, z_boom_cor_u, z_boom_cor_l, z_stake, z_stake_cor, z_pt, z_pt_cor, z_surf_combined, z_ice_surf, snow_height, rainfall_u, rainfall_cor_u, t_i_1, t_i_2, t_i_3, t_i_4, t_i_5, t_i_6, t_i_7, t_i_8, t_i_9, t_i_10, d_t_i_1, d_t_i_2, d_t_i_3, d_t_i_4, d_t_i_5, d_t_i_6, d_t_i_7, d_t_i_8, d_t_i_9, d_t_i_10, t_i_10m, tilt_x, tilt_y, rot, gps_lat, gps_lon, gps_alt, lat, lon, alt, batt_v, t_rad, t_i, rh_i_wrt_ice_or_water, wdir_i, wspd_y_i

New variables not in old files:


Old variables removed from new files:

 
![SWC](../figures/version_comparisons/V37_versus_thredds_day/SWC_0.png)
![SWC](../figures/version_comparisons/V37_versus_thredds_day/SWC_1.png)
![SWC](../figures/version_comparisons/V37_versus_thredds_day/SWC_2.png)
![SWC](../figures/version_comparisons/V37_versus_thredds_day/SWC_3.png)
![SWC](../figures/version_comparisons/V37_versus_thredds_day/SWC_4.png)
![SWC](../figures/version_comparisons/V37_versus_thredds_day/SWC_5.png)
![SWC](../figures/version_comparisons/V37_versus_thredds_day/SWC_6.png)
![SWC](../figures/version_comparisons/V37_versus_thredds_day/SWC_7.png)
![SWC](../figures/version_comparisons/V37_versus_thredds_day/SWC_8.png)
![SWC](../figures/version_comparisons/V37_versus_thredds_day/SWC_9.png)
![SWC](../figures/version_comparisons/V37_versus_thredds_day/SWC_10.png)
![SWC](../figures/version_comparisons/V37_versus_thredds_day/SWC_11.png)
![SWC](../figures/version_comparisons/V37_versus_thredds_day/SWC_12.png)
![SWC](../figures/version_comparisons/V37_versus_thredds_day/SWC_13.png)
![SWC](../figures/version_comparisons/V37_versus_thredds_day/SWC_14.png)
![SWC](../figures/version_comparisons/V37_versus_thredds_day/SWC_15.png)
 
## TAS_A
/media/ice/Baptiste/geussnow01/dataverse//V37/day/TAS_A_day.csv
Variables in new file:
p_u, t_u, rh_u, rh_u_wrt_ice_or_water, qh_u, wspd_u, wdir_u, wspd_x_u, wspd_y_u, dsr, dsr_cor, usr, usr_cor, albedo, dlr, ulr, cc, t_surf, dlhf_u, dshf_u, z_boom_u, z_boom_cor_u, z_stake, z_stake_cor, z_pt, z_pt_cor, z_surf_combined, z_ice_surf, snow_height, rainfall_u, rainfall_cor_u, t_i_1, t_i_2, t_i_3, t_i_4, t_i_5, t_i_6, t_i_7, t_i_8, d_t_i_1, d_t_i_2, d_t_i_3, d_t_i_4, d_t_i_5, d_t_i_6, d_t_i_7, d_t_i_8, t_i_10m, tilt_x, tilt_y, rot, gps_lat, gps_lon, gps_alt, lat, lon, alt, batt_v, t_rad, t_i, rh_i_wrt_ice_or_water, wdir_i, wspd_y_i

New variables not in old files:


Old variables removed from new files:

 
![TAS_A](../figures/version_comparisons/V37_versus_thredds_day/TAS_A_0.png)
![TAS_A](../figures/version_comparisons/V37_versus_thredds_day/TAS_A_1.png)
![TAS_A](../figures/version_comparisons/V37_versus_thredds_day/TAS_A_2.png)
![TAS_A](../figures/version_comparisons/V37_versus_thredds_day/TAS_A_3.png)
![TAS_A](../figures/version_comparisons/V37_versus_thredds_day/TAS_A_4.png)
![TAS_A](../figures/version_comparisons/V37_versus_thredds_day/TAS_A_5.png)
![TAS_A](../figures/version_comparisons/V37_versus_thredds_day/TAS_A_6.png)
![TAS_A](../figures/version_comparisons/V37_versus_thredds_day/TAS_A_7.png)
![TAS_A](../figures/version_comparisons/V37_versus_thredds_day/TAS_A_8.png)
![TAS_A](../figures/version_comparisons/V37_versus_thredds_day/TAS_A_9.png)
![TAS_A](../figures/version_comparisons/V37_versus_thredds_day/TAS_A_10.png)
![TAS_A](../figures/version_comparisons/V37_versus_thredds_day/TAS_A_11.png)
![TAS_A](../figures/version_comparisons/V37_versus_thredds_day/TAS_A_12.png)
 
## TAS_L
/media/ice/Baptiste/geussnow01/dataverse//V37/day/TAS_L_day.csv
Variables in new file:
p_u, t_u, rh_u, rh_u_wrt_ice_or_water, qh_u, wspd_u, wdir_u, wspd_x_u, wspd_y_u, dsr, dsr_cor, usr, usr_cor, albedo, dlr, ulr, cc, t_surf, dlhf_u, dshf_u, z_boom_u, z_boom_cor_u, z_stake, z_stake_cor, z_pt, z_pt_cor, z_surf_combined, z_ice_surf, snow_height, t_i_1, t_i_2, t_i_3, t_i_4, t_i_5, t_i_6, t_i_7, t_i_8, d_t_i_1, d_t_i_2, d_t_i_3, d_t_i_4, d_t_i_5, d_t_i_6, d_t_i_7, d_t_i_8, t_i_10m, tilt_x, tilt_y, gps_lat, gps_lon, gps_alt, lat, lon, alt, batt_v, t_rad, t_i, rh_i_wrt_ice_or_water, wdir_i, wspd_y_i

New variables not in old files:


Old variables removed from new files:

 
![TAS_L](../figures/version_comparisons/V37_versus_thredds_day/TAS_L_0.png)
![TAS_L](../figures/version_comparisons/V37_versus_thredds_day/TAS_L_1.png)
![TAS_L](../figures/version_comparisons/V37_versus_thredds_day/TAS_L_2.png)
![TAS_L](../figures/version_comparisons/V37_versus_thredds_day/TAS_L_3.png)
![TAS_L](../figures/version_comparisons/V37_versus_thredds_day/TAS_L_4.png)
![TAS_L](../figures/version_comparisons/V37_versus_thredds_day/TAS_L_5.png)
![TAS_L](../figures/version_comparisons/V37_versus_thredds_day/TAS_L_6.png)
![TAS_L](../figures/version_comparisons/V37_versus_thredds_day/TAS_L_7.png)
![TAS_L](../figures/version_comparisons/V37_versus_thredds_day/TAS_L_8.png)
![TAS_L](../figures/version_comparisons/V37_versus_thredds_day/TAS_L_9.png)
![TAS_L](../figures/version_comparisons/V37_versus_thredds_day/TAS_L_10.png)
![TAS_L](../figures/version_comparisons/V37_versus_thredds_day/TAS_L_11.png)
 
## TAS_U
/media/ice/Baptiste/geussnow01/dataverse//V37/day/TAS_U_day.csv
Variables in new file:
p_u, t_u, rh_u, rh_u_wrt_ice_or_water, qh_u, wspd_u, wdir_u, wspd_x_u, wspd_y_u, dsr, dsr_cor, usr, usr_cor, albedo, dlr, ulr, cc, t_surf, dlhf_u, dshf_u, z_boom_u, z_boom_cor_u, z_stake, z_stake_cor, z_pt, z_pt_cor, z_surf_combined, z_ice_surf, snow_height, t_i_1, t_i_2, t_i_3, t_i_4, t_i_5, t_i_6, t_i_7, t_i_8, d_t_i_1, d_t_i_2, d_t_i_3, d_t_i_4, d_t_i_5, d_t_i_6, d_t_i_7, d_t_i_8, t_i_10m, tilt_x, tilt_y, gps_lat, gps_lon, gps_alt, lat, lon, alt, batt_v, t_rad, t_i, rh_i_wrt_ice_or_water, wdir_i, wspd_y_i

New variables not in old files:


Old variables removed from new files:

 
![TAS_U](../figures/version_comparisons/V37_versus_thredds_day/TAS_U_0.png)
![TAS_U](../figures/version_comparisons/V37_versus_thredds_day/TAS_U_1.png)
![TAS_U](../figures/version_comparisons/V37_versus_thredds_day/TAS_U_2.png)
![TAS_U](../figures/version_comparisons/V37_versus_thredds_day/TAS_U_3.png)
![TAS_U](../figures/version_comparisons/V37_versus_thredds_day/TAS_U_4.png)
![TAS_U](../figures/version_comparisons/V37_versus_thredds_day/TAS_U_5.png)
![TAS_U](../figures/version_comparisons/V37_versus_thredds_day/TAS_U_6.png)
![TAS_U](../figures/version_comparisons/V37_versus_thredds_day/TAS_U_7.png)
![TAS_U](../figures/version_comparisons/V37_versus_thredds_day/TAS_U_8.png)
![TAS_U](../figures/version_comparisons/V37_versus_thredds_day/TAS_U_9.png)
![TAS_U](../figures/version_comparisons/V37_versus_thredds_day/TAS_U_10.png)
![TAS_U](../figures/version_comparisons/V37_versus_thredds_day/TAS_U_11.png)
 
## THU_L
/media/ice/Baptiste/geussnow01/dataverse//V37/day/THU_L_day.csv
Variables in new file:
p_u, t_u, rh_u, rh_u_wrt_ice_or_water, qh_u, wspd_u, wdir_u, wspd_x_u, wspd_y_u, dsr, dsr_cor, usr, usr_cor, albedo, dlr, ulr, cc, t_surf, dlhf_u, dshf_u, z_boom_u, z_boom_cor_u, z_stake, z_stake_cor, z_pt, z_pt_cor, z_surf_combined, z_ice_surf, snow_height, t_i_1, t_i_2, t_i_3, t_i_4, t_i_5, t_i_6, t_i_7, t_i_8, d_t_i_1, d_t_i_2, d_t_i_3, d_t_i_4, d_t_i_5, d_t_i_6, d_t_i_7, d_t_i_8, t_i_10m, tilt_x, tilt_y, gps_lat, gps_lon, gps_alt, lat, lon, alt, batt_v, t_rad, t_i, rh_i_wrt_ice_or_water, wdir_i, wspd_y_i

New variables not in old files:


Old variables removed from new files:

 
![THU_L](../figures/version_comparisons/V37_versus_thredds_day/THU_L_0.png)
![THU_L](../figures/version_comparisons/V37_versus_thredds_day/THU_L_1.png)
![THU_L](../figures/version_comparisons/V37_versus_thredds_day/THU_L_2.png)
![THU_L](../figures/version_comparisons/V37_versus_thredds_day/THU_L_3.png)
![THU_L](../figures/version_comparisons/V37_versus_thredds_day/THU_L_4.png)
![THU_L](../figures/version_comparisons/V37_versus_thredds_day/THU_L_5.png)
![THU_L](../figures/version_comparisons/V37_versus_thredds_day/THU_L_6.png)
![THU_L](../figures/version_comparisons/V37_versus_thredds_day/THU_L_7.png)
![THU_L](../figures/version_comparisons/V37_versus_thredds_day/THU_L_8.png)
![THU_L](../figures/version_comparisons/V37_versus_thredds_day/THU_L_9.png)
![THU_L](../figures/version_comparisons/V37_versus_thredds_day/THU_L_10.png)
![THU_L](../figures/version_comparisons/V37_versus_thredds_day/THU_L_11.png)
 
## THU_L2
/media/ice/Baptiste/geussnow01/dataverse//V37/day/THU_L2_day.csv
Variables in new file:
p_u, t_u, rh_u, rh_u_wrt_ice_or_water, qh_u, wspd_u, wdir_u, wspd_x_u, wspd_y_u, dsr, dsr_cor, usr, usr_cor, albedo, dlr, ulr, cc, t_surf, dlhf_u, dshf_u, z_boom_u, z_boom_cor_u, z_stake, z_stake_cor, z_pt, z_pt_cor, z_surf_combined, z_ice_surf, snow_height, t_i_1, t_i_2, t_i_3, t_i_4, t_i_5, t_i_6, t_i_7, t_i_8, d_t_i_1, d_t_i_2, d_t_i_3, d_t_i_4, d_t_i_5, d_t_i_6, d_t_i_7, d_t_i_8, t_i_10m, tilt_x, tilt_y, gps_lat, gps_lon, gps_alt, lat, lon, alt, batt_v, t_rad

New variables not in old files:


Old variables removed from new files:

 
![THU_L2](../figures/version_comparisons/V37_versus_thredds_day/THU_L2_0.png)
![THU_L2](../figures/version_comparisons/V37_versus_thredds_day/THU_L2_1.png)
![THU_L2](../figures/version_comparisons/V37_versus_thredds_day/THU_L2_2.png)
![THU_L2](../figures/version_comparisons/V37_versus_thredds_day/THU_L2_3.png)
![THU_L2](../figures/version_comparisons/V37_versus_thredds_day/THU_L2_4.png)
![THU_L2](../figures/version_comparisons/V37_versus_thredds_day/THU_L2_5.png)
![THU_L2](../figures/version_comparisons/V37_versus_thredds_day/THU_L2_6.png)
![THU_L2](../figures/version_comparisons/V37_versus_thredds_day/THU_L2_7.png)
![THU_L2](../figures/version_comparisons/V37_versus_thredds_day/THU_L2_8.png)
![THU_L2](../figures/version_comparisons/V37_versus_thredds_day/THU_L2_9.png)
![THU_L2](../figures/version_comparisons/V37_versus_thredds_day/THU_L2_10.png)
![THU_L2](../figures/version_comparisons/V37_versus_thredds_day/THU_L2_11.png)
 
## THU_U
/media/ice/Baptiste/geussnow01/dataverse//V37/day/THU_U_day.csv
Variables in new file:
p_u, t_u, rh_u, rh_u_wrt_ice_or_water, qh_u, wspd_u, wdir_u, wspd_x_u, wspd_y_u, dsr, dsr_cor, usr, usr_cor, albedo, dlr, ulr, cc, t_surf, dlhf_u, dshf_u, z_boom_u, z_boom_cor_u, z_stake, z_stake_cor, z_pt, z_pt_cor, z_surf_combined, z_ice_surf, snow_height, rainfall_u, rainfall_cor_u, t_i_1, t_i_2, t_i_3, t_i_4, t_i_5, t_i_6, t_i_7, t_i_8, d_t_i_1, d_t_i_2, d_t_i_3, d_t_i_4, d_t_i_5, d_t_i_6, d_t_i_7, d_t_i_8, t_i_10m, tilt_x, tilt_y, rot, gps_lat, gps_lon, gps_alt, lat, lon, alt, batt_v, t_rad, t_i, rh_i_wrt_ice_or_water, wdir_i, wspd_y_i

New variables not in old files:


Old variables removed from new files:

 
![THU_U](../figures/version_comparisons/V37_versus_thredds_day/THU_U_0.png)
![THU_U](../figures/version_comparisons/V37_versus_thredds_day/THU_U_1.png)
![THU_U](../figures/version_comparisons/V37_versus_thredds_day/THU_U_2.png)
![THU_U](../figures/version_comparisons/V37_versus_thredds_day/THU_U_3.png)
![THU_U](../figures/version_comparisons/V37_versus_thredds_day/THU_U_4.png)
![THU_U](../figures/version_comparisons/V37_versus_thredds_day/THU_U_5.png)
![THU_U](../figures/version_comparisons/V37_versus_thredds_day/THU_U_6.png)
![THU_U](../figures/version_comparisons/V37_versus_thredds_day/THU_U_7.png)
![THU_U](../figures/version_comparisons/V37_versus_thredds_day/THU_U_8.png)
![THU_U](../figures/version_comparisons/V37_versus_thredds_day/THU_U_9.png)
![THU_U](../figures/version_comparisons/V37_versus_thredds_day/THU_U_10.png)
![THU_U](../figures/version_comparisons/V37_versus_thredds_day/THU_U_11.png)
![THU_U](../figures/version_comparisons/V37_versus_thredds_day/THU_U_12.png)
 
## TUN
/media/ice/Baptiste/geussnow01/dataverse//V37/day/TUN_day.csv
Variables in new file:
p_u, p_l, t_u, t_l, rh_u, rh_u_wrt_ice_or_water, qh_u, rh_l, rh_l_wrt_ice_or_water, qh_l, wspd_u, wspd_l, wdir_u, wdir_l, wspd_x_u, wspd_y_u, wspd_x_l, wspd_y_l, dsr, dsr_cor, usr, usr_cor, albedo, dlr, ulr, cc, t_surf, dlhf_u, dlhf_l, dshf_u, dshf_l, z_boom_u, z_boom_cor_u, z_boom_l, z_boom_cor_l, z_surf_combined, snow_height, rainfall_u, rainfall_cor_u, rainfall_l, rainfall_cor_l, t_i_1, t_i_2, t_i_3, t_i_4, t_i_5, t_i_6, t_i_7, t_i_8, t_i_9, t_i_10, t_i_11, d_t_i_1, d_t_i_2, d_t_i_3, d_t_i_4, d_t_i_5, d_t_i_6, d_t_i_7, d_t_i_8, d_t_i_9, d_t_i_10, d_t_i_11, t_i_10m, tilt_x, tilt_y, rot, gps_lat, gps_lon, gps_alt, lat, lon, alt, batt_v, t_rad, t_i, rh_i_wrt_ice_or_water, wdir_i, wspd_y_i

New variables not in old files:


Old variables removed from new files:

 
![TUN](../figures/version_comparisons/V37_versus_thredds_day/TUN_0.png)
![TUN](../figures/version_comparisons/V37_versus_thredds_day/TUN_1.png)
![TUN](../figures/version_comparisons/V37_versus_thredds_day/TUN_2.png)
![TUN](../figures/version_comparisons/V37_versus_thredds_day/TUN_3.png)
![TUN](../figures/version_comparisons/V37_versus_thredds_day/TUN_4.png)
![TUN](../figures/version_comparisons/V37_versus_thredds_day/TUN_5.png)
![TUN](../figures/version_comparisons/V37_versus_thredds_day/TUN_6.png)
![TUN](../figures/version_comparisons/V37_versus_thredds_day/TUN_7.png)
![TUN](../figures/version_comparisons/V37_versus_thredds_day/TUN_8.png)
![TUN](../figures/version_comparisons/V37_versus_thredds_day/TUN_9.png)
![TUN](../figures/version_comparisons/V37_versus_thredds_day/TUN_10.png)
![TUN](../figures/version_comparisons/V37_versus_thredds_day/TUN_11.png)
![TUN](../figures/version_comparisons/V37_versus_thredds_day/TUN_12.png)
![TUN](../figures/version_comparisons/V37_versus_thredds_day/TUN_13.png)
![TUN](../figures/version_comparisons/V37_versus_thredds_day/TUN_14.png)
![TUN](../figures/version_comparisons/V37_versus_thredds_day/TUN_15.png)
 
## UPE_L
/media/ice/Baptiste/geussnow01/dataverse//V37/day/UPE_L_day.csv
Variables in new file:
p_u, t_u, rh_u, rh_u_wrt_ice_or_water, qh_u, wspd_u, wdir_u, wspd_x_u, wspd_y_u, dsr, dsr_cor, usr, usr_cor, albedo, dlr, ulr, cc, t_surf, dlhf_u, dshf_u, z_boom_u, z_boom_cor_u, z_stake, z_stake_cor, z_pt, z_pt_cor, z_surf_combined, z_ice_surf, snow_height, t_i_1, t_i_2, t_i_3, t_i_4, t_i_5, t_i_6, t_i_7, t_i_8, d_t_i_1, d_t_i_2, d_t_i_3, d_t_i_4, d_t_i_5, d_t_i_6, d_t_i_7, d_t_i_8, t_i_10m, tilt_x, tilt_y, gps_lat, gps_lon, gps_alt, lat, lon, alt, batt_v, t_rad, t_i, rh_i_wrt_ice_or_water, wdir_i, wspd_y_i

New variables not in old files:


Old variables removed from new files:

 
![UPE_L](../figures/version_comparisons/V37_versus_thredds_day/UPE_L_0.png)
![UPE_L](../figures/version_comparisons/V37_versus_thredds_day/UPE_L_1.png)
![UPE_L](../figures/version_comparisons/V37_versus_thredds_day/UPE_L_2.png)
![UPE_L](../figures/version_comparisons/V37_versus_thredds_day/UPE_L_3.png)
![UPE_L](../figures/version_comparisons/V37_versus_thredds_day/UPE_L_4.png)
![UPE_L](../figures/version_comparisons/V37_versus_thredds_day/UPE_L_5.png)
![UPE_L](../figures/version_comparisons/V37_versus_thredds_day/UPE_L_6.png)
![UPE_L](../figures/version_comparisons/V37_versus_thredds_day/UPE_L_7.png)
![UPE_L](../figures/version_comparisons/V37_versus_thredds_day/UPE_L_8.png)
![UPE_L](../figures/version_comparisons/V37_versus_thredds_day/UPE_L_9.png)
![UPE_L](../figures/version_comparisons/V37_versus_thredds_day/UPE_L_10.png)
![UPE_L](../figures/version_comparisons/V37_versus_thredds_day/UPE_L_11.png)
 
## UPE_U
/media/ice/Baptiste/geussnow01/dataverse//V37/day/UPE_U_day.csv
Variables in new file:
p_u, t_u, rh_u, rh_u_wrt_ice_or_water, qh_u, wspd_u, wdir_u, wspd_x_u, wspd_y_u, dsr, dsr_cor, usr, usr_cor, albedo, dlr, ulr, cc, t_surf, dlhf_u, dshf_u, z_boom_u, z_boom_cor_u, z_stake, z_stake_cor, z_pt, z_pt_cor, z_surf_combined, z_ice_surf, snow_height, t_i_1, t_i_2, t_i_3, t_i_4, t_i_5, t_i_6, t_i_7, t_i_8, d_t_i_1, d_t_i_2, d_t_i_3, d_t_i_4, d_t_i_5, d_t_i_6, d_t_i_7, d_t_i_8, t_i_10m, tilt_x, tilt_y, gps_lat, gps_lon, gps_alt, lat, lon, alt, batt_v, t_rad, t_i, rh_i_wrt_ice_or_water, wdir_i, wspd_y_i

New variables not in old files:


Old variables removed from new files:

 
![UPE_U](../figures/version_comparisons/V37_versus_thredds_day/UPE_U_0.png)
![UPE_U](../figures/version_comparisons/V37_versus_thredds_day/UPE_U_1.png)
![UPE_U](../figures/version_comparisons/V37_versus_thredds_day/UPE_U_2.png)
![UPE_U](../figures/version_comparisons/V37_versus_thredds_day/UPE_U_3.png)
![UPE_U](../figures/version_comparisons/V37_versus_thredds_day/UPE_U_4.png)
![UPE_U](../figures/version_comparisons/V37_versus_thredds_day/UPE_U_5.png)
![UPE_U](../figures/version_comparisons/V37_versus_thredds_day/UPE_U_6.png)
![UPE_U](../figures/version_comparisons/V37_versus_thredds_day/UPE_U_7.png)
![UPE_U](../figures/version_comparisons/V37_versus_thredds_day/UPE_U_8.png)
![UPE_U](../figures/version_comparisons/V37_versus_thredds_day/UPE_U_9.png)
![UPE_U](../figures/version_comparisons/V37_versus_thredds_day/UPE_U_10.png)
![UPE_U](../figures/version_comparisons/V37_versus_thredds_day/UPE_U_11.png)
 
## WEG_B
/media/ice/Baptiste/geussnow01/dataverse//V37/day/WEG_B_day.csv
Variables in new file:
p_u, t_u, rh_u, rh_u_wrt_ice_or_water, qh_u, wspd_u, wdir_u, wspd_x_u, wspd_y_u, dsr, usr, albedo, dlr, ulr, t_surf, z_boom_u, z_boom_cor_u, z_surf_combined, snow_height, rainfall_u, rainfall_cor_u, tilt_x, tilt_y, rot, gps_lat, gps_lon, gps_alt, lat, lon, alt, batt_v, t_rad, t_i, rh_i_wrt_ice_or_water, wdir_i, wspd_y_i

New variables not in old files:


Old variables removed from new files:

 
![WEG_B](../figures/version_comparisons/V37_versus_thredds_day/WEG_B_0.png)
![WEG_B](../figures/version_comparisons/V37_versus_thredds_day/WEG_B_1.png)
![WEG_B](../figures/version_comparisons/V37_versus_thredds_day/WEG_B_2.png)
![WEG_B](../figures/version_comparisons/V37_versus_thredds_day/WEG_B_3.png)
![WEG_B](../figures/version_comparisons/V37_versus_thredds_day/WEG_B_4.png)
![WEG_B](../figures/version_comparisons/V37_versus_thredds_day/WEG_B_5.png)
![WEG_B](../figures/version_comparisons/V37_versus_thredds_day/WEG_B_6.png)
![WEG_B](../figures/version_comparisons/V37_versus_thredds_day/WEG_B_7.png)
 
## WEG_L
/media/ice/Baptiste/geussnow01/dataverse//V37/day/WEG_L_day.csv
Variables in new file:
p_u, t_u, rh_u, rh_u_wrt_ice_or_water, qh_u, wspd_u, wdir_u, wspd_x_u, wspd_y_u, dsr, dsr_cor, usr, usr_cor, albedo, dlr, ulr, cc, t_surf, dlhf_u, dshf_u, z_boom_u, z_boom_cor_u, z_stake, z_stake_cor, z_pt, z_pt_cor, z_surf_combined, z_ice_surf, snow_height, rainfall_u, rainfall_cor_u, t_i_1, t_i_2, t_i_3, t_i_4, t_i_5, t_i_6, t_i_7, t_i_8, d_t_i_1, d_t_i_2, d_t_i_3, d_t_i_4, d_t_i_5, d_t_i_6, d_t_i_7, d_t_i_8, tilt_x, tilt_y, rot, gps_lat, gps_lon, gps_alt, lat, lon, alt, batt_v, t_rad, t_i, rh_i_wrt_ice_or_water, wdir_i, wspd_y_i

New variables not in old files:


Old variables removed from new files:

 
![WEG_L](../figures/version_comparisons/V37_versus_thredds_day/WEG_L_0.png)
![WEG_L](../figures/version_comparisons/V37_versus_thredds_day/WEG_L_1.png)
![WEG_L](../figures/version_comparisons/V37_versus_thredds_day/WEG_L_2.png)
![WEG_L](../figures/version_comparisons/V37_versus_thredds_day/WEG_L_3.png)
![WEG_L](../figures/version_comparisons/V37_versus_thredds_day/WEG_L_4.png)
![WEG_L](../figures/version_comparisons/V37_versus_thredds_day/WEG_L_5.png)
![WEG_L](../figures/version_comparisons/V37_versus_thredds_day/WEG_L_6.png)
![WEG_L](../figures/version_comparisons/V37_versus_thredds_day/WEG_L_7.png)
![WEG_L](../figures/version_comparisons/V37_versus_thredds_day/WEG_L_8.png)
![WEG_L](../figures/version_comparisons/V37_versus_thredds_day/WEG_L_9.png)
![WEG_L](../figures/version_comparisons/V37_versus_thredds_day/WEG_L_10.png)
![WEG_L](../figures/version_comparisons/V37_versus_thredds_day/WEG_L_11.png)
![WEG_L](../figures/version_comparisons/V37_versus_thredds_day/WEG_L_12.png)
 
## ZAC_A
/media/ice/Baptiste/geussnow01/dataverse//V37/day/ZAC_A_day.csv
Variables in new file:
p_u, p_l, t_u, t_l, rh_u, rh_u_wrt_ice_or_water, qh_u, rh_l, rh_l_wrt_ice_or_water, qh_l, wspd_u, wspd_l, wdir_u, wdir_l, wspd_x_u, wspd_y_u, wspd_x_l, wspd_y_l, dsr, dsr_cor, usr, usr_cor, albedo, dlr, ulr, cc, t_surf, dlhf_u, dlhf_l, dshf_u, dshf_l, z_boom_u, z_boom_cor_u, z_boom_l, z_boom_cor_l, z_stake, z_surf_combined, snow_height, rainfall_u, rainfall_cor_u, rainfall_l, rainfall_cor_l, t_i_1, t_i_2, t_i_3, t_i_4, t_i_5, t_i_6, t_i_7, t_i_8, t_i_9, t_i_10, t_i_11, d_t_i_1, d_t_i_2, d_t_i_3, d_t_i_4, d_t_i_5, d_t_i_6, d_t_i_7, d_t_i_8, d_t_i_9, d_t_i_10, d_t_i_11, t_i_10m, tilt_x, tilt_y, rot, gps_lat, gps_lon, gps_alt, lat, lon, alt, batt_v, t_rad, t_i, rh_i_wrt_ice_or_water, wdir_i, wspd_y_i

New variables not in old files:


Old variables removed from new files:

 
![ZAC_A](../figures/version_comparisons/V37_versus_thredds_day/ZAC_A_0.png)
![ZAC_A](../figures/version_comparisons/V37_versus_thredds_day/ZAC_A_1.png)
![ZAC_A](../figures/version_comparisons/V37_versus_thredds_day/ZAC_A_2.png)
![ZAC_A](../figures/version_comparisons/V37_versus_thredds_day/ZAC_A_3.png)
![ZAC_A](../figures/version_comparisons/V37_versus_thredds_day/ZAC_A_4.png)
![ZAC_A](../figures/version_comparisons/V37_versus_thredds_day/ZAC_A_5.png)
![ZAC_A](../figures/version_comparisons/V37_versus_thredds_day/ZAC_A_6.png)
![ZAC_A](../figures/version_comparisons/V37_versus_thredds_day/ZAC_A_7.png)
![ZAC_A](../figures/version_comparisons/V37_versus_thredds_day/ZAC_A_8.png)
![ZAC_A](../figures/version_comparisons/V37_versus_thredds_day/ZAC_A_9.png)
![ZAC_A](../figures/version_comparisons/V37_versus_thredds_day/ZAC_A_10.png)
![ZAC_A](../figures/version_comparisons/V37_versus_thredds_day/ZAC_A_11.png)
![ZAC_A](../figures/version_comparisons/V37_versus_thredds_day/ZAC_A_12.png)
![ZAC_A](../figures/version_comparisons/V37_versus_thredds_day/ZAC_A_13.png)
![ZAC_A](../figures/version_comparisons/V37_versus_thredds_day/ZAC_A_14.png)
![ZAC_A](../figures/version_comparisons/V37_versus_thredds_day/ZAC_A_15.png)
 
## ZAC_L
/media/ice/Baptiste/geussnow01/dataverse//V37/day/ZAC_L_day.csv
Variables in new file:
p_u, t_u, rh_u, rh_u_wrt_ice_or_water, qh_u, wspd_u, wdir_u, wspd_x_u, wspd_y_u, dsr, dsr_cor, usr, usr_cor, albedo, dlr, ulr, cc, t_surf, dlhf_u, dshf_u, z_boom_u, z_boom_cor_u, z_stake, z_stake_cor, z_pt, z_pt_cor, z_surf_combined, z_ice_surf, snow_height, rainfall_u, rainfall_cor_u, t_i_1, t_i_2, t_i_3, t_i_4, t_i_5, t_i_6, t_i_7, t_i_8, d_t_i_1, d_t_i_2, d_t_i_3, d_t_i_4, d_t_i_5, d_t_i_6, d_t_i_7, d_t_i_8, t_i_10m, tilt_x, tilt_y, rot, gps_lat, gps_lon, gps_alt, lat, lon, alt, batt_v, t_rad, t_i, rh_i_wrt_ice_or_water, wdir_i, wspd_y_i

New variables not in old files:


Old variables removed from new files:

 
![ZAC_L](../figures/version_comparisons/V37_versus_thredds_day/ZAC_L_0.png)
![ZAC_L](../figures/version_comparisons/V37_versus_thredds_day/ZAC_L_1.png)
![ZAC_L](../figures/version_comparisons/V37_versus_thredds_day/ZAC_L_2.png)
![ZAC_L](../figures/version_comparisons/V37_versus_thredds_day/ZAC_L_3.png)
![ZAC_L](../figures/version_comparisons/V37_versus_thredds_day/ZAC_L_4.png)
![ZAC_L](../figures/version_comparisons/V37_versus_thredds_day/ZAC_L_5.png)
![ZAC_L](../figures/version_comparisons/V37_versus_thredds_day/ZAC_L_6.png)
![ZAC_L](../figures/version_comparisons/V37_versus_thredds_day/ZAC_L_7.png)
![ZAC_L](../figures/version_comparisons/V37_versus_thredds_day/ZAC_L_8.png)
![ZAC_L](../figures/version_comparisons/V37_versus_thredds_day/ZAC_L_9.png)
![ZAC_L](../figures/version_comparisons/V37_versus_thredds_day/ZAC_L_10.png)
![ZAC_L](../figures/version_comparisons/V37_versus_thredds_day/ZAC_L_11.png)
![ZAC_L](../figures/version_comparisons/V37_versus_thredds_day/ZAC_L_12.png)
 
## ZAC_U
/media/ice/Baptiste/geussnow01/dataverse//V37/day/ZAC_U_day.csv
Variables in new file:
p_u, t_u, rh_u, rh_u_wrt_ice_or_water, qh_u, wspd_u, wdir_u, wspd_x_u, wspd_y_u, dsr, dsr_cor, usr, usr_cor, albedo, dlr, ulr, cc, t_surf, dlhf_u, dshf_u, z_boom_u, z_boom_cor_u, z_stake, z_stake_cor, z_pt, z_pt_cor, z_surf_combined, z_ice_surf, snow_height, rainfall_u, rainfall_cor_u, t_i_1, t_i_2, t_i_3, t_i_4, t_i_5, t_i_6, t_i_7, t_i_8, d_t_i_1, d_t_i_2, d_t_i_3, d_t_i_4, d_t_i_5, d_t_i_6, d_t_i_7, d_t_i_8, t_i_10m, tilt_x, tilt_y, rot, gps_lat, gps_lon, gps_alt, lat, lon, alt, batt_v, t_rad, t_i, rh_i_wrt_ice_or_water, wdir_i, wspd_y_i

New variables not in old files:


Old variables removed from new files:

 
![ZAC_U](../figures/version_comparisons/V37_versus_thredds_day/ZAC_U_0.png)
![ZAC_U](../figures/version_comparisons/V37_versus_thredds_day/ZAC_U_1.png)
![ZAC_U](../figures/version_comparisons/V37_versus_thredds_day/ZAC_U_2.png)
![ZAC_U](../figures/version_comparisons/V37_versus_thredds_day/ZAC_U_3.png)
![ZAC_U](../figures/version_comparisons/V37_versus_thredds_day/ZAC_U_4.png)
![ZAC_U](../figures/version_comparisons/V37_versus_thredds_day/ZAC_U_5.png)
![ZAC_U](../figures/version_comparisons/V37_versus_thredds_day/ZAC_U_6.png)
![ZAC_U](../figures/version_comparisons/V37_versus_thredds_day/ZAC_U_7.png)
![ZAC_U](../figures/version_comparisons/V37_versus_thredds_day/ZAC_U_8.png)
![ZAC_U](../figures/version_comparisons/V37_versus_thredds_day/ZAC_U_9.png)
![ZAC_U](../figures/version_comparisons/V37_versus_thredds_day/ZAC_U_10.png)
![ZAC_U](../figures/version_comparisons/V37_versus_thredds_day/ZAC_U_11.png)
![ZAC_U](../figures/version_comparisons/V37_versus_thredds_day/ZAC_U_12.png)
 
# Comparison of data thredds to V37 (old).
## CEN
/media/ice/Baptiste/geussnow01/dataverse//V37/hour/CEN_hour.csv
Variables in new file:
p_u, p_l, t_u, t_l, rh_u, rh_u_wrt_ice_or_water, qh_u, rh_l, rh_l_wrt_ice_or_water, qh_l, wspd_u, wspd_l, wdir_u, wdir_l, wspd_x_u, wspd_y_u, wspd_x_l, wspd_y_l, dsr, dsr_cor, usr, usr_cor, albedo, dlr, ulr, cc, t_surf, dlhf_u, dlhf_l, dshf_u, dshf_l, z_boom_u, z_boom_cor_u, z_boom_l, z_boom_cor_l, z_stake, z_stake_cor, z_surf_combined, snow_height, rainfall_u, rainfall_cor_u, rainfall_l, rainfall_cor_l, t_i_1, t_i_2, t_i_3, t_i_4, t_i_5, t_i_6, t_i_7, t_i_8, t_i_9, t_i_10, t_i_11, d_t_i_1, d_t_i_2, d_t_i_3, d_t_i_4, d_t_i_5, d_t_i_6, d_t_i_7, d_t_i_8, d_t_i_9, d_t_i_10, d_t_i_11, t_i_10m, tilt_x, tilt_y, rot, gps_lat, gps_lon, gps_alt, lat, lon, alt, batt_v, t_rad, p_i, t_i, rh_i, rh_i_wrt_ice_or_water, wspd_i, wdir_i, wspd_x_i, wspd_y_i

New variables not in old files:


Old variables removed from new files:

 
![CEN](../figures/version_comparisons/V37_versus_thredds_hour/CEN_0.png)
![CEN](../figures/version_comparisons/V37_versus_thredds_hour/CEN_1.png)
![CEN](../figures/version_comparisons/V37_versus_thredds_hour/CEN_2.png)
![CEN](../figures/version_comparisons/V37_versus_thredds_hour/CEN_3.png)
![CEN](../figures/version_comparisons/V37_versus_thredds_hour/CEN_4.png)
![CEN](../figures/version_comparisons/V37_versus_thredds_hour/CEN_5.png)
![CEN](../figures/version_comparisons/V37_versus_thredds_hour/CEN_6.png)
![CEN](../figures/version_comparisons/V37_versus_thredds_hour/CEN_7.png)
![CEN](../figures/version_comparisons/V37_versus_thredds_hour/CEN_8.png)
![CEN](../figures/version_comparisons/V37_versus_thredds_hour/CEN_9.png)
![CEN](../figures/version_comparisons/V37_versus_thredds_hour/CEN_10.png)
![CEN](../figures/version_comparisons/V37_versus_thredds_hour/CEN_11.png)
![CEN](../figures/version_comparisons/V37_versus_thredds_hour/CEN_12.png)
![CEN](../figures/version_comparisons/V37_versus_thredds_hour/CEN_13.png)
![CEN](../figures/version_comparisons/V37_versus_thredds_hour/CEN_14.png)
![CEN](../figures/version_comparisons/V37_versus_thredds_hour/CEN_15.png)
![CEN](../figures/version_comparisons/V37_versus_thredds_hour/CEN_16.png)
 
## CP1
/media/ice/Baptiste/geussnow01/dataverse//V37/hour/CP1_hour.csv
Variables in new file:
p_u, p_l, t_u, t_l, rh_u, rh_u_wrt_ice_or_water, qh_u, rh_l, rh_l_wrt_ice_or_water, qh_l, wspd_u, wspd_l, wdir_u, wdir_l, wspd_x_u, wspd_y_u, wspd_x_l, wspd_y_l, dsr, dsr_cor, usr, usr_cor, albedo, dlr, ulr, cc, t_surf, dlhf_u, dlhf_l, dshf_u, dshf_l, z_boom_u, z_boom_cor_u, z_boom_l, z_boom_cor_l, z_surf_combined, snow_height, rainfall_u, rainfall_cor_u, rainfall_l, rainfall_cor_l, t_i_1, t_i_2, t_i_3, t_i_4, t_i_5, t_i_6, t_i_7, t_i_8, t_i_9, t_i_10, t_i_11, d_t_i_1, d_t_i_2, d_t_i_3, d_t_i_4, d_t_i_5, d_t_i_6, d_t_i_7, d_t_i_8, d_t_i_9, d_t_i_10, d_t_i_11, t_i_10m, tilt_x, tilt_y, rot, gps_lat, gps_lon, gps_alt, lat, lon, alt, batt_v, t_rad, p_i, t_i, rh_i, rh_i_wrt_ice_or_water, wspd_i, wdir_i, wspd_x_i, wspd_y_i

New variables not in old files:


Old variables removed from new files:

 
![CP1](../figures/version_comparisons/V37_versus_thredds_hour/CP1_0.png)
![CP1](../figures/version_comparisons/V37_versus_thredds_hour/CP1_1.png)
![CP1](../figures/version_comparisons/V37_versus_thredds_hour/CP1_2.png)
![CP1](../figures/version_comparisons/V37_versus_thredds_hour/CP1_3.png)
![CP1](../figures/version_comparisons/V37_versus_thredds_hour/CP1_4.png)
![CP1](../figures/version_comparisons/V37_versus_thredds_hour/CP1_5.png)
![CP1](../figures/version_comparisons/V37_versus_thredds_hour/CP1_6.png)
![CP1](../figures/version_comparisons/V37_versus_thredds_hour/CP1_7.png)
![CP1](../figures/version_comparisons/V37_versus_thredds_hour/CP1_8.png)
![CP1](../figures/version_comparisons/V37_versus_thredds_hour/CP1_9.png)
![CP1](../figures/version_comparisons/V37_versus_thredds_hour/CP1_10.png)
![CP1](../figures/version_comparisons/V37_versus_thredds_hour/CP1_11.png)
![CP1](../figures/version_comparisons/V37_versus_thredds_hour/CP1_12.png)
![CP1](../figures/version_comparisons/V37_versus_thredds_hour/CP1_13.png)
![CP1](../figures/version_comparisons/V37_versus_thredds_hour/CP1_14.png)
![CP1](../figures/version_comparisons/V37_versus_thredds_hour/CP1_15.png)
![CP1](../figures/version_comparisons/V37_versus_thredds_hour/CP1_16.png)
 
## DY2
/media/ice/Baptiste/geussnow01/dataverse//V37/hour/DY2_hour.csv
Variables in new file:
p_u, p_l, t_u, t_l, rh_u, rh_u_wrt_ice_or_water, qh_u, rh_l, rh_l_wrt_ice_or_water, qh_l, wspd_u, wspd_l, wdir_u, wdir_l, wspd_x_u, wspd_y_u, wspd_x_l, wspd_y_l, dsr, dsr_cor, usr, usr_cor, albedo, dlr, ulr, cc, t_surf, dlhf_u, dlhf_l, dshf_u, dshf_l, z_boom_u, z_boom_cor_u, z_boom_l, z_boom_cor_l, z_surf_combined, snow_height, rainfall_u, rainfall_cor_u, rainfall_l, rainfall_cor_l, t_i_1, t_i_2, t_i_3, t_i_4, t_i_5, t_i_6, t_i_7, t_i_8, t_i_9, t_i_10, t_i_11, d_t_i_1, d_t_i_2, d_t_i_3, d_t_i_4, d_t_i_5, d_t_i_6, d_t_i_7, d_t_i_8, d_t_i_9, d_t_i_10, d_t_i_11, t_i_10m, tilt_x, tilt_y, rot, gps_lat, gps_lon, gps_alt, lat, lon, alt, batt_v, t_rad, p_i, t_i, rh_i, rh_i_wrt_ice_or_water, wspd_i, wdir_i, wspd_x_i, wspd_y_i

New variables not in old files:


Old variables removed from new files:

 
![DY2](../figures/version_comparisons/V37_versus_thredds_hour/DY2_0.png)
![DY2](../figures/version_comparisons/V37_versus_thredds_hour/DY2_1.png)
![DY2](../figures/version_comparisons/V37_versus_thredds_hour/DY2_2.png)
![DY2](../figures/version_comparisons/V37_versus_thredds_hour/DY2_3.png)
![DY2](../figures/version_comparisons/V37_versus_thredds_hour/DY2_4.png)
![DY2](../figures/version_comparisons/V37_versus_thredds_hour/DY2_5.png)
![DY2](../figures/version_comparisons/V37_versus_thredds_hour/DY2_6.png)
![DY2](../figures/version_comparisons/V37_versus_thredds_hour/DY2_7.png)
![DY2](../figures/version_comparisons/V37_versus_thredds_hour/DY2_8.png)
![DY2](../figures/version_comparisons/V37_versus_thredds_hour/DY2_9.png)
![DY2](../figures/version_comparisons/V37_versus_thredds_hour/DY2_10.png)
![DY2](../figures/version_comparisons/V37_versus_thredds_hour/DY2_11.png)
![DY2](../figures/version_comparisons/V37_versus_thredds_hour/DY2_12.png)
![DY2](../figures/version_comparisons/V37_versus_thredds_hour/DY2_13.png)
![DY2](../figures/version_comparisons/V37_versus_thredds_hour/DY2_14.png)
![DY2](../figures/version_comparisons/V37_versus_thredds_hour/DY2_15.png)
![DY2](../figures/version_comparisons/V37_versus_thredds_hour/DY2_16.png)
 
## EGP
/media/ice/Baptiste/geussnow01/dataverse//V37/hour/EGP_hour.csv
Variables in new file:
p_u, t_u, t_l, rh_u, rh_u_wrt_ice_or_water, qh_u, rh_l, rh_l_wrt_ice_or_water, qh_l, wspd_u, wspd_l, wdir_u, wdir_l, wspd_x_u, wspd_y_u, wspd_x_l, wspd_y_l, dsr, dsr_cor, usr, usr_cor, albedo, dlr, ulr, cc, t_surf, dlhf_u, dshf_u, z_boom_u, z_boom_cor_u, z_boom_l, z_boom_cor_l, z_stake, z_stake_cor, z_surf_combined, snow_height, rainfall_u, rainfall_cor_u, t_i_1, t_i_2, t_i_3, t_i_4, t_i_5, t_i_6, t_i_7, t_i_8, t_i_9, t_i_10, t_i_11, d_t_i_1, d_t_i_2, d_t_i_3, d_t_i_4, d_t_i_5, d_t_i_6, d_t_i_7, d_t_i_8, d_t_i_9, d_t_i_10, d_t_i_11, t_i_10m, tilt_x, tilt_y, rot, gps_lat, gps_lon, gps_alt, lat, lon, alt, batt_v, t_rad, p_i, t_i, rh_i, rh_i_wrt_ice_or_water, wspd_i, wdir_i, wspd_x_i, wspd_y_i

New variables not in old files:


Old variables removed from new files:

 
![EGP](../figures/version_comparisons/V37_versus_thredds_hour/EGP_0.png)
![EGP](../figures/version_comparisons/V37_versus_thredds_hour/EGP_1.png)
![EGP](../figures/version_comparisons/V37_versus_thredds_hour/EGP_2.png)
![EGP](../figures/version_comparisons/V37_versus_thredds_hour/EGP_3.png)
![EGP](../figures/version_comparisons/V37_versus_thredds_hour/EGP_4.png)
![EGP](../figures/version_comparisons/V37_versus_thredds_hour/EGP_5.png)
![EGP](../figures/version_comparisons/V37_versus_thredds_hour/EGP_6.png)
![EGP](../figures/version_comparisons/V37_versus_thredds_hour/EGP_7.png)
![EGP](../figures/version_comparisons/V37_versus_thredds_hour/EGP_8.png)
![EGP](../figures/version_comparisons/V37_versus_thredds_hour/EGP_9.png)
![EGP](../figures/version_comparisons/V37_versus_thredds_hour/EGP_10.png)
![EGP](../figures/version_comparisons/V37_versus_thredds_hour/EGP_11.png)
![EGP](../figures/version_comparisons/V37_versus_thredds_hour/EGP_12.png)
![EGP](../figures/version_comparisons/V37_versus_thredds_hour/EGP_13.png)
![EGP](../figures/version_comparisons/V37_versus_thredds_hour/EGP_14.png)
![EGP](../figures/version_comparisons/V37_versus_thredds_hour/EGP_15.png)
 
## FRE
/media/ice/Baptiste/geussnow01/dataverse//V37/hour/FRE_hour.csv
Variables in new file:
p_u, t_u, rh_u, rh_u_wrt_ice_or_water, qh_u, wspd_u, wdir_u, wspd_x_u, wspd_y_u, dsr, dsr_cor, usr, usr_cor, albedo, dlr, ulr, cc, t_surf, dlhf_u, dshf_u, z_boom_u, z_boom_cor_u, z_stake, z_stake_cor, z_pt, z_pt_cor, z_surf_combined, z_ice_surf, snow_height, t_i_1, t_i_2, t_i_3, t_i_4, t_i_5, t_i_6, t_i_7, t_i_8, d_t_i_1, d_t_i_2, d_t_i_3, d_t_i_4, d_t_i_5, d_t_i_6, d_t_i_7, d_t_i_8, t_i_10m, tilt_x, tilt_y, gps_lat, gps_lon, gps_alt, lat, lon, alt, batt_v, t_rad, p_i, t_i, rh_i, rh_i_wrt_ice_or_water, wspd_i, wdir_i, wspd_x_i, wspd_y_i

New variables not in old files:


Old variables removed from new files:

 
![FRE](../figures/version_comparisons/V37_versus_thredds_hour/FRE_0.png)
![FRE](../figures/version_comparisons/V37_versus_thredds_hour/FRE_1.png)
![FRE](../figures/version_comparisons/V37_versus_thredds_hour/FRE_2.png)
![FRE](../figures/version_comparisons/V37_versus_thredds_hour/FRE_3.png)
![FRE](../figures/version_comparisons/V37_versus_thredds_hour/FRE_4.png)
![FRE](../figures/version_comparisons/V37_versus_thredds_hour/FRE_5.png)
![FRE](../figures/version_comparisons/V37_versus_thredds_hour/FRE_6.png)
![FRE](../figures/version_comparisons/V37_versus_thredds_hour/FRE_7.png)
![FRE](../figures/version_comparisons/V37_versus_thredds_hour/FRE_8.png)
![FRE](../figures/version_comparisons/V37_versus_thredds_hour/FRE_9.png)
![FRE](../figures/version_comparisons/V37_versus_thredds_hour/FRE_10.png)
![FRE](../figures/version_comparisons/V37_versus_thredds_hour/FRE_11.png)
![FRE](../figures/version_comparisons/V37_versus_thredds_hour/FRE_12.png)
 
## HUM
/media/ice/Baptiste/geussnow01/dataverse//V37/hour/HUM_hour.csv
Variables in new file:
p_u, p_l, t_u, t_l, rh_u, rh_u_wrt_ice_or_water, qh_u, rh_l, rh_l_wrt_ice_or_water, qh_l, wspd_u, wspd_l, wdir_u, wdir_l, wspd_x_u, wspd_y_u, wspd_x_l, wspd_y_l, dsr, dsr_cor, usr, usr_cor, albedo, dlr, ulr, cc, t_surf, dlhf_u, dlhf_l, dshf_u, dshf_l, z_boom_u, z_boom_cor_u, z_boom_l, z_boom_cor_l, z_surf_combined, snow_height, rainfall_u, rainfall_cor_u, rainfall_l, rainfall_cor_l, t_i_1, t_i_2, t_i_3, t_i_4, t_i_5, t_i_6, t_i_7, t_i_8, t_i_9, t_i_10, t_i_11, d_t_i_1, d_t_i_2, d_t_i_3, d_t_i_4, d_t_i_5, d_t_i_6, d_t_i_7, d_t_i_8, d_t_i_9, d_t_i_10, d_t_i_11, t_i_10m, tilt_x, tilt_y, rot, gps_lat, gps_lon, gps_alt, lat, lon, alt, batt_v, t_rad, p_i, t_i, rh_i, rh_i_wrt_ice_or_water, wspd_i, wdir_i, wspd_x_i, wspd_y_i

New variables not in old files:


Old variables removed from new files:

 
![HUM](../figures/version_comparisons/V37_versus_thredds_hour/HUM_0.png)
![HUM](../figures/version_comparisons/V37_versus_thredds_hour/HUM_1.png)
![HUM](../figures/version_comparisons/V37_versus_thredds_hour/HUM_2.png)
![HUM](../figures/version_comparisons/V37_versus_thredds_hour/HUM_3.png)
![HUM](../figures/version_comparisons/V37_versus_thredds_hour/HUM_4.png)
![HUM](../figures/version_comparisons/V37_versus_thredds_hour/HUM_5.png)
![HUM](../figures/version_comparisons/V37_versus_thredds_hour/HUM_6.png)
![HUM](../figures/version_comparisons/V37_versus_thredds_hour/HUM_7.png)
![HUM](../figures/version_comparisons/V37_versus_thredds_hour/HUM_8.png)
![HUM](../figures/version_comparisons/V37_versus_thredds_hour/HUM_9.png)
![HUM](../figures/version_comparisons/V37_versus_thredds_hour/HUM_10.png)
![HUM](../figures/version_comparisons/V37_versus_thredds_hour/HUM_11.png)
![HUM](../figures/version_comparisons/V37_versus_thredds_hour/HUM_12.png)
![HUM](../figures/version_comparisons/V37_versus_thredds_hour/HUM_13.png)
![HUM](../figures/version_comparisons/V37_versus_thredds_hour/HUM_14.png)
![HUM](../figures/version_comparisons/V37_versus_thredds_hour/HUM_15.png)
![HUM](../figures/version_comparisons/V37_versus_thredds_hour/HUM_16.png)
 
## JAR
/media/ice/Baptiste/geussnow01/dataverse//V37/hour/JAR_hour.csv
Variables in new file:
p_u, t_u, t_l, rh_u, rh_u_wrt_ice_or_water, qh_u, rh_l, rh_l_wrt_ice_or_water, qh_l, wspd_u, wspd_l, wdir_u, wdir_l, wspd_x_u, wspd_y_u, wspd_x_l, wspd_y_l, dsr, dsr_cor, usr, usr_cor, albedo, dlr, ulr, cc, t_surf, dlhf_u, dshf_u, z_boom_u, z_boom_cor_u, z_boom_cor_l, z_stake, z_stake_cor, z_pt, z_pt_cor, z_surf_combined, z_ice_surf, snow_height, rainfall_u, rainfall_cor_u, t_i_1, t_i_2, t_i_3, t_i_4, t_i_5, t_i_6, t_i_7, t_i_8, t_i_9, t_i_10, d_t_i_1, d_t_i_2, d_t_i_3, d_t_i_4, d_t_i_5, d_t_i_6, d_t_i_7, d_t_i_8, d_t_i_9, d_t_i_10, t_i_10m, tilt_x, tilt_y, rot, gps_lat, gps_lon, gps_alt, lat, lon, alt, batt_v, t_rad, p_i, t_i, rh_i, rh_i_wrt_ice_or_water, wspd_i, wdir_i, wspd_x_i, wspd_y_i

New variables not in old files:


Old variables removed from new files:

 
![JAR](../figures/version_comparisons/V37_versus_thredds_hour/JAR_0.png)
![JAR](../figures/version_comparisons/V37_versus_thredds_hour/JAR_1.png)
![JAR](../figures/version_comparisons/V37_versus_thredds_hour/JAR_2.png)
![JAR](../figures/version_comparisons/V37_versus_thredds_hour/JAR_3.png)
![JAR](../figures/version_comparisons/V37_versus_thredds_hour/JAR_4.png)
![JAR](../figures/version_comparisons/V37_versus_thredds_hour/JAR_5.png)
![JAR](../figures/version_comparisons/V37_versus_thredds_hour/JAR_6.png)
![JAR](../figures/version_comparisons/V37_versus_thredds_hour/JAR_7.png)
![JAR](../figures/version_comparisons/V37_versus_thredds_hour/JAR_8.png)
![JAR](../figures/version_comparisons/V37_versus_thredds_hour/JAR_9.png)
![JAR](../figures/version_comparisons/V37_versus_thredds_hour/JAR_10.png)
![JAR](../figures/version_comparisons/V37_versus_thredds_hour/JAR_11.png)
![JAR](../figures/version_comparisons/V37_versus_thredds_hour/JAR_12.png)
![JAR](../figures/version_comparisons/V37_versus_thredds_hour/JAR_13.png)
![JAR](../figures/version_comparisons/V37_versus_thredds_hour/JAR_14.png)
![JAR](../figures/version_comparisons/V37_versus_thredds_hour/JAR_15.png)
 
## KAN_B
/media/ice/Baptiste/geussnow01/dataverse//V37/hour/KAN_B_hour.csv
Variables in new file:
p_u, t_u, rh_u, rh_u_wrt_ice_or_water, qh_u, wspd_u, wdir_u, wspd_x_u, wspd_y_u, dsr, usr, albedo, dlr, ulr, t_surf, z_boom_u, z_boom_cor_u, z_surf_combined, snow_height, lat, lon, alt, batt_v, t_rad, p_i, t_i, rh_i, rh_i_wrt_ice_or_water, wspd_i, wdir_i, wspd_x_i, wspd_y_i

New variables not in old files:


Old variables removed from new files:

 
![KAN_B](../figures/version_comparisons/V37_versus_thredds_hour/KAN_B_0.png)
![KAN_B](../figures/version_comparisons/V37_versus_thredds_hour/KAN_B_1.png)
![KAN_B](../figures/version_comparisons/V37_versus_thredds_hour/KAN_B_2.png)
![KAN_B](../figures/version_comparisons/V37_versus_thredds_hour/KAN_B_3.png)
![KAN_B](../figures/version_comparisons/V37_versus_thredds_hour/KAN_B_4.png)
![KAN_B](../figures/version_comparisons/V37_versus_thredds_hour/KAN_B_5.png)
![KAN_B](../figures/version_comparisons/V37_versus_thredds_hour/KAN_B_6.png)
 
## KAN_L
/media/ice/Baptiste/geussnow01/dataverse//V37/hour/KAN_L_hour.csv
Variables in new file:
p_u, t_u, rh_u, rh_u_wrt_ice_or_water, qh_u, wspd_u, wdir_u, wspd_x_u, wspd_y_u, dsr, dsr_cor, usr, usr_cor, albedo, dlr, ulr, cc, t_surf, dlhf_u, dshf_u, z_boom_u, z_boom_cor_u, z_stake, z_stake_cor, z_pt, z_pt_cor, z_surf_combined, z_ice_surf, snow_height, rainfall_u, rainfall_cor_u, t_i_1, t_i_2, t_i_3, t_i_4, t_i_5, t_i_6, t_i_7, t_i_8, d_t_i_1, d_t_i_2, d_t_i_3, d_t_i_4, d_t_i_5, d_t_i_6, d_t_i_7, d_t_i_8, t_i_10m, tilt_x, tilt_y, rot, gps_lat, gps_lon, gps_alt, lat, lon, alt, batt_v, t_rad, p_i, t_i, rh_i, rh_i_wrt_ice_or_water, wspd_i, wdir_i, wspd_x_i, wspd_y_i

New variables not in old files:


Old variables removed from new files:

 
![KAN_L](../figures/version_comparisons/V37_versus_thredds_hour/KAN_L_0.png)
![KAN_L](../figures/version_comparisons/V37_versus_thredds_hour/KAN_L_1.png)
![KAN_L](../figures/version_comparisons/V37_versus_thredds_hour/KAN_L_2.png)
![KAN_L](../figures/version_comparisons/V37_versus_thredds_hour/KAN_L_3.png)
![KAN_L](../figures/version_comparisons/V37_versus_thredds_hour/KAN_L_4.png)
![KAN_L](../figures/version_comparisons/V37_versus_thredds_hour/KAN_L_5.png)
![KAN_L](../figures/version_comparisons/V37_versus_thredds_hour/KAN_L_6.png)
![KAN_L](../figures/version_comparisons/V37_versus_thredds_hour/KAN_L_7.png)
![KAN_L](../figures/version_comparisons/V37_versus_thredds_hour/KAN_L_8.png)
![KAN_L](../figures/version_comparisons/V37_versus_thredds_hour/KAN_L_9.png)
![KAN_L](../figures/version_comparisons/V37_versus_thredds_hour/KAN_L_10.png)
![KAN_L](../figures/version_comparisons/V37_versus_thredds_hour/KAN_L_11.png)
![KAN_L](../figures/version_comparisons/V37_versus_thredds_hour/KAN_L_12.png)
![KAN_L](../figures/version_comparisons/V37_versus_thredds_hour/KAN_L_13.png)
 
## KAN_M
/media/ice/Baptiste/geussnow01/dataverse//V37/hour/KAN_M_hour.csv
Variables in new file:
p_u, t_u, rh_u, rh_u_wrt_ice_or_water, qh_u, wspd_u, wdir_u, wspd_x_u, wspd_y_u, dsr, dsr_cor, usr, usr_cor, albedo, dlr, ulr, cc, t_surf, dlhf_u, dshf_u, z_boom_u, z_boom_cor_u, z_stake, z_stake_cor, z_pt, z_pt_cor, z_surf_combined, z_ice_surf, snow_height, t_i_1, t_i_2, t_i_3, t_i_4, t_i_5, t_i_6, t_i_7, t_i_8, d_t_i_1, d_t_i_2, d_t_i_3, d_t_i_4, d_t_i_5, d_t_i_6, d_t_i_7, d_t_i_8, t_i_10m, tilt_x, tilt_y, gps_lat, gps_lon, gps_alt, lat, lon, alt, batt_v, t_rad, p_i, t_i, rh_i, rh_i_wrt_ice_or_water, wspd_i, wdir_i, wspd_x_i, wspd_y_i

New variables not in old files:


Old variables removed from new files:

 
![KAN_M](../figures/version_comparisons/V37_versus_thredds_hour/KAN_M_0.png)
![KAN_M](../figures/version_comparisons/V37_versus_thredds_hour/KAN_M_1.png)
![KAN_M](../figures/version_comparisons/V37_versus_thredds_hour/KAN_M_2.png)
![KAN_M](../figures/version_comparisons/V37_versus_thredds_hour/KAN_M_3.png)
![KAN_M](../figures/version_comparisons/V37_versus_thredds_hour/KAN_M_4.png)
![KAN_M](../figures/version_comparisons/V37_versus_thredds_hour/KAN_M_5.png)
![KAN_M](../figures/version_comparisons/V37_versus_thredds_hour/KAN_M_6.png)
![KAN_M](../figures/version_comparisons/V37_versus_thredds_hour/KAN_M_7.png)
![KAN_M](../figures/version_comparisons/V37_versus_thredds_hour/KAN_M_8.png)
![KAN_M](../figures/version_comparisons/V37_versus_thredds_hour/KAN_M_9.png)
![KAN_M](../figures/version_comparisons/V37_versus_thredds_hour/KAN_M_10.png)
![KAN_M](../figures/version_comparisons/V37_versus_thredds_hour/KAN_M_11.png)
![KAN_M](../figures/version_comparisons/V37_versus_thredds_hour/KAN_M_12.png)
 
## KAN_T
/media/ice/Baptiste/geussnow01/dataverse//V37/hour/KAN_T_hour.csv
Variables in new file:
p_u, t_u, rh_u, rh_u_wrt_ice_or_water, qh_u, wspd_u, wdir_u, wspd_x_u, wspd_y_u, dsr, dsr_cor, usr, usr_cor, albedo, dlr, ulr, cc, t_surf, dlhf_u, dshf_u, z_boom_u, z_boom_cor_u, z_stake, z_stake_cor, z_pt, z_pt_cor, z_surf_combined, z_ice_surf, snow_height, rainfall_u, rainfall_cor_u, t_i_1, t_i_2, t_i_3, t_i_4, t_i_5, t_i_6, t_i_7, t_i_8, d_t_i_1, d_t_i_2, d_t_i_3, d_t_i_4, d_t_i_5, d_t_i_6, d_t_i_7, d_t_i_8, tilt_x, tilt_y, rot, gps_lat, gps_lon, gps_alt, lat, lon, alt, batt_v, t_rad, p_i, t_i, rh_i, rh_i_wrt_ice_or_water, wspd_i, wdir_i, wspd_x_i, wspd_y_i

New variables not in old files:


Old variables removed from new files:

 
![KAN_T](../figures/version_comparisons/V37_versus_thredds_hour/KAN_T_0.png)
![KAN_T](../figures/version_comparisons/V37_versus_thredds_hour/KAN_T_1.png)
![KAN_T](../figures/version_comparisons/V37_versus_thredds_hour/KAN_T_2.png)
![KAN_T](../figures/version_comparisons/V37_versus_thredds_hour/KAN_T_3.png)
![KAN_T](../figures/version_comparisons/V37_versus_thredds_hour/KAN_T_4.png)
![KAN_T](../figures/version_comparisons/V37_versus_thredds_hour/KAN_T_5.png)
![KAN_T](../figures/version_comparisons/V37_versus_thredds_hour/KAN_T_6.png)
![KAN_T](../figures/version_comparisons/V37_versus_thredds_hour/KAN_T_7.png)
![KAN_T](../figures/version_comparisons/V37_versus_thredds_hour/KAN_T_8.png)
![KAN_T](../figures/version_comparisons/V37_versus_thredds_hour/KAN_T_9.png)
![KAN_T](../figures/version_comparisons/V37_versus_thredds_hour/KAN_T_10.png)
![KAN_T](../figures/version_comparisons/V37_versus_thredds_hour/KAN_T_11.png)
![KAN_T](../figures/version_comparisons/V37_versus_thredds_hour/KAN_T_12.png)
![KAN_T](../figures/version_comparisons/V37_versus_thredds_hour/KAN_T_13.png)
 
## KAN_U
/media/ice/Baptiste/geussnow01/dataverse//V37/hour/KAN_U_hour.csv
Variables in new file:
p_u, p_l, t_u, t_l, rh_u, rh_u_wrt_ice_or_water, qh_u, rh_l, rh_l_wrt_ice_or_water, qh_l, wspd_u, wspd_l, wdir_u, wdir_l, wspd_x_u, wspd_y_u, wspd_x_l, wspd_y_l, dsr, dsr_cor, usr, usr_cor, albedo, dlr, ulr, cc, t_surf, dlhf_u, dlhf_l, dshf_u, dshf_l, z_boom_u, z_boom_cor_u, z_boom_l, z_boom_cor_l, z_stake, z_stake_cor, z_surf_combined, snow_height, rainfall_u, rainfall_cor_u, rainfall_l, rainfall_cor_l, t_i_1, t_i_2, t_i_3, t_i_4, t_i_5, t_i_6, t_i_7, t_i_8, t_i_9, t_i_10, t_i_11, d_t_i_1, d_t_i_2, d_t_i_3, d_t_i_4, d_t_i_5, d_t_i_6, d_t_i_7, d_t_i_8, d_t_i_9, d_t_i_10, d_t_i_11, t_i_10m, tilt_x, tilt_y, rot, gps_lat, gps_lon, gps_alt, lat, lon, alt, batt_v, t_rad, p_i, t_i, rh_i, rh_i_wrt_ice_or_water, wspd_i, wdir_i, wspd_x_i, wspd_y_i

New variables not in old files:


Old variables removed from new files:

 
![KAN_U](../figures/version_comparisons/V37_versus_thredds_hour/KAN_U_0.png)
![KAN_U](../figures/version_comparisons/V37_versus_thredds_hour/KAN_U_1.png)
![KAN_U](../figures/version_comparisons/V37_versus_thredds_hour/KAN_U_2.png)
![KAN_U](../figures/version_comparisons/V37_versus_thredds_hour/KAN_U_3.png)
![KAN_U](../figures/version_comparisons/V37_versus_thredds_hour/KAN_U_4.png)
![KAN_U](../figures/version_comparisons/V37_versus_thredds_hour/KAN_U_5.png)
![KAN_U](../figures/version_comparisons/V37_versus_thredds_hour/KAN_U_6.png)
![KAN_U](../figures/version_comparisons/V37_versus_thredds_hour/KAN_U_7.png)
![KAN_U](../figures/version_comparisons/V37_versus_thredds_hour/KAN_U_8.png)
![KAN_U](../figures/version_comparisons/V37_versus_thredds_hour/KAN_U_9.png)
![KAN_U](../figures/version_comparisons/V37_versus_thredds_hour/KAN_U_10.png)
![KAN_U](../figures/version_comparisons/V37_versus_thredds_hour/KAN_U_11.png)
![KAN_U](../figures/version_comparisons/V37_versus_thredds_hour/KAN_U_12.png)
![KAN_U](../figures/version_comparisons/V37_versus_thredds_hour/KAN_U_13.png)
![KAN_U](../figures/version_comparisons/V37_versus_thredds_hour/KAN_U_14.png)
![KAN_U](../figures/version_comparisons/V37_versus_thredds_hour/KAN_U_15.png)
![KAN_U](../figures/version_comparisons/V37_versus_thredds_hour/KAN_U_16.png)
 
## KPC_L
/media/ice/Baptiste/geussnow01/dataverse//V37/hour/KPC_L_hour.csv
Variables in new file:
p_u, t_u, rh_u, rh_u_wrt_ice_or_water, qh_u, wspd_u, wdir_u, wspd_x_u, wspd_y_u, dsr, dsr_cor, usr, usr_cor, albedo, dlr, ulr, cc, t_surf, dlhf_u, dshf_u, z_boom_u, z_boom_cor_u, z_stake, z_stake_cor, z_pt, z_pt_cor, z_surf_combined, z_ice_surf, snow_height, t_i_1, t_i_2, t_i_3, t_i_4, t_i_5, t_i_6, t_i_7, t_i_8, d_t_i_1, d_t_i_2, d_t_i_3, d_t_i_4, d_t_i_5, d_t_i_6, d_t_i_7, d_t_i_8, t_i_10m, tilt_x, tilt_y, gps_lat, gps_lon, gps_alt, lat, lon, alt, batt_v, t_rad, p_i, t_i, rh_i, rh_i_wrt_ice_or_water, wspd_i, wdir_i, wspd_x_i, wspd_y_i

New variables not in old files:


Old variables removed from new files:

 
![KPC_L](../figures/version_comparisons/V37_versus_thredds_hour/KPC_L_0.png)
![KPC_L](../figures/version_comparisons/V37_versus_thredds_hour/KPC_L_1.png)
![KPC_L](../figures/version_comparisons/V37_versus_thredds_hour/KPC_L_2.png)
![KPC_L](../figures/version_comparisons/V37_versus_thredds_hour/KPC_L_3.png)
![KPC_L](../figures/version_comparisons/V37_versus_thredds_hour/KPC_L_4.png)
![KPC_L](../figures/version_comparisons/V37_versus_thredds_hour/KPC_L_5.png)
![KPC_L](../figures/version_comparisons/V37_versus_thredds_hour/KPC_L_6.png)
![KPC_L](../figures/version_comparisons/V37_versus_thredds_hour/KPC_L_7.png)
![KPC_L](../figures/version_comparisons/V37_versus_thredds_hour/KPC_L_8.png)
![KPC_L](../figures/version_comparisons/V37_versus_thredds_hour/KPC_L_9.png)
![KPC_L](../figures/version_comparisons/V37_versus_thredds_hour/KPC_L_10.png)
![KPC_L](../figures/version_comparisons/V37_versus_thredds_hour/KPC_L_11.png)
![KPC_L](../figures/version_comparisons/V37_versus_thredds_hour/KPC_L_12.png)
 
## KPC_U
/media/ice/Baptiste/geussnow01/dataverse//V37/hour/KPC_U_hour.csv
Variables in new file:
p_u, t_u, rh_u, rh_u_wrt_ice_or_water, qh_u, wspd_u, wdir_u, wspd_x_u, wspd_y_u, dsr, dsr_cor, usr, usr_cor, albedo, dlr, ulr, cc, t_surf, dlhf_u, dshf_u, z_boom_u, z_boom_cor_u, z_stake, z_stake_cor, z_pt, z_surf_combined, z_ice_surf, snow_height, t_i_1, t_i_2, t_i_3, t_i_4, t_i_5, t_i_6, t_i_7, t_i_8, d_t_i_1, d_t_i_2, d_t_i_3, d_t_i_4, d_t_i_5, d_t_i_6, d_t_i_7, d_t_i_8, t_i_10m, tilt_x, tilt_y, gps_lat, gps_lon, gps_alt, lat, lon, alt, batt_v, t_rad, p_i, t_i, rh_i, rh_i_wrt_ice_or_water, wspd_i, wdir_i, wspd_x_i, wspd_y_i

New variables not in old files:


Old variables removed from new files:

 
![KPC_U](../figures/version_comparisons/V37_versus_thredds_hour/KPC_U_0.png)
![KPC_U](../figures/version_comparisons/V37_versus_thredds_hour/KPC_U_1.png)
![KPC_U](../figures/version_comparisons/V37_versus_thredds_hour/KPC_U_2.png)
![KPC_U](../figures/version_comparisons/V37_versus_thredds_hour/KPC_U_3.png)
![KPC_U](../figures/version_comparisons/V37_versus_thredds_hour/KPC_U_4.png)
![KPC_U](../figures/version_comparisons/V37_versus_thredds_hour/KPC_U_5.png)
![KPC_U](../figures/version_comparisons/V37_versus_thredds_hour/KPC_U_6.png)
![KPC_U](../figures/version_comparisons/V37_versus_thredds_hour/KPC_U_7.png)
![KPC_U](../figures/version_comparisons/V37_versus_thredds_hour/KPC_U_8.png)
![KPC_U](../figures/version_comparisons/V37_versus_thredds_hour/KPC_U_9.png)
![KPC_U](../figures/version_comparisons/V37_versus_thredds_hour/KPC_U_10.png)
![KPC_U](../figures/version_comparisons/V37_versus_thredds_hour/KPC_U_11.png)
![KPC_U](../figures/version_comparisons/V37_versus_thredds_hour/KPC_U_12.png)
 
## LYN_L
/media/ice/Baptiste/geussnow01/dataverse//V37/hour/LYN_L_hour.csv
Variables in new file:
p_u, t_u, rh_u, rh_u_wrt_ice_or_water, qh_u, wspd_u, wdir_u, wspd_x_u, wspd_y_u, z_boom_u, z_boom_cor_u, z_stake, z_stake_cor, z_surf_combined, z_ice_surf, snow_height, t_i_1, t_i_2, t_i_3, t_i_4, t_i_5, t_i_6, t_i_7, d_t_i_1, d_t_i_2, d_t_i_3, d_t_i_4, d_t_i_5, d_t_i_6, d_t_i_7, d_t_i_8, t_i_10m, tilt_x, tilt_y, gps_lat, gps_lon, gps_alt, lat, lon, alt, batt_v, t_rad, p_i, t_i, rh_i, rh_i_wrt_ice_or_water, wspd_i, wdir_i, wspd_x_i, wspd_y_i

New variables not in old files:


Old variables removed from new files:

 
![LYN_L](../figures/version_comparisons/V37_versus_thredds_hour/LYN_L_0.png)
![LYN_L](../figures/version_comparisons/V37_versus_thredds_hour/LYN_L_1.png)
![LYN_L](../figures/version_comparisons/V37_versus_thredds_hour/LYN_L_2.png)
![LYN_L](../figures/version_comparisons/V37_versus_thredds_hour/LYN_L_3.png)
![LYN_L](../figures/version_comparisons/V37_versus_thredds_hour/LYN_L_4.png)
![LYN_L](../figures/version_comparisons/V37_versus_thredds_hour/LYN_L_5.png)
![LYN_L](../figures/version_comparisons/V37_versus_thredds_hour/LYN_L_6.png)
![LYN_L](../figures/version_comparisons/V37_versus_thredds_hour/LYN_L_7.png)
![LYN_L](../figures/version_comparisons/V37_versus_thredds_hour/LYN_L_8.png)
![LYN_L](../figures/version_comparisons/V37_versus_thredds_hour/LYN_L_9.png)
 
## LYN_T
/media/ice/Baptiste/geussnow01/dataverse//V37/hour/LYN_T_hour.csv
No data from LYN_T in the last year
## MIT
/media/ice/Baptiste/geussnow01/dataverse//V37/hour/MIT_hour.csv
Variables in new file:
p_u, t_u, rh_u, rh_u_wrt_ice_or_water, qh_u, wspd_u, wdir_u, wspd_x_u, wspd_y_u, dsr, dsr_cor, usr, usr_cor, albedo, dlr, ulr, cc, t_surf, dlhf_u, dshf_u, z_boom_u, z_boom_cor_u, z_stake, z_stake_cor, z_pt, z_pt_cor, z_surf_combined, z_ice_surf, snow_height, t_i_1, t_i_2, t_i_3, t_i_4, t_i_5, t_i_6, t_i_7, t_i_8, d_t_i_1, d_t_i_2, d_t_i_3, d_t_i_4, d_t_i_5, d_t_i_6, d_t_i_7, d_t_i_8, t_i_10m, tilt_x, tilt_y, gps_lat, gps_lon, gps_alt, lat, lon, alt, batt_v, t_rad, p_i, t_i, rh_i, rh_i_wrt_ice_or_water, wspd_i, wdir_i, wspd_x_i, wspd_y_i

New variables not in old files:


Old variables removed from new files:

 
![MIT](../figures/version_comparisons/V37_versus_thredds_hour/MIT_0.png)
![MIT](../figures/version_comparisons/V37_versus_thredds_hour/MIT_1.png)
![MIT](../figures/version_comparisons/V37_versus_thredds_hour/MIT_2.png)
![MIT](../figures/version_comparisons/V37_versus_thredds_hour/MIT_3.png)
![MIT](../figures/version_comparisons/V37_versus_thredds_hour/MIT_4.png)
![MIT](../figures/version_comparisons/V37_versus_thredds_hour/MIT_5.png)
![MIT](../figures/version_comparisons/V37_versus_thredds_hour/MIT_6.png)
![MIT](../figures/version_comparisons/V37_versus_thredds_hour/MIT_7.png)
![MIT](../figures/version_comparisons/V37_versus_thredds_hour/MIT_8.png)
![MIT](../figures/version_comparisons/V37_versus_thredds_hour/MIT_9.png)
![MIT](../figures/version_comparisons/V37_versus_thredds_hour/MIT_10.png)
![MIT](../figures/version_comparisons/V37_versus_thredds_hour/MIT_11.png)
![MIT](../figures/version_comparisons/V37_versus_thredds_hour/MIT_12.png)
 
## NAE
/media/ice/Baptiste/geussnow01/dataverse//V37/hour/NAE_hour.csv
Variables in new file:
p_u, p_l, t_u, t_l, rh_u, rh_u_wrt_ice_or_water, qh_u, rh_l, rh_l_wrt_ice_or_water, qh_l, wspd_u, wspd_l, wdir_u, wdir_l, wspd_x_u, wspd_y_u, wspd_x_l, wspd_y_l, dsr, dsr_cor, usr, usr_cor, albedo, dlr, ulr, cc, t_surf, dlhf_u, dlhf_l, dshf_u, dshf_l, z_boom_u, z_boom_cor_u, z_boom_l, z_boom_cor_l, z_surf_combined, snow_height, rainfall_u, rainfall_cor_u, rainfall_l, rainfall_cor_l, t_i_1, t_i_2, t_i_3, t_i_4, t_i_5, t_i_6, t_i_7, t_i_8, t_i_9, t_i_10, t_i_11, d_t_i_1, d_t_i_2, d_t_i_3, d_t_i_4, d_t_i_5, d_t_i_6, d_t_i_7, d_t_i_8, d_t_i_9, d_t_i_10, d_t_i_11, t_i_10m, tilt_x, tilt_y, rot, gps_lat, gps_lon, gps_alt, lat, lon, alt, batt_v, t_rad, p_i, t_i, rh_i, rh_i_wrt_ice_or_water, wspd_i, wdir_i, wspd_x_i, wspd_y_i

New variables not in old files:


Old variables removed from new files:

 
![NAE](../figures/version_comparisons/V37_versus_thredds_hour/NAE_0.png)
![NAE](../figures/version_comparisons/V37_versus_thredds_hour/NAE_1.png)
![NAE](../figures/version_comparisons/V37_versus_thredds_hour/NAE_2.png)
![NAE](../figures/version_comparisons/V37_versus_thredds_hour/NAE_3.png)
![NAE](../figures/version_comparisons/V37_versus_thredds_hour/NAE_4.png)
![NAE](../figures/version_comparisons/V37_versus_thredds_hour/NAE_5.png)
![NAE](../figures/version_comparisons/V37_versus_thredds_hour/NAE_6.png)
![NAE](../figures/version_comparisons/V37_versus_thredds_hour/NAE_7.png)
![NAE](../figures/version_comparisons/V37_versus_thredds_hour/NAE_8.png)
![NAE](../figures/version_comparisons/V37_versus_thredds_hour/NAE_9.png)
![NAE](../figures/version_comparisons/V37_versus_thredds_hour/NAE_10.png)
![NAE](../figures/version_comparisons/V37_versus_thredds_hour/NAE_11.png)
![NAE](../figures/version_comparisons/V37_versus_thredds_hour/NAE_12.png)
![NAE](../figures/version_comparisons/V37_versus_thredds_hour/NAE_13.png)
![NAE](../figures/version_comparisons/V37_versus_thredds_hour/NAE_14.png)
![NAE](../figures/version_comparisons/V37_versus_thredds_hour/NAE_15.png)
![NAE](../figures/version_comparisons/V37_versus_thredds_hour/NAE_16.png)
 
## NAU
/media/ice/Baptiste/geussnow01/dataverse//V37/hour/NAU_hour.csv
Variables in new file:
p_u, p_l, t_u, t_l, rh_u, rh_u_wrt_ice_or_water, qh_u, rh_l, rh_l_wrt_ice_or_water, qh_l, wspd_u, wspd_l, wdir_u, wdir_l, wspd_x_u, wspd_y_u, wspd_x_l, wspd_y_l, dsr, dsr_cor, usr, usr_cor, albedo, dlr, ulr, cc, t_surf, dlhf_u, dlhf_l, dshf_u, dshf_l, z_boom_u, z_boom_cor_u, z_boom_l, z_boom_cor_l, z_surf_combined, snow_height, rainfall_u, rainfall_cor_u, rainfall_l, rainfall_cor_l, t_i_1, t_i_2, t_i_3, t_i_4, t_i_5, t_i_6, t_i_7, t_i_8, t_i_9, t_i_10, t_i_11, d_t_i_1, d_t_i_2, d_t_i_3, d_t_i_4, d_t_i_5, d_t_i_6, d_t_i_7, d_t_i_8, d_t_i_9, d_t_i_10, d_t_i_11, t_i_10m, tilt_x, tilt_y, rot, gps_lat, gps_lon, gps_alt, lat, lon, alt, batt_v, t_rad, p_i, t_i, rh_i, rh_i_wrt_ice_or_water, wspd_i, wdir_i, wspd_x_i, wspd_y_i

New variables not in old files:


Old variables removed from new files:

 
![NAU](../figures/version_comparisons/V37_versus_thredds_hour/NAU_0.png)
![NAU](../figures/version_comparisons/V37_versus_thredds_hour/NAU_1.png)
![NAU](../figures/version_comparisons/V37_versus_thredds_hour/NAU_2.png)
![NAU](../figures/version_comparisons/V37_versus_thredds_hour/NAU_3.png)
![NAU](../figures/version_comparisons/V37_versus_thredds_hour/NAU_4.png)
![NAU](../figures/version_comparisons/V37_versus_thredds_hour/NAU_5.png)
![NAU](../figures/version_comparisons/V37_versus_thredds_hour/NAU_6.png)
![NAU](../figures/version_comparisons/V37_versus_thredds_hour/NAU_7.png)
![NAU](../figures/version_comparisons/V37_versus_thredds_hour/NAU_8.png)
![NAU](../figures/version_comparisons/V37_versus_thredds_hour/NAU_9.png)
![NAU](../figures/version_comparisons/V37_versus_thredds_hour/NAU_10.png)
![NAU](../figures/version_comparisons/V37_versus_thredds_hour/NAU_11.png)
![NAU](../figures/version_comparisons/V37_versus_thredds_hour/NAU_12.png)
![NAU](../figures/version_comparisons/V37_versus_thredds_hour/NAU_13.png)
![NAU](../figures/version_comparisons/V37_versus_thredds_hour/NAU_14.png)
![NAU](../figures/version_comparisons/V37_versus_thredds_hour/NAU_15.png)
![NAU](../figures/version_comparisons/V37_versus_thredds_hour/NAU_16.png)
 
## NEM
/media/ice/Baptiste/geussnow01/dataverse//V37/hour/NEM_hour.csv
Variables in new file:
p_u, p_l, t_u, t_l, rh_u, rh_u_wrt_ice_or_water, qh_u, rh_l, rh_l_wrt_ice_or_water, qh_l, wspd_u, wspd_l, wdir_u, wdir_l, wspd_x_u, wspd_y_u, wspd_x_l, wspd_y_l, dsr, dsr_cor, usr, usr_cor, albedo, dlr, ulr, cc, t_surf, dlhf_u, dlhf_l, dshf_u, dshf_l, z_boom_u, z_boom_cor_u, z_boom_l, z_boom_cor_l, z_surf_combined, snow_height, rainfall_u, rainfall_cor_u, rainfall_l, rainfall_cor_l, t_i_1, t_i_2, t_i_3, t_i_4, t_i_5, t_i_6, t_i_7, t_i_8, t_i_9, t_i_10, t_i_11, d_t_i_1, d_t_i_2, d_t_i_3, d_t_i_4, d_t_i_5, d_t_i_6, d_t_i_7, d_t_i_8, d_t_i_9, d_t_i_10, d_t_i_11, t_i_10m, tilt_x, tilt_y, rot, gps_lat, gps_lon, gps_alt, lat, lon, alt, batt_v, t_rad, p_i, t_i, rh_i, rh_i_wrt_ice_or_water, wspd_i, wdir_i, wspd_x_i, wspd_y_i

New variables not in old files:


Old variables removed from new files:

 
![NEM](../figures/version_comparisons/V37_versus_thredds_hour/NEM_0.png)
![NEM](../figures/version_comparisons/V37_versus_thredds_hour/NEM_1.png)
![NEM](../figures/version_comparisons/V37_versus_thredds_hour/NEM_2.png)
![NEM](../figures/version_comparisons/V37_versus_thredds_hour/NEM_3.png)
![NEM](../figures/version_comparisons/V37_versus_thredds_hour/NEM_4.png)
![NEM](../figures/version_comparisons/V37_versus_thredds_hour/NEM_5.png)
![NEM](../figures/version_comparisons/V37_versus_thredds_hour/NEM_6.png)
![NEM](../figures/version_comparisons/V37_versus_thredds_hour/NEM_7.png)
![NEM](../figures/version_comparisons/V37_versus_thredds_hour/NEM_8.png)
![NEM](../figures/version_comparisons/V37_versus_thredds_hour/NEM_9.png)
![NEM](../figures/version_comparisons/V37_versus_thredds_hour/NEM_10.png)
![NEM](../figures/version_comparisons/V37_versus_thredds_hour/NEM_11.png)
![NEM](../figures/version_comparisons/V37_versus_thredds_hour/NEM_12.png)
![NEM](../figures/version_comparisons/V37_versus_thredds_hour/NEM_13.png)
![NEM](../figures/version_comparisons/V37_versus_thredds_hour/NEM_14.png)
![NEM](../figures/version_comparisons/V37_versus_thredds_hour/NEM_15.png)
![NEM](../figures/version_comparisons/V37_versus_thredds_hour/NEM_16.png)
 
## NSE
/media/ice/Baptiste/geussnow01/dataverse//V37/hour/NSE_hour.csv
Variables in new file:
p_u, p_l, t_u, t_l, rh_u, rh_u_wrt_ice_or_water, qh_u, rh_l, rh_l_wrt_ice_or_water, qh_l, wspd_u, wspd_l, wdir_u, wdir_l, wspd_x_u, wspd_y_u, wspd_x_l, wspd_y_l, dsr, dsr_cor, usr, usr_cor, albedo, dlr, ulr, cc, t_surf, dlhf_u, dlhf_l, dshf_u, dshf_l, z_boom_u, z_boom_cor_u, z_boom_l, z_boom_cor_l, z_surf_combined, snow_height, rainfall_u, rainfall_cor_u, rainfall_l, rainfall_cor_l, t_i_1, t_i_2, t_i_3, t_i_4, t_i_5, t_i_6, t_i_7, t_i_8, t_i_9, t_i_10, t_i_11, d_t_i_1, d_t_i_2, d_t_i_3, d_t_i_4, d_t_i_5, d_t_i_6, d_t_i_7, d_t_i_8, d_t_i_9, d_t_i_10, d_t_i_11, t_i_10m, tilt_x, tilt_y, rot, gps_lat, gps_lon, gps_alt, lat, lon, alt, batt_v, t_rad, p_i, t_i, rh_i, rh_i_wrt_ice_or_water, wspd_i, wdir_i, wspd_x_i, wspd_y_i

New variables not in old files:


Old variables removed from new files:

 
![NSE](../figures/version_comparisons/V37_versus_thredds_hour/NSE_0.png)
![NSE](../figures/version_comparisons/V37_versus_thredds_hour/NSE_1.png)
![NSE](../figures/version_comparisons/V37_versus_thredds_hour/NSE_2.png)
![NSE](../figures/version_comparisons/V37_versus_thredds_hour/NSE_3.png)
![NSE](../figures/version_comparisons/V37_versus_thredds_hour/NSE_4.png)
![NSE](../figures/version_comparisons/V37_versus_thredds_hour/NSE_5.png)
![NSE](../figures/version_comparisons/V37_versus_thredds_hour/NSE_6.png)
![NSE](../figures/version_comparisons/V37_versus_thredds_hour/NSE_7.png)
![NSE](../figures/version_comparisons/V37_versus_thredds_hour/NSE_8.png)
![NSE](../figures/version_comparisons/V37_versus_thredds_hour/NSE_9.png)
![NSE](../figures/version_comparisons/V37_versus_thredds_hour/NSE_10.png)
![NSE](../figures/version_comparisons/V37_versus_thredds_hour/NSE_11.png)
![NSE](../figures/version_comparisons/V37_versus_thredds_hour/NSE_12.png)
![NSE](../figures/version_comparisons/V37_versus_thredds_hour/NSE_13.png)
![NSE](../figures/version_comparisons/V37_versus_thredds_hour/NSE_14.png)
![NSE](../figures/version_comparisons/V37_versus_thredds_hour/NSE_15.png)
![NSE](../figures/version_comparisons/V37_versus_thredds_hour/NSE_16.png)
 
## NUK_B
/media/ice/Baptiste/geussnow01/dataverse//V37/hour/NUK_B_hour.csv
Variables in new file:
p_u, t_u, rh_u, rh_u_wrt_ice_or_water, qh_u, wspd_u, wdir_u, wspd_x_u, wspd_y_u, dsr, usr, albedo, dlr, ulr, t_surf, z_boom_u, z_boom_cor_u, z_surf_combined, snow_height, rainfall_u, rainfall_cor_u, tilt_x, tilt_y, rot, gps_lat, gps_lon, gps_alt, lat, lon, alt, batt_v, t_rad, p_i, t_i, rh_i, rh_i_wrt_ice_or_water, wspd_i, wdir_i, wspd_x_i, wspd_y_i

New variables not in old files:


Old variables removed from new files:

 
![NUK_B](../figures/version_comparisons/V37_versus_thredds_hour/NUK_B_0.png)
![NUK_B](../figures/version_comparisons/V37_versus_thredds_hour/NUK_B_1.png)
![NUK_B](../figures/version_comparisons/V37_versus_thredds_hour/NUK_B_2.png)
![NUK_B](../figures/version_comparisons/V37_versus_thredds_hour/NUK_B_3.png)
![NUK_B](../figures/version_comparisons/V37_versus_thredds_hour/NUK_B_4.png)
![NUK_B](../figures/version_comparisons/V37_versus_thredds_hour/NUK_B_5.png)
![NUK_B](../figures/version_comparisons/V37_versus_thredds_hour/NUK_B_6.png)
![NUK_B](../figures/version_comparisons/V37_versus_thredds_hour/NUK_B_7.png)
 
## NUK_K
/media/ice/Baptiste/geussnow01/dataverse//V37/hour/NUK_K_hour.csv
Variables in new file:
p_u, t_u, rh_u, rh_u_wrt_ice_or_water, qh_u, wspd_u, wdir_u, wspd_x_u, wspd_y_u, dsr, dsr_cor, usr, usr_cor, albedo, dlr, ulr, cc, t_surf, dlhf_u, dshf_u, z_boom_u, z_boom_cor_u, z_stake, z_stake_cor, z_pt, z_pt_cor, z_surf_combined, z_ice_surf, snow_height, rainfall_u, rainfall_cor_u, t_i_1, t_i_2, t_i_3, t_i_4, t_i_5, t_i_6, t_i_7, t_i_8, d_t_i_1, d_t_i_2, d_t_i_3, d_t_i_4, d_t_i_5, d_t_i_6, d_t_i_7, d_t_i_8, t_i_10m, tilt_x, tilt_y, rot, gps_lat, gps_lon, gps_alt, lat, lon, alt, batt_v, t_rad, p_i, t_i, rh_i, rh_i_wrt_ice_or_water, wspd_i, wdir_i, wspd_x_i, wspd_y_i

New variables not in old files:


Old variables removed from new files:

 
![NUK_K](../figures/version_comparisons/V37_versus_thredds_hour/NUK_K_0.png)
![NUK_K](../figures/version_comparisons/V37_versus_thredds_hour/NUK_K_1.png)
![NUK_K](../figures/version_comparisons/V37_versus_thredds_hour/NUK_K_2.png)
![NUK_K](../figures/version_comparisons/V37_versus_thredds_hour/NUK_K_3.png)
![NUK_K](../figures/version_comparisons/V37_versus_thredds_hour/NUK_K_4.png)
![NUK_K](../figures/version_comparisons/V37_versus_thredds_hour/NUK_K_5.png)
![NUK_K](../figures/version_comparisons/V37_versus_thredds_hour/NUK_K_6.png)
![NUK_K](../figures/version_comparisons/V37_versus_thredds_hour/NUK_K_7.png)
![NUK_K](../figures/version_comparisons/V37_versus_thredds_hour/NUK_K_8.png)
![NUK_K](../figures/version_comparisons/V37_versus_thredds_hour/NUK_K_9.png)
![NUK_K](../figures/version_comparisons/V37_versus_thredds_hour/NUK_K_10.png)
![NUK_K](../figures/version_comparisons/V37_versus_thredds_hour/NUK_K_11.png)
![NUK_K](../figures/version_comparisons/V37_versus_thredds_hour/NUK_K_12.png)
![NUK_K](../figures/version_comparisons/V37_versus_thredds_hour/NUK_K_13.png)
 
## NUK_L
/media/ice/Baptiste/geussnow01/dataverse//V37/hour/NUK_L_hour.csv
Variables in new file:
p_u, t_u, rh_u, rh_u_wrt_ice_or_water, qh_u, wspd_u, wdir_u, wspd_x_u, wspd_y_u, dsr, dsr_cor, usr, usr_cor, albedo, dlr, ulr, cc, t_surf, dlhf_u, dshf_u, z_boom_u, z_boom_cor_u, z_stake, z_stake_cor, z_pt, z_pt_cor, z_surf_combined, z_ice_surf, snow_height, rainfall_u, rainfall_cor_u, t_i_1, t_i_2, t_i_3, t_i_4, t_i_5, t_i_6, t_i_7, t_i_8, d_t_i_1, d_t_i_2, d_t_i_3, d_t_i_4, d_t_i_5, d_t_i_6, d_t_i_7, d_t_i_8, t_i_10m, tilt_x, tilt_y, rot, gps_lat, gps_lon, gps_alt, lat, lon, alt, batt_v, t_rad, p_i, t_i, rh_i, rh_i_wrt_ice_or_water, wspd_i, wdir_i, wspd_x_i, wspd_y_i

New variables not in old files:


Old variables removed from new files:

 
![NUK_L](../figures/version_comparisons/V37_versus_thredds_hour/NUK_L_0.png)
![NUK_L](../figures/version_comparisons/V37_versus_thredds_hour/NUK_L_1.png)
![NUK_L](../figures/version_comparisons/V37_versus_thredds_hour/NUK_L_2.png)
![NUK_L](../figures/version_comparisons/V37_versus_thredds_hour/NUK_L_3.png)
![NUK_L](../figures/version_comparisons/V37_versus_thredds_hour/NUK_L_4.png)
![NUK_L](../figures/version_comparisons/V37_versus_thredds_hour/NUK_L_5.png)
![NUK_L](../figures/version_comparisons/V37_versus_thredds_hour/NUK_L_6.png)
![NUK_L](../figures/version_comparisons/V37_versus_thredds_hour/NUK_L_7.png)
![NUK_L](../figures/version_comparisons/V37_versus_thredds_hour/NUK_L_8.png)
![NUK_L](../figures/version_comparisons/V37_versus_thredds_hour/NUK_L_9.png)
![NUK_L](../figures/version_comparisons/V37_versus_thredds_hour/NUK_L_10.png)
![NUK_L](../figures/version_comparisons/V37_versus_thredds_hour/NUK_L_11.png)
![NUK_L](../figures/version_comparisons/V37_versus_thredds_hour/NUK_L_12.png)
![NUK_L](../figures/version_comparisons/V37_versus_thredds_hour/NUK_L_13.png)
 
## NUK_N
/media/ice/Baptiste/geussnow01/dataverse//V37/hour/NUK_N_hour.csv
No data from NUK_N in the last year
## NUK_U
/media/ice/Baptiste/geussnow01/dataverse//V37/hour/NUK_U_hour.csv
Variables in new file:
p_u, t_u, rh_u, rh_u_wrt_ice_or_water, qh_u, wspd_u, wdir_u, wspd_x_u, wspd_y_u, dsr, dsr_cor, usr, usr_cor, albedo, dlr, ulr, cc, t_surf, dlhf_u, dshf_u, z_boom_u, z_boom_cor_u, z_stake, z_stake_cor, z_pt, z_pt_cor, z_surf_combined, z_ice_surf, snow_height, rainfall_u, rainfall_cor_u, t_i_1, t_i_2, t_i_3, t_i_4, t_i_5, t_i_6, t_i_7, t_i_8, d_t_i_1, d_t_i_2, d_t_i_3, d_t_i_4, d_t_i_5, d_t_i_6, d_t_i_7, d_t_i_8, t_i_10m, tilt_x, tilt_y, rot, gps_lat, gps_lon, gps_alt, lat, lon, alt, batt_v, t_rad, p_i, t_i, rh_i, rh_i_wrt_ice_or_water, wspd_i, wdir_i, wspd_x_i, wspd_y_i

New variables not in old files:


Old variables removed from new files:

 
![NUK_U](../figures/version_comparisons/V37_versus_thredds_hour/NUK_U_0.png)
![NUK_U](../figures/version_comparisons/V37_versus_thredds_hour/NUK_U_1.png)
![NUK_U](../figures/version_comparisons/V37_versus_thredds_hour/NUK_U_2.png)
![NUK_U](../figures/version_comparisons/V37_versus_thredds_hour/NUK_U_3.png)
![NUK_U](../figures/version_comparisons/V37_versus_thredds_hour/NUK_U_4.png)
![NUK_U](../figures/version_comparisons/V37_versus_thredds_hour/NUK_U_5.png)
![NUK_U](../figures/version_comparisons/V37_versus_thredds_hour/NUK_U_6.png)
![NUK_U](../figures/version_comparisons/V37_versus_thredds_hour/NUK_U_7.png)
![NUK_U](../figures/version_comparisons/V37_versus_thredds_hour/NUK_U_8.png)
![NUK_U](../figures/version_comparisons/V37_versus_thredds_hour/NUK_U_9.png)
![NUK_U](../figures/version_comparisons/V37_versus_thredds_hour/NUK_U_10.png)
![NUK_U](../figures/version_comparisons/V37_versus_thredds_hour/NUK_U_11.png)
![NUK_U](../figures/version_comparisons/V37_versus_thredds_hour/NUK_U_12.png)
![NUK_U](../figures/version_comparisons/V37_versus_thredds_hour/NUK_U_13.png)
 
## QAS_A
/media/ice/Baptiste/geussnow01/dataverse//V37/hour/QAS_A_hour.csv
No data from QAS_A in the last year
## QAS_L
/media/ice/Baptiste/geussnow01/dataverse//V37/hour/QAS_L_hour.csv
Variables in new file:
p_u, t_u, rh_u, rh_u_wrt_ice_or_water, qh_u, wspd_u, wdir_u, wspd_x_u, wspd_y_u, dsr, dsr_cor, usr, usr_cor, albedo, dlr, ulr, cc, t_surf, dlhf_u, dshf_u, z_boom_u, z_boom_cor_u, z_stake, z_stake_cor, z_pt, z_pt_cor, z_surf_combined, z_ice_surf, snow_height, rainfall_u, rainfall_cor_u, t_i_1, t_i_2, t_i_3, t_i_4, t_i_5, t_i_6, t_i_7, t_i_8, d_t_i_1, d_t_i_2, d_t_i_3, d_t_i_4, d_t_i_5, d_t_i_6, d_t_i_7, d_t_i_8, t_i_10m, tilt_x, tilt_y, rot, gps_lat, gps_lon, gps_alt, lat, lon, alt, batt_v, t_rad, p_i, t_i, rh_i, rh_i_wrt_ice_or_water, wspd_i, wdir_i, wspd_x_i, wspd_y_i

New variables not in old files:


Old variables removed from new files:

 
![QAS_L](../figures/version_comparisons/V37_versus_thredds_hour/QAS_L_0.png)
![QAS_L](../figures/version_comparisons/V37_versus_thredds_hour/QAS_L_1.png)
![QAS_L](../figures/version_comparisons/V37_versus_thredds_hour/QAS_L_2.png)
![QAS_L](../figures/version_comparisons/V37_versus_thredds_hour/QAS_L_3.png)
![QAS_L](../figures/version_comparisons/V37_versus_thredds_hour/QAS_L_4.png)
![QAS_L](../figures/version_comparisons/V37_versus_thredds_hour/QAS_L_5.png)
![QAS_L](../figures/version_comparisons/V37_versus_thredds_hour/QAS_L_6.png)
![QAS_L](../figures/version_comparisons/V37_versus_thredds_hour/QAS_L_7.png)
![QAS_L](../figures/version_comparisons/V37_versus_thredds_hour/QAS_L_8.png)
![QAS_L](../figures/version_comparisons/V37_versus_thredds_hour/QAS_L_9.png)
![QAS_L](../figures/version_comparisons/V37_versus_thredds_hour/QAS_L_10.png)
![QAS_L](../figures/version_comparisons/V37_versus_thredds_hour/QAS_L_11.png)
![QAS_L](../figures/version_comparisons/V37_versus_thredds_hour/QAS_L_12.png)
![QAS_L](../figures/version_comparisons/V37_versus_thredds_hour/QAS_L_13.png)
 
## QAS_M
/media/ice/Baptiste/geussnow01/dataverse//V37/hour/QAS_M_hour.csv
Variables in new file:
p_u, t_u, rh_u, rh_u_wrt_ice_or_water, qh_u, wspd_u, wdir_u, wspd_x_u, wspd_y_u, dsr, dsr_cor, usr, usr_cor, albedo, dlr, ulr, cc, t_surf, dlhf_u, dshf_u, z_boom_u, z_boom_cor_u, z_stake, z_stake_cor, z_pt, z_pt_cor, z_surf_combined, z_ice_surf, snow_height, rainfall_u, rainfall_cor_u, t_i_1, t_i_2, t_i_3, t_i_4, t_i_5, t_i_6, t_i_7, t_i_8, d_t_i_1, d_t_i_2, d_t_i_3, d_t_i_4, d_t_i_5, d_t_i_6, d_t_i_7, d_t_i_8, t_i_10m, tilt_x, tilt_y, rot, gps_lat, gps_lon, gps_alt, lat, lon, alt, batt_v, t_rad, p_i, t_i, rh_i, rh_i_wrt_ice_or_water, wspd_i, wdir_i, wspd_x_i, wspd_y_i

New variables not in old files:


Old variables removed from new files:

 
![QAS_M](../figures/version_comparisons/V37_versus_thredds_hour/QAS_M_0.png)
![QAS_M](../figures/version_comparisons/V37_versus_thredds_hour/QAS_M_1.png)
![QAS_M](../figures/version_comparisons/V37_versus_thredds_hour/QAS_M_2.png)
![QAS_M](../figures/version_comparisons/V37_versus_thredds_hour/QAS_M_3.png)
![QAS_M](../figures/version_comparisons/V37_versus_thredds_hour/QAS_M_4.png)
![QAS_M](../figures/version_comparisons/V37_versus_thredds_hour/QAS_M_5.png)
![QAS_M](../figures/version_comparisons/V37_versus_thredds_hour/QAS_M_6.png)
![QAS_M](../figures/version_comparisons/V37_versus_thredds_hour/QAS_M_7.png)
![QAS_M](../figures/version_comparisons/V37_versus_thredds_hour/QAS_M_8.png)
![QAS_M](../figures/version_comparisons/V37_versus_thredds_hour/QAS_M_9.png)
![QAS_M](../figures/version_comparisons/V37_versus_thredds_hour/QAS_M_10.png)
![QAS_M](../figures/version_comparisons/V37_versus_thredds_hour/QAS_M_11.png)
![QAS_M](../figures/version_comparisons/V37_versus_thredds_hour/QAS_M_12.png)
![QAS_M](../figures/version_comparisons/V37_versus_thredds_hour/QAS_M_13.png)
 
## QAS_U
/media/ice/Baptiste/geussnow01/dataverse//V37/hour/QAS_U_hour.csv
Variables in new file:
p_u, t_u, rh_u, rh_u_wrt_ice_or_water, qh_u, wspd_u, wdir_u, wspd_x_u, wspd_y_u, dsr, dsr_cor, usr, usr_cor, albedo, dlr, ulr, cc, t_surf, dlhf_u, dshf_u, z_boom_u, z_boom_cor_u, z_stake, z_stake_cor, z_pt, z_pt_cor, z_surf_combined, z_ice_surf, snow_height, rainfall_u, rainfall_cor_u, t_i_1, t_i_2, t_i_3, t_i_4, t_i_5, t_i_6, t_i_7, t_i_8, d_t_i_1, d_t_i_2, d_t_i_3, d_t_i_4, d_t_i_5, d_t_i_6, d_t_i_7, d_t_i_8, t_i_10m, tilt_x, tilt_y, rot, gps_lat, gps_lon, gps_alt, lat, lon, alt, batt_v, t_rad, p_i, t_i, rh_i, rh_i_wrt_ice_or_water, wspd_i, wdir_i, wspd_x_i, wspd_y_i

New variables not in old files:


Old variables removed from new files:

 
![QAS_U](../figures/version_comparisons/V37_versus_thredds_hour/QAS_U_0.png)
![QAS_U](../figures/version_comparisons/V37_versus_thredds_hour/QAS_U_1.png)
![QAS_U](../figures/version_comparisons/V37_versus_thredds_hour/QAS_U_2.png)
![QAS_U](../figures/version_comparisons/V37_versus_thredds_hour/QAS_U_3.png)
![QAS_U](../figures/version_comparisons/V37_versus_thredds_hour/QAS_U_4.png)
![QAS_U](../figures/version_comparisons/V37_versus_thredds_hour/QAS_U_5.png)
![QAS_U](../figures/version_comparisons/V37_versus_thredds_hour/QAS_U_6.png)
![QAS_U](../figures/version_comparisons/V37_versus_thredds_hour/QAS_U_7.png)
![QAS_U](../figures/version_comparisons/V37_versus_thredds_hour/QAS_U_8.png)
![QAS_U](../figures/version_comparisons/V37_versus_thredds_hour/QAS_U_9.png)
![QAS_U](../figures/version_comparisons/V37_versus_thredds_hour/QAS_U_10.png)
![QAS_U](../figures/version_comparisons/V37_versus_thredds_hour/QAS_U_11.png)
![QAS_U](../figures/version_comparisons/V37_versus_thredds_hour/QAS_U_12.png)
![QAS_U](../figures/version_comparisons/V37_versus_thredds_hour/QAS_U_13.png)
 
## RED_L
/media/ice/Baptiste/geussnow01/dataverse//V37/hour/RED_L_hour.csv
Variables in new file:
p_u, t_u, rh_u, rh_u_wrt_ice_or_water, qh_u, wspd_u, wdir_u, wspd_x_u, wspd_y_u, dsr, dsr_cor, usr, usr_cor, albedo, dlr, ulr, cc, t_surf, dlhf_u, dshf_u, z_boom_u, z_boom_cor_u, z_stake, z_stake_cor, z_pt, z_surf_combined, z_ice_surf, snow_height, rainfall_u, rainfall_cor_u, t_i_1, t_i_2, t_i_3, t_i_4, t_i_5, t_i_6, t_i_7, t_i_8, d_t_i_1, d_t_i_2, d_t_i_3, d_t_i_4, d_t_i_5, d_t_i_6, d_t_i_7, d_t_i_8, t_i_10m, tilt_x, tilt_y, rot, gps_lat, gps_lon, gps_alt, lat, lon, alt, batt_v, t_rad, p_i, t_i, rh_i, rh_i_wrt_ice_or_water, wspd_i, wdir_i, wspd_x_i, wspd_y_i

New variables not in old files:


Old variables removed from new files:

 
![RED_L](../figures/version_comparisons/V37_versus_thredds_hour/RED_L_0.png)
![RED_L](../figures/version_comparisons/V37_versus_thredds_hour/RED_L_1.png)
![RED_L](../figures/version_comparisons/V37_versus_thredds_hour/RED_L_2.png)
![RED_L](../figures/version_comparisons/V37_versus_thredds_hour/RED_L_3.png)
![RED_L](../figures/version_comparisons/V37_versus_thredds_hour/RED_L_4.png)
![RED_L](../figures/version_comparisons/V37_versus_thredds_hour/RED_L_5.png)
![RED_L](../figures/version_comparisons/V37_versus_thredds_hour/RED_L_6.png)
![RED_L](../figures/version_comparisons/V37_versus_thredds_hour/RED_L_7.png)
![RED_L](../figures/version_comparisons/V37_versus_thredds_hour/RED_L_8.png)
![RED_L](../figures/version_comparisons/V37_versus_thredds_hour/RED_L_9.png)
![RED_L](../figures/version_comparisons/V37_versus_thredds_hour/RED_L_10.png)
![RED_L](../figures/version_comparisons/V37_versus_thredds_hour/RED_L_11.png)
![RED_L](../figures/version_comparisons/V37_versus_thredds_hour/RED_L_12.png)
![RED_L](../figures/version_comparisons/V37_versus_thredds_hour/RED_L_13.png)
 
## SCO_L
/media/ice/Baptiste/geussnow01/dataverse//V37/hour/SCO_L_hour.csv
Variables in new file:
p_u, t_u, rh_u, rh_u_wrt_ice_or_water, qh_u, wspd_u, wdir_u, wspd_x_u, wspd_y_u, dsr, dsr_cor, usr, usr_cor, albedo, dlr, ulr, cc, t_surf, dlhf_u, dshf_u, z_boom_u, z_boom_cor_u, z_stake, z_stake_cor, z_pt, z_pt_cor, z_surf_combined, z_ice_surf, snow_height, rainfall_u, rainfall_cor_u, t_i_1, t_i_2, t_i_3, t_i_4, t_i_5, t_i_6, t_i_7, t_i_8, d_t_i_1, d_t_i_2, d_t_i_3, d_t_i_4, d_t_i_5, d_t_i_6, d_t_i_7, d_t_i_8, t_i_10m, tilt_x, tilt_y, rot, gps_lat, gps_lon, gps_alt, lat, lon, alt, batt_v, t_rad, p_i, t_i, rh_i, rh_i_wrt_ice_or_water, wspd_i, wdir_i, wspd_x_i, wspd_y_i

New variables not in old files:


Old variables removed from new files:

 
![SCO_L](../figures/version_comparisons/V37_versus_thredds_hour/SCO_L_0.png)
![SCO_L](../figures/version_comparisons/V37_versus_thredds_hour/SCO_L_1.png)
![SCO_L](../figures/version_comparisons/V37_versus_thredds_hour/SCO_L_2.png)
![SCO_L](../figures/version_comparisons/V37_versus_thredds_hour/SCO_L_3.png)
![SCO_L](../figures/version_comparisons/V37_versus_thredds_hour/SCO_L_4.png)
![SCO_L](../figures/version_comparisons/V37_versus_thredds_hour/SCO_L_5.png)
![SCO_L](../figures/version_comparisons/V37_versus_thredds_hour/SCO_L_6.png)
![SCO_L](../figures/version_comparisons/V37_versus_thredds_hour/SCO_L_7.png)
![SCO_L](../figures/version_comparisons/V37_versus_thredds_hour/SCO_L_8.png)
![SCO_L](../figures/version_comparisons/V37_versus_thredds_hour/SCO_L_9.png)
![SCO_L](../figures/version_comparisons/V37_versus_thredds_hour/SCO_L_10.png)
![SCO_L](../figures/version_comparisons/V37_versus_thredds_hour/SCO_L_11.png)
![SCO_L](../figures/version_comparisons/V37_versus_thredds_hour/SCO_L_12.png)
![SCO_L](../figures/version_comparisons/V37_versus_thredds_hour/SCO_L_13.png)
 
## SCO_U
/media/ice/Baptiste/geussnow01/dataverse//V37/hour/SCO_U_hour.csv
Variables in new file:
p_u, t_u, rh_u, rh_u_wrt_ice_or_water, qh_u, wspd_u, wdir_u, wspd_x_u, wspd_y_u, dsr, dsr_cor, usr, usr_cor, albedo, dlr, ulr, cc, t_surf, dlhf_u, dshf_u, z_boom_u, z_boom_cor_u, z_stake, z_stake_cor, z_pt, z_pt_cor, z_surf_combined, z_ice_surf, snow_height, rainfall_u, rainfall_cor_u, t_i_1, t_i_2, t_i_3, t_i_4, t_i_5, t_i_6, t_i_7, t_i_8, d_t_i_1, d_t_i_2, d_t_i_3, d_t_i_4, d_t_i_5, d_t_i_6, d_t_i_7, d_t_i_8, t_i_10m, tilt_x, tilt_y, rot, gps_lat, gps_lon, gps_alt, lat, lon, alt, batt_v, t_rad, p_i, t_i, rh_i, rh_i_wrt_ice_or_water, wspd_i, wdir_i, wspd_x_i, wspd_y_i

New variables not in old files:


Old variables removed from new files:

 
![SCO_U](../figures/version_comparisons/V37_versus_thredds_hour/SCO_U_0.png)
![SCO_U](../figures/version_comparisons/V37_versus_thredds_hour/SCO_U_1.png)
![SCO_U](../figures/version_comparisons/V37_versus_thredds_hour/SCO_U_2.png)
![SCO_U](../figures/version_comparisons/V37_versus_thredds_hour/SCO_U_3.png)
![SCO_U](../figures/version_comparisons/V37_versus_thredds_hour/SCO_U_4.png)
![SCO_U](../figures/version_comparisons/V37_versus_thredds_hour/SCO_U_5.png)
![SCO_U](../figures/version_comparisons/V37_versus_thredds_hour/SCO_U_6.png)
![SCO_U](../figures/version_comparisons/V37_versus_thredds_hour/SCO_U_7.png)
![SCO_U](../figures/version_comparisons/V37_versus_thredds_hour/SCO_U_8.png)
![SCO_U](../figures/version_comparisons/V37_versus_thredds_hour/SCO_U_9.png)
![SCO_U](../figures/version_comparisons/V37_versus_thredds_hour/SCO_U_10.png)
![SCO_U](../figures/version_comparisons/V37_versus_thredds_hour/SCO_U_11.png)
![SCO_U](../figures/version_comparisons/V37_versus_thredds_hour/SCO_U_12.png)
![SCO_U](../figures/version_comparisons/V37_versus_thredds_hour/SCO_U_13.png)
 
## SDL
/media/ice/Baptiste/geussnow01/dataverse//V37/hour/SDL_hour.csv
Variables in new file:
p_u, p_l, t_u, t_l, rh_u, rh_u_wrt_ice_or_water, qh_u, rh_l, rh_l_wrt_ice_or_water, qh_l, wspd_u, wspd_l, wdir_u, wdir_l, wspd_x_u, wspd_y_u, wspd_x_l, wspd_y_l, dsr, dsr_cor, usr, usr_cor, albedo, dlr, ulr, cc, t_surf, dlhf_u, dlhf_l, dshf_u, dshf_l, z_boom_u, z_boom_cor_u, z_boom_l, z_boom_cor_l, z_surf_combined, snow_height, rainfall_u, rainfall_cor_u, rainfall_l, rainfall_cor_l, t_i_1, t_i_2, t_i_3, t_i_4, t_i_5, t_i_6, t_i_7, t_i_8, t_i_9, t_i_10, t_i_11, d_t_i_1, d_t_i_2, d_t_i_3, d_t_i_4, d_t_i_5, d_t_i_6, d_t_i_7, d_t_i_8, d_t_i_9, d_t_i_10, d_t_i_11, t_i_10m, tilt_x, tilt_y, rot, gps_lat, gps_lon, gps_alt, lat, lon, alt, batt_v, t_rad, p_i, t_i, rh_i, rh_i_wrt_ice_or_water, wspd_i, wdir_i, wspd_x_i, wspd_y_i

New variables not in old files:


Old variables removed from new files:

 
![SDL](../figures/version_comparisons/V37_versus_thredds_hour/SDL_0.png)
![SDL](../figures/version_comparisons/V37_versus_thredds_hour/SDL_1.png)
![SDL](../figures/version_comparisons/V37_versus_thredds_hour/SDL_2.png)
![SDL](../figures/version_comparisons/V37_versus_thredds_hour/SDL_3.png)
![SDL](../figures/version_comparisons/V37_versus_thredds_hour/SDL_4.png)
![SDL](../figures/version_comparisons/V37_versus_thredds_hour/SDL_5.png)
![SDL](../figures/version_comparisons/V37_versus_thredds_hour/SDL_6.png)
![SDL](../figures/version_comparisons/V37_versus_thredds_hour/SDL_7.png)
![SDL](../figures/version_comparisons/V37_versus_thredds_hour/SDL_8.png)
![SDL](../figures/version_comparisons/V37_versus_thredds_hour/SDL_9.png)
![SDL](../figures/version_comparisons/V37_versus_thredds_hour/SDL_10.png)
![SDL](../figures/version_comparisons/V37_versus_thredds_hour/SDL_11.png)
![SDL](../figures/version_comparisons/V37_versus_thredds_hour/SDL_12.png)
![SDL](../figures/version_comparisons/V37_versus_thredds_hour/SDL_13.png)
![SDL](../figures/version_comparisons/V37_versus_thredds_hour/SDL_14.png)
![SDL](../figures/version_comparisons/V37_versus_thredds_hour/SDL_15.png)
![SDL](../figures/version_comparisons/V37_versus_thredds_hour/SDL_16.png)
 
## SDM
/media/ice/Baptiste/geussnow01/dataverse//V37/hour/SDM_hour.csv
Variables in new file:
p_u, p_l, t_u, t_l, rh_u, rh_u_wrt_ice_or_water, qh_u, rh_l, rh_l_wrt_ice_or_water, qh_l, wspd_u, wspd_l, wdir_u, wdir_l, wspd_x_u, wspd_y_u, wspd_x_l, wspd_y_l, dsr, dsr_cor, usr, usr_cor, albedo, dlr, ulr, cc, t_surf, dlhf_u, dlhf_l, dshf_u, dshf_l, z_boom_u, z_boom_cor_u, z_boom_l, z_boom_cor_l, z_surf_combined, snow_height, rainfall_u, rainfall_cor_u, rainfall_l, rainfall_cor_l, t_i_1, t_i_2, t_i_3, t_i_4, t_i_5, t_i_6, t_i_7, t_i_8, t_i_9, t_i_10, t_i_11, d_t_i_1, d_t_i_2, d_t_i_3, d_t_i_4, d_t_i_5, d_t_i_6, d_t_i_7, d_t_i_8, d_t_i_9, d_t_i_10, d_t_i_11, t_i_10m, tilt_x, tilt_y, rot, gps_lat, gps_lon, gps_alt, lat, lon, alt, batt_v, t_rad, p_i, t_i, rh_i, rh_i_wrt_ice_or_water, wspd_i, wdir_i, wspd_x_i, wspd_y_i

New variables not in old files:


Old variables removed from new files:

 
![SDM](../figures/version_comparisons/V37_versus_thredds_hour/SDM_0.png)
![SDM](../figures/version_comparisons/V37_versus_thredds_hour/SDM_1.png)
![SDM](../figures/version_comparisons/V37_versus_thredds_hour/SDM_2.png)
![SDM](../figures/version_comparisons/V37_versus_thredds_hour/SDM_3.png)
![SDM](../figures/version_comparisons/V37_versus_thredds_hour/SDM_4.png)
![SDM](../figures/version_comparisons/V37_versus_thredds_hour/SDM_5.png)
![SDM](../figures/version_comparisons/V37_versus_thredds_hour/SDM_6.png)
![SDM](../figures/version_comparisons/V37_versus_thredds_hour/SDM_7.png)
![SDM](../figures/version_comparisons/V37_versus_thredds_hour/SDM_8.png)
![SDM](../figures/version_comparisons/V37_versus_thredds_hour/SDM_9.png)
![SDM](../figures/version_comparisons/V37_versus_thredds_hour/SDM_10.png)
![SDM](../figures/version_comparisons/V37_versus_thredds_hour/SDM_11.png)
![SDM](../figures/version_comparisons/V37_versus_thredds_hour/SDM_12.png)
![SDM](../figures/version_comparisons/V37_versus_thredds_hour/SDM_13.png)
![SDM](../figures/version_comparisons/V37_versus_thredds_hour/SDM_14.png)
![SDM](../figures/version_comparisons/V37_versus_thredds_hour/SDM_15.png)
![SDM](../figures/version_comparisons/V37_versus_thredds_hour/SDM_16.png)
 
## SER_B
/media/ice/Baptiste/geussnow01/dataverse//V37/hour/SER_B_hour.csv
Variables in new file:
p_u, t_u, rh_u, rh_u_wrt_ice_or_water, qh_u, wspd_u, wdir_u, wspd_x_u, wspd_y_u, dsr, usr, albedo, dlr, ulr, t_surf, z_boom_u, z_boom_cor_u, z_surf_combined, snow_height, rainfall_u, rainfall_cor_u, tilt_x, tilt_y, rot, gps_lat, gps_lon, gps_alt, lat, lon, alt, batt_v, t_rad, p_i, t_i, rh_i, rh_i_wrt_ice_or_water, wspd_i, wdir_i, wspd_x_i, wspd_y_i

New variables not in old files:


Old variables removed from new files:

 
![SER_B](../figures/version_comparisons/V37_versus_thredds_hour/SER_B_0.png)
![SER_B](../figures/version_comparisons/V37_versus_thredds_hour/SER_B_1.png)
![SER_B](../figures/version_comparisons/V37_versus_thredds_hour/SER_B_2.png)
![SER_B](../figures/version_comparisons/V37_versus_thredds_hour/SER_B_3.png)
![SER_B](../figures/version_comparisons/V37_versus_thredds_hour/SER_B_4.png)
![SER_B](../figures/version_comparisons/V37_versus_thredds_hour/SER_B_5.png)
![SER_B](../figures/version_comparisons/V37_versus_thredds_hour/SER_B_6.png)
![SER_B](../figures/version_comparisons/V37_versus_thredds_hour/SER_B_7.png)
 
## SWC
/media/ice/Baptiste/geussnow01/dataverse//V37/hour/SWC_hour.csv
Variables in new file:
p_u, t_u, t_l, rh_u, rh_u_wrt_ice_or_water, qh_u, rh_l, rh_l_wrt_ice_or_water, qh_l, wspd_u, wspd_l, wdir_u, wdir_l, wspd_x_u, wspd_y_u, wspd_x_l, wspd_y_l, dsr, dsr_cor, usr, usr_cor, albedo, dlr, ulr, cc, t_surf, dlhf_u, dshf_u, z_boom_u, z_boom_cor_u, z_boom_cor_l, z_stake, z_stake_cor, z_pt, z_pt_cor, z_surf_combined, z_ice_surf, snow_height, rainfall_u, rainfall_cor_u, t_i_1, t_i_2, t_i_3, t_i_4, t_i_5, t_i_6, t_i_7, t_i_8, t_i_9, t_i_10, d_t_i_1, d_t_i_2, d_t_i_3, d_t_i_4, d_t_i_5, d_t_i_6, d_t_i_7, d_t_i_8, d_t_i_9, d_t_i_10, t_i_10m, tilt_x, tilt_y, rot, gps_lat, gps_lon, gps_alt, lat, lon, alt, batt_v, t_rad, p_i, t_i, rh_i, rh_i_wrt_ice_or_water, wspd_i, wdir_i, wspd_x_i, wspd_y_i

New variables not in old files:


Old variables removed from new files:

 
![SWC](../figures/version_comparisons/V37_versus_thredds_hour/SWC_0.png)
![SWC](../figures/version_comparisons/V37_versus_thredds_hour/SWC_1.png)
![SWC](../figures/version_comparisons/V37_versus_thredds_hour/SWC_2.png)
![SWC](../figures/version_comparisons/V37_versus_thredds_hour/SWC_3.png)
![SWC](../figures/version_comparisons/V37_versus_thredds_hour/SWC_4.png)
![SWC](../figures/version_comparisons/V37_versus_thredds_hour/SWC_5.png)
![SWC](../figures/version_comparisons/V37_versus_thredds_hour/SWC_6.png)
![SWC](../figures/version_comparisons/V37_versus_thredds_hour/SWC_7.png)
![SWC](../figures/version_comparisons/V37_versus_thredds_hour/SWC_8.png)
![SWC](../figures/version_comparisons/V37_versus_thredds_hour/SWC_9.png)
![SWC](../figures/version_comparisons/V37_versus_thredds_hour/SWC_10.png)
![SWC](../figures/version_comparisons/V37_versus_thredds_hour/SWC_11.png)
![SWC](../figures/version_comparisons/V37_versus_thredds_hour/SWC_12.png)
![SWC](../figures/version_comparisons/V37_versus_thredds_hour/SWC_13.png)
![SWC](../figures/version_comparisons/V37_versus_thredds_hour/SWC_14.png)
![SWC](../figures/version_comparisons/V37_versus_thredds_hour/SWC_15.png)
 
## TAS_A
/media/ice/Baptiste/geussnow01/dataverse//V37/hour/TAS_A_hour.csv
Variables in new file:
p_u, t_u, rh_u, rh_u_wrt_ice_or_water, qh_u, wspd_u, wdir_u, wspd_x_u, wspd_y_u, dsr, dsr_cor, usr, usr_cor, albedo, dlr, ulr, cc, t_surf, dlhf_u, dshf_u, z_boom_u, z_boom_cor_u, z_stake, z_stake_cor, z_pt, z_pt_cor, z_surf_combined, z_ice_surf, snow_height, rainfall_u, rainfall_cor_u, t_i_1, t_i_2, t_i_3, t_i_4, t_i_5, t_i_6, t_i_7, t_i_8, d_t_i_1, d_t_i_2, d_t_i_3, d_t_i_4, d_t_i_5, d_t_i_6, d_t_i_7, d_t_i_8, t_i_10m, tilt_x, tilt_y, rot, gps_lat, gps_lon, gps_alt, lat, lon, alt, batt_v, t_rad, p_i, t_i, rh_i, rh_i_wrt_ice_or_water, wspd_i, wdir_i, wspd_x_i, wspd_y_i

New variables not in old files:


Old variables removed from new files:

 
![TAS_A](../figures/version_comparisons/V37_versus_thredds_hour/TAS_A_0.png)
![TAS_A](../figures/version_comparisons/V37_versus_thredds_hour/TAS_A_1.png)
![TAS_A](../figures/version_comparisons/V37_versus_thredds_hour/TAS_A_2.png)
![TAS_A](../figures/version_comparisons/V37_versus_thredds_hour/TAS_A_3.png)
![TAS_A](../figures/version_comparisons/V37_versus_thredds_hour/TAS_A_4.png)
![TAS_A](../figures/version_comparisons/V37_versus_thredds_hour/TAS_A_5.png)
![TAS_A](../figures/version_comparisons/V37_versus_thredds_hour/TAS_A_6.png)
![TAS_A](../figures/version_comparisons/V37_versus_thredds_hour/TAS_A_7.png)
![TAS_A](../figures/version_comparisons/V37_versus_thredds_hour/TAS_A_8.png)
![TAS_A](../figures/version_comparisons/V37_versus_thredds_hour/TAS_A_9.png)
![TAS_A](../figures/version_comparisons/V37_versus_thredds_hour/TAS_A_10.png)
![TAS_A](../figures/version_comparisons/V37_versus_thredds_hour/TAS_A_11.png)
![TAS_A](../figures/version_comparisons/V37_versus_thredds_hour/TAS_A_12.png)
![TAS_A](../figures/version_comparisons/V37_versus_thredds_hour/TAS_A_13.png)
 
## TAS_L
/media/ice/Baptiste/geussnow01/dataverse//V37/hour/TAS_L_hour.csv
Variables in new file:
p_u, t_u, rh_u, rh_u_wrt_ice_or_water, qh_u, wspd_u, wdir_u, wspd_x_u, wspd_y_u, dsr, dsr_cor, usr, usr_cor, albedo, dlr, ulr, cc, t_surf, dlhf_u, dshf_u, z_boom_u, z_boom_cor_u, z_stake, z_stake_cor, z_pt, z_pt_cor, z_surf_combined, z_ice_surf, snow_height, t_i_1, t_i_2, t_i_3, t_i_4, t_i_5, t_i_6, t_i_7, t_i_8, d_t_i_1, d_t_i_2, d_t_i_3, d_t_i_4, d_t_i_5, d_t_i_6, d_t_i_7, d_t_i_8, t_i_10m, tilt_x, tilt_y, gps_lat, gps_lon, gps_alt, lat, lon, alt, batt_v, t_rad, p_i, t_i, rh_i, rh_i_wrt_ice_or_water, wspd_i, wdir_i, wspd_x_i, wspd_y_i

New variables not in old files:


Old variables removed from new files:

 
![TAS_L](../figures/version_comparisons/V37_versus_thredds_hour/TAS_L_0.png)
![TAS_L](../figures/version_comparisons/V37_versus_thredds_hour/TAS_L_1.png)
![TAS_L](../figures/version_comparisons/V37_versus_thredds_hour/TAS_L_2.png)
![TAS_L](../figures/version_comparisons/V37_versus_thredds_hour/TAS_L_3.png)
![TAS_L](../figures/version_comparisons/V37_versus_thredds_hour/TAS_L_4.png)
![TAS_L](../figures/version_comparisons/V37_versus_thredds_hour/TAS_L_5.png)
![TAS_L](../figures/version_comparisons/V37_versus_thredds_hour/TAS_L_6.png)
![TAS_L](../figures/version_comparisons/V37_versus_thredds_hour/TAS_L_7.png)
![TAS_L](../figures/version_comparisons/V37_versus_thredds_hour/TAS_L_8.png)
![TAS_L](../figures/version_comparisons/V37_versus_thredds_hour/TAS_L_9.png)
![TAS_L](../figures/version_comparisons/V37_versus_thredds_hour/TAS_L_10.png)
![TAS_L](../figures/version_comparisons/V37_versus_thredds_hour/TAS_L_11.png)
![TAS_L](../figures/version_comparisons/V37_versus_thredds_hour/TAS_L_12.png)
 
## TAS_U
/media/ice/Baptiste/geussnow01/dataverse//V37/hour/TAS_U_hour.csv
No data from TAS_U in the last year
## THU_L
/media/ice/Baptiste/geussnow01/dataverse//V37/hour/THU_L_hour.csv
Variables in new file:
p_u, t_u, rh_u, rh_u_wrt_ice_or_water, qh_u, wspd_u, wdir_u, wspd_x_u, wspd_y_u, dsr, dsr_cor, usr, usr_cor, albedo, dlr, ulr, cc, t_surf, dlhf_u, dshf_u, z_boom_u, z_boom_cor_u, z_stake, z_stake_cor, z_pt, z_pt_cor, z_surf_combined, z_ice_surf, snow_height, t_i_1, t_i_2, t_i_3, t_i_4, t_i_5, t_i_6, t_i_7, t_i_8, d_t_i_1, d_t_i_2, d_t_i_3, d_t_i_4, d_t_i_5, d_t_i_6, d_t_i_7, d_t_i_8, t_i_10m, tilt_x, tilt_y, gps_lat, gps_lon, gps_alt, lat, lon, alt, batt_v, t_rad, p_i, t_i, rh_i, rh_i_wrt_ice_or_water, wspd_i, wdir_i, wspd_x_i, wspd_y_i

New variables not in old files:


Old variables removed from new files:

 
![THU_L](../figures/version_comparisons/V37_versus_thredds_hour/THU_L_0.png)
![THU_L](../figures/version_comparisons/V37_versus_thredds_hour/THU_L_1.png)
![THU_L](../figures/version_comparisons/V37_versus_thredds_hour/THU_L_2.png)
![THU_L](../figures/version_comparisons/V37_versus_thredds_hour/THU_L_3.png)
![THU_L](../figures/version_comparisons/V37_versus_thredds_hour/THU_L_4.png)
![THU_L](../figures/version_comparisons/V37_versus_thredds_hour/THU_L_5.png)
![THU_L](../figures/version_comparisons/V37_versus_thredds_hour/THU_L_6.png)
![THU_L](../figures/version_comparisons/V37_versus_thredds_hour/THU_L_7.png)
![THU_L](../figures/version_comparisons/V37_versus_thredds_hour/THU_L_8.png)
![THU_L](../figures/version_comparisons/V37_versus_thredds_hour/THU_L_9.png)
![THU_L](../figures/version_comparisons/V37_versus_thredds_hour/THU_L_10.png)
![THU_L](../figures/version_comparisons/V37_versus_thredds_hour/THU_L_11.png)
![THU_L](../figures/version_comparisons/V37_versus_thredds_hour/THU_L_12.png)
 
## THU_L2
/media/ice/Baptiste/geussnow01/dataverse//V37/hour/THU_L2_hour.csv
Variables in new file:
p_u, t_u, rh_u, rh_u_wrt_ice_or_water, qh_u, wspd_u, wdir_u, wspd_x_u, wspd_y_u, dsr, dsr_cor, usr, usr_cor, albedo, dlr, ulr, cc, t_surf, dlhf_u, dshf_u, z_boom_u, z_boom_cor_u, z_stake, z_stake_cor, z_pt, z_pt_cor, z_surf_combined, z_ice_surf, snow_height, t_i_1, t_i_2, t_i_3, t_i_4, t_i_5, t_i_6, t_i_7, t_i_8, d_t_i_1, d_t_i_2, d_t_i_3, d_t_i_4, d_t_i_5, d_t_i_6, d_t_i_7, d_t_i_8, t_i_10m, tilt_x, tilt_y, gps_lat, gps_lon, gps_alt, lat, lon, alt, batt_v, t_rad, p_i, t_i, rh_i, rh_i_wrt_ice_or_water, wspd_i, wdir_i, wspd_x_i, wspd_y_i

New variables not in old files:


Old variables removed from new files:

 
![THU_L2](../figures/version_comparisons/V37_versus_thredds_hour/THU_L2_0.png)
![THU_L2](../figures/version_comparisons/V37_versus_thredds_hour/THU_L2_1.png)
![THU_L2](../figures/version_comparisons/V37_versus_thredds_hour/THU_L2_2.png)
![THU_L2](../figures/version_comparisons/V37_versus_thredds_hour/THU_L2_3.png)
![THU_L2](../figures/version_comparisons/V37_versus_thredds_hour/THU_L2_4.png)
![THU_L2](../figures/version_comparisons/V37_versus_thredds_hour/THU_L2_5.png)
![THU_L2](../figures/version_comparisons/V37_versus_thredds_hour/THU_L2_6.png)
![THU_L2](../figures/version_comparisons/V37_versus_thredds_hour/THU_L2_7.png)
![THU_L2](../figures/version_comparisons/V37_versus_thredds_hour/THU_L2_8.png)
![THU_L2](../figures/version_comparisons/V37_versus_thredds_hour/THU_L2_9.png)
![THU_L2](../figures/version_comparisons/V37_versus_thredds_hour/THU_L2_10.png)
![THU_L2](../figures/version_comparisons/V37_versus_thredds_hour/THU_L2_11.png)
![THU_L2](../figures/version_comparisons/V37_versus_thredds_hour/THU_L2_12.png)
 
## THU_U
/media/ice/Baptiste/geussnow01/dataverse//V37/hour/THU_U_hour.csv
Variables in new file:
p_u, t_u, rh_u, rh_u_wrt_ice_or_water, qh_u, wspd_u, wdir_u, wspd_x_u, wspd_y_u, dsr, dsr_cor, usr, usr_cor, albedo, dlr, ulr, cc, t_surf, dlhf_u, dshf_u, z_boom_u, z_boom_cor_u, z_stake, z_stake_cor, z_pt, z_pt_cor, z_surf_combined, z_ice_surf, snow_height, rainfall_u, rainfall_cor_u, t_i_1, t_i_2, t_i_3, t_i_4, t_i_5, t_i_6, t_i_7, t_i_8, d_t_i_1, d_t_i_2, d_t_i_3, d_t_i_4, d_t_i_5, d_t_i_6, d_t_i_7, d_t_i_8, t_i_10m, tilt_x, tilt_y, rot, gps_lat, gps_lon, gps_alt, lat, lon, alt, batt_v, t_rad, p_i, t_i, rh_i, rh_i_wrt_ice_or_water, wspd_i, wdir_i, wspd_x_i, wspd_y_i

New variables not in old files:


Old variables removed from new files:

 
![THU_U](../figures/version_comparisons/V37_versus_thredds_hour/THU_U_0.png)
![THU_U](../figures/version_comparisons/V37_versus_thredds_hour/THU_U_1.png)
![THU_U](../figures/version_comparisons/V37_versus_thredds_hour/THU_U_2.png)
![THU_U](../figures/version_comparisons/V37_versus_thredds_hour/THU_U_3.png)
![THU_U](../figures/version_comparisons/V37_versus_thredds_hour/THU_U_4.png)
![THU_U](../figures/version_comparisons/V37_versus_thredds_hour/THU_U_5.png)
![THU_U](../figures/version_comparisons/V37_versus_thredds_hour/THU_U_6.png)
![THU_U](../figures/version_comparisons/V37_versus_thredds_hour/THU_U_7.png)
![THU_U](../figures/version_comparisons/V37_versus_thredds_hour/THU_U_8.png)
![THU_U](../figures/version_comparisons/V37_versus_thredds_hour/THU_U_9.png)
![THU_U](../figures/version_comparisons/V37_versus_thredds_hour/THU_U_10.png)
![THU_U](../figures/version_comparisons/V37_versus_thredds_hour/THU_U_11.png)
![THU_U](../figures/version_comparisons/V37_versus_thredds_hour/THU_U_12.png)
![THU_U](../figures/version_comparisons/V37_versus_thredds_hour/THU_U_13.png)
 
## TUN
/media/ice/Baptiste/geussnow01/dataverse//V37/hour/TUN_hour.csv
Variables in new file:
p_u, p_l, t_u, t_l, rh_u, rh_u_wrt_ice_or_water, qh_u, rh_l, rh_l_wrt_ice_or_water, qh_l, wspd_u, wspd_l, wdir_u, wdir_l, wspd_x_u, wspd_y_u, wspd_x_l, wspd_y_l, dsr, dsr_cor, usr, usr_cor, albedo, dlr, ulr, cc, t_surf, dlhf_u, dlhf_l, dshf_u, dshf_l, z_boom_u, z_boom_cor_u, z_boom_l, z_boom_cor_l, z_surf_combined, snow_height, rainfall_u, rainfall_cor_u, rainfall_l, rainfall_cor_l, t_i_1, t_i_2, t_i_3, t_i_4, t_i_5, t_i_6, t_i_7, t_i_8, t_i_9, t_i_10, t_i_11, d_t_i_1, d_t_i_2, d_t_i_3, d_t_i_4, d_t_i_5, d_t_i_6, d_t_i_7, d_t_i_8, d_t_i_9, d_t_i_10, d_t_i_11, t_i_10m, tilt_x, tilt_y, rot, gps_lat, gps_lon, gps_alt, lat, lon, alt, batt_v, t_rad, p_i, t_i, rh_i, rh_i_wrt_ice_or_water, wspd_i, wdir_i, wspd_x_i, wspd_y_i

New variables not in old files:


Old variables removed from new files:

 
![TUN](../figures/version_comparisons/V37_versus_thredds_hour/TUN_0.png)
![TUN](../figures/version_comparisons/V37_versus_thredds_hour/TUN_1.png)
![TUN](../figures/version_comparisons/V37_versus_thredds_hour/TUN_2.png)
![TUN](../figures/version_comparisons/V37_versus_thredds_hour/TUN_3.png)
![TUN](../figures/version_comparisons/V37_versus_thredds_hour/TUN_4.png)
![TUN](../figures/version_comparisons/V37_versus_thredds_hour/TUN_5.png)
![TUN](../figures/version_comparisons/V37_versus_thredds_hour/TUN_6.png)
![TUN](../figures/version_comparisons/V37_versus_thredds_hour/TUN_7.png)
![TUN](../figures/version_comparisons/V37_versus_thredds_hour/TUN_8.png)
![TUN](../figures/version_comparisons/V37_versus_thredds_hour/TUN_9.png)
![TUN](../figures/version_comparisons/V37_versus_thredds_hour/TUN_10.png)
![TUN](../figures/version_comparisons/V37_versus_thredds_hour/TUN_11.png)
![TUN](../figures/version_comparisons/V37_versus_thredds_hour/TUN_12.png)
![TUN](../figures/version_comparisons/V37_versus_thredds_hour/TUN_13.png)
![TUN](../figures/version_comparisons/V37_versus_thredds_hour/TUN_14.png)
![TUN](../figures/version_comparisons/V37_versus_thredds_hour/TUN_15.png)
![TUN](../figures/version_comparisons/V37_versus_thredds_hour/TUN_16.png)
 
## UPE_L
/media/ice/Baptiste/geussnow01/dataverse//V37/hour/UPE_L_hour.csv
Variables in new file:
p_u, t_u, rh_u, rh_u_wrt_ice_or_water, qh_u, wspd_u, wdir_u, wspd_x_u, wspd_y_u, dsr, dsr_cor, usr, usr_cor, albedo, dlr, ulr, cc, t_surf, dlhf_u, dshf_u, z_boom_u, z_boom_cor_u, z_stake, z_stake_cor, z_pt, z_pt_cor, z_surf_combined, z_ice_surf, snow_height, t_i_1, t_i_2, t_i_3, t_i_4, t_i_5, t_i_6, t_i_7, t_i_8, d_t_i_1, d_t_i_2, d_t_i_3, d_t_i_4, d_t_i_5, d_t_i_6, d_t_i_7, d_t_i_8, t_i_10m, tilt_x, tilt_y, gps_lat, gps_lon, gps_alt, lat, lon, alt, batt_v, t_rad, p_i, t_i, rh_i, rh_i_wrt_ice_or_water, wspd_i, wdir_i, wspd_x_i, wspd_y_i

New variables not in old files:


Old variables removed from new files:

 
![UPE_L](../figures/version_comparisons/V37_versus_thredds_hour/UPE_L_0.png)
![UPE_L](../figures/version_comparisons/V37_versus_thredds_hour/UPE_L_1.png)
![UPE_L](../figures/version_comparisons/V37_versus_thredds_hour/UPE_L_2.png)
![UPE_L](../figures/version_comparisons/V37_versus_thredds_hour/UPE_L_3.png)
![UPE_L](../figures/version_comparisons/V37_versus_thredds_hour/UPE_L_4.png)
![UPE_L](../figures/version_comparisons/V37_versus_thredds_hour/UPE_L_5.png)
![UPE_L](../figures/version_comparisons/V37_versus_thredds_hour/UPE_L_6.png)
![UPE_L](../figures/version_comparisons/V37_versus_thredds_hour/UPE_L_7.png)
![UPE_L](../figures/version_comparisons/V37_versus_thredds_hour/UPE_L_8.png)
![UPE_L](../figures/version_comparisons/V37_versus_thredds_hour/UPE_L_9.png)
![UPE_L](../figures/version_comparisons/V37_versus_thredds_hour/UPE_L_10.png)
![UPE_L](../figures/version_comparisons/V37_versus_thredds_hour/UPE_L_11.png)
![UPE_L](../figures/version_comparisons/V37_versus_thredds_hour/UPE_L_12.png)
 
## UPE_U
/media/ice/Baptiste/geussnow01/dataverse//V37/hour/UPE_U_hour.csv
Variables in new file:
p_u, t_u, rh_u, rh_u_wrt_ice_or_water, qh_u, wspd_u, wdir_u, wspd_x_u, wspd_y_u, dsr, dsr_cor, usr, usr_cor, albedo, dlr, ulr, cc, t_surf, dlhf_u, dshf_u, z_boom_u, z_boom_cor_u, z_stake, z_stake_cor, z_pt, z_pt_cor, z_surf_combined, z_ice_surf, snow_height, t_i_1, t_i_2, t_i_3, t_i_4, t_i_5, t_i_6, t_i_7, t_i_8, d_t_i_1, d_t_i_2, d_t_i_3, d_t_i_4, d_t_i_5, d_t_i_6, d_t_i_7, d_t_i_8, t_i_10m, tilt_x, tilt_y, gps_lat, gps_lon, gps_alt, lat, lon, alt, batt_v, t_rad, p_i, t_i, rh_i, rh_i_wrt_ice_or_water, wspd_i, wdir_i, wspd_x_i, wspd_y_i

New variables not in old files:


Old variables removed from new files:

 
![UPE_U](../figures/version_comparisons/V37_versus_thredds_hour/UPE_U_0.png)
![UPE_U](../figures/version_comparisons/V37_versus_thredds_hour/UPE_U_1.png)
![UPE_U](../figures/version_comparisons/V37_versus_thredds_hour/UPE_U_2.png)
![UPE_U](../figures/version_comparisons/V37_versus_thredds_hour/UPE_U_3.png)
![UPE_U](../figures/version_comparisons/V37_versus_thredds_hour/UPE_U_4.png)
![UPE_U](../figures/version_comparisons/V37_versus_thredds_hour/UPE_U_5.png)
![UPE_U](../figures/version_comparisons/V37_versus_thredds_hour/UPE_U_6.png)
![UPE_U](../figures/version_comparisons/V37_versus_thredds_hour/UPE_U_7.png)
![UPE_U](../figures/version_comparisons/V37_versus_thredds_hour/UPE_U_8.png)
![UPE_U](../figures/version_comparisons/V37_versus_thredds_hour/UPE_U_9.png)
![UPE_U](../figures/version_comparisons/V37_versus_thredds_hour/UPE_U_10.png)
![UPE_U](../figures/version_comparisons/V37_versus_thredds_hour/UPE_U_11.png)
![UPE_U](../figures/version_comparisons/V37_versus_thredds_hour/UPE_U_12.png)
 
## WEG_B
/media/ice/Baptiste/geussnow01/dataverse//V37/hour/WEG_B_hour.csv
Variables in new file:
p_u, t_u, rh_u, rh_u_wrt_ice_or_water, qh_u, wspd_u, wdir_u, wspd_x_u, wspd_y_u, dsr, usr, albedo, dlr, ulr, t_surf, z_boom_u, z_boom_cor_u, z_surf_combined, snow_height, rainfall_u, rainfall_cor_u, tilt_x, tilt_y, rot, gps_lat, gps_lon, gps_alt, lat, lon, alt, batt_v, t_rad, p_i, t_i, rh_i, rh_i_wrt_ice_or_water, wspd_i, wdir_i, wspd_x_i, wspd_y_i

New variables not in old files:


Old variables removed from new files:

 
![WEG_B](../figures/version_comparisons/V37_versus_thredds_hour/WEG_B_0.png)
![WEG_B](../figures/version_comparisons/V37_versus_thredds_hour/WEG_B_1.png)
![WEG_B](../figures/version_comparisons/V37_versus_thredds_hour/WEG_B_2.png)
![WEG_B](../figures/version_comparisons/V37_versus_thredds_hour/WEG_B_3.png)
![WEG_B](../figures/version_comparisons/V37_versus_thredds_hour/WEG_B_4.png)
![WEG_B](../figures/version_comparisons/V37_versus_thredds_hour/WEG_B_5.png)
![WEG_B](../figures/version_comparisons/V37_versus_thredds_hour/WEG_B_6.png)
![WEG_B](../figures/version_comparisons/V37_versus_thredds_hour/WEG_B_7.png)
 
## WEG_L
/media/ice/Baptiste/geussnow01/dataverse//V37/hour/WEG_L_hour.csv
Variables in new file:
p_u, t_u, rh_u, rh_u_wrt_ice_or_water, qh_u, wspd_u, wdir_u, wspd_x_u, wspd_y_u, dsr, dsr_cor, usr, usr_cor, albedo, dlr, ulr, cc, t_surf, dlhf_u, dshf_u, z_boom_u, z_boom_cor_u, z_stake, z_stake_cor, z_pt, z_pt_cor, z_surf_combined, z_ice_surf, snow_height, rainfall_u, rainfall_cor_u, t_i_1, t_i_2, t_i_3, t_i_4, t_i_5, t_i_6, t_i_7, t_i_8, d_t_i_1, d_t_i_2, d_t_i_3, d_t_i_4, d_t_i_5, d_t_i_6, d_t_i_7, d_t_i_8, tilt_x, tilt_y, rot, gps_lat, gps_lon, gps_alt, lat, lon, alt, batt_v, t_rad, p_i, t_i, rh_i, rh_i_wrt_ice_or_water, wspd_i, wdir_i, wspd_x_i, wspd_y_i

New variables not in old files:


Old variables removed from new files:

 
![WEG_L](../figures/version_comparisons/V37_versus_thredds_hour/WEG_L_0.png)
![WEG_L](../figures/version_comparisons/V37_versus_thredds_hour/WEG_L_1.png)
![WEG_L](../figures/version_comparisons/V37_versus_thredds_hour/WEG_L_2.png)
![WEG_L](../figures/version_comparisons/V37_versus_thredds_hour/WEG_L_3.png)
![WEG_L](../figures/version_comparisons/V37_versus_thredds_hour/WEG_L_4.png)
![WEG_L](../figures/version_comparisons/V37_versus_thredds_hour/WEG_L_5.png)
![WEG_L](../figures/version_comparisons/V37_versus_thredds_hour/WEG_L_6.png)
![WEG_L](../figures/version_comparisons/V37_versus_thredds_hour/WEG_L_7.png)
![WEG_L](../figures/version_comparisons/V37_versus_thredds_hour/WEG_L_8.png)
![WEG_L](../figures/version_comparisons/V37_versus_thredds_hour/WEG_L_9.png)
![WEG_L](../figures/version_comparisons/V37_versus_thredds_hour/WEG_L_10.png)
![WEG_L](../figures/version_comparisons/V37_versus_thredds_hour/WEG_L_11.png)
![WEG_L](../figures/version_comparisons/V37_versus_thredds_hour/WEG_L_12.png)
![WEG_L](../figures/version_comparisons/V37_versus_thredds_hour/WEG_L_13.png)
 
## ZAC_A
/media/ice/Baptiste/geussnow01/dataverse//V37/hour/ZAC_A_hour.csv
Variables in new file:
p_u, p_l, t_u, t_l, rh_u, rh_u_wrt_ice_or_water, qh_u, rh_l, rh_l_wrt_ice_or_water, qh_l, wspd_u, wspd_l, wdir_u, wdir_l, wspd_x_u, wspd_y_u, wspd_x_l, wspd_y_l, dsr, dsr_cor, usr, usr_cor, albedo, dlr, ulr, cc, t_surf, dlhf_u, dlhf_l, dshf_u, dshf_l, z_boom_u, z_boom_cor_u, z_boom_l, z_boom_cor_l, z_stake, z_surf_combined, snow_height, rainfall_u, rainfall_cor_u, rainfall_l, rainfall_cor_l, t_i_1, t_i_2, t_i_3, t_i_4, t_i_5, t_i_6, t_i_7, t_i_8, t_i_9, t_i_10, t_i_11, d_t_i_1, d_t_i_2, d_t_i_3, d_t_i_4, d_t_i_5, d_t_i_6, d_t_i_7, d_t_i_8, d_t_i_9, d_t_i_10, d_t_i_11, t_i_10m, tilt_x, tilt_y, rot, gps_lat, gps_lon, gps_alt, lat, lon, alt, batt_v, t_rad, p_i, t_i, rh_i, rh_i_wrt_ice_or_water, wspd_i, wdir_i, wspd_x_i, wspd_y_i

New variables not in old files:


Old variables removed from new files:

 
![ZAC_A](../figures/version_comparisons/V37_versus_thredds_hour/ZAC_A_0.png)
![ZAC_A](../figures/version_comparisons/V37_versus_thredds_hour/ZAC_A_1.png)
![ZAC_A](../figures/version_comparisons/V37_versus_thredds_hour/ZAC_A_2.png)
![ZAC_A](../figures/version_comparisons/V37_versus_thredds_hour/ZAC_A_3.png)
![ZAC_A](../figures/version_comparisons/V37_versus_thredds_hour/ZAC_A_4.png)
![ZAC_A](../figures/version_comparisons/V37_versus_thredds_hour/ZAC_A_5.png)
![ZAC_A](../figures/version_comparisons/V37_versus_thredds_hour/ZAC_A_6.png)
![ZAC_A](../figures/version_comparisons/V37_versus_thredds_hour/ZAC_A_7.png)
![ZAC_A](../figures/version_comparisons/V37_versus_thredds_hour/ZAC_A_8.png)
![ZAC_A](../figures/version_comparisons/V37_versus_thredds_hour/ZAC_A_9.png)
![ZAC_A](../figures/version_comparisons/V37_versus_thredds_hour/ZAC_A_10.png)
![ZAC_A](../figures/version_comparisons/V37_versus_thredds_hour/ZAC_A_11.png)
![ZAC_A](../figures/version_comparisons/V37_versus_thredds_hour/ZAC_A_12.png)
![ZAC_A](../figures/version_comparisons/V37_versus_thredds_hour/ZAC_A_13.png)
![ZAC_A](../figures/version_comparisons/V37_versus_thredds_hour/ZAC_A_14.png)
![ZAC_A](../figures/version_comparisons/V37_versus_thredds_hour/ZAC_A_15.png)
![ZAC_A](../figures/version_comparisons/V37_versus_thredds_hour/ZAC_A_16.png)
 
## ZAC_L
/media/ice/Baptiste/geussnow01/dataverse//V37/hour/ZAC_L_hour.csv
Variables in new file:
p_u, t_u, rh_u, rh_u_wrt_ice_or_water, qh_u, wspd_u, wdir_u, wspd_x_u, wspd_y_u, dsr, dsr_cor, usr, usr_cor, albedo, dlr, ulr, cc, t_surf, dlhf_u, dshf_u, z_boom_u, z_boom_cor_u, z_stake, z_stake_cor, z_pt, z_pt_cor, z_surf_combined, z_ice_surf, snow_height, rainfall_u, rainfall_cor_u, t_i_1, t_i_2, t_i_3, t_i_4, t_i_5, t_i_6, t_i_7, t_i_8, d_t_i_1, d_t_i_2, d_t_i_3, d_t_i_4, d_t_i_5, d_t_i_6, d_t_i_7, d_t_i_8, t_i_10m, tilt_x, tilt_y, rot, gps_lat, gps_lon, gps_alt, lat, lon, alt, batt_v, t_rad, p_i, t_i, rh_i, rh_i_wrt_ice_or_water, wspd_i, wdir_i, wspd_x_i, wspd_y_i

New variables not in old files:


Old variables removed from new files:

 
![ZAC_L](../figures/version_comparisons/V37_versus_thredds_hour/ZAC_L_0.png)
![ZAC_L](../figures/version_comparisons/V37_versus_thredds_hour/ZAC_L_1.png)
![ZAC_L](../figures/version_comparisons/V37_versus_thredds_hour/ZAC_L_2.png)
![ZAC_L](../figures/version_comparisons/V37_versus_thredds_hour/ZAC_L_3.png)
![ZAC_L](../figures/version_comparisons/V37_versus_thredds_hour/ZAC_L_4.png)
![ZAC_L](../figures/version_comparisons/V37_versus_thredds_hour/ZAC_L_5.png)
![ZAC_L](../figures/version_comparisons/V37_versus_thredds_hour/ZAC_L_6.png)
![ZAC_L](../figures/version_comparisons/V37_versus_thredds_hour/ZAC_L_7.png)
![ZAC_L](../figures/version_comparisons/V37_versus_thredds_hour/ZAC_L_8.png)
![ZAC_L](../figures/version_comparisons/V37_versus_thredds_hour/ZAC_L_9.png)
![ZAC_L](../figures/version_comparisons/V37_versus_thredds_hour/ZAC_L_10.png)
![ZAC_L](../figures/version_comparisons/V37_versus_thredds_hour/ZAC_L_11.png)
![ZAC_L](../figures/version_comparisons/V37_versus_thredds_hour/ZAC_L_12.png)
![ZAC_L](../figures/version_comparisons/V37_versus_thredds_hour/ZAC_L_13.png)
 
## ZAC_U
/media/ice/Baptiste/geussnow01/dataverse//V37/hour/ZAC_U_hour.csv
Variables in new file:
p_u, t_u, rh_u, rh_u_wrt_ice_or_water, qh_u, wspd_u, wdir_u, wspd_x_u, wspd_y_u, dsr, dsr_cor, usr, usr_cor, albedo, dlr, ulr, cc, t_surf, dlhf_u, dshf_u, z_boom_u, z_boom_cor_u, z_stake, z_stake_cor, z_pt, z_pt_cor, z_surf_combined, z_ice_surf, snow_height, rainfall_u, rainfall_cor_u, t_i_1, t_i_2, t_i_3, t_i_4, t_i_5, t_i_6, t_i_7, t_i_8, d_t_i_1, d_t_i_2, d_t_i_3, d_t_i_4, d_t_i_5, d_t_i_6, d_t_i_7, d_t_i_8, t_i_10m, tilt_x, tilt_y, rot, gps_lat, gps_lon, gps_alt, lat, lon, alt, batt_v, t_rad, p_i, t_i, rh_i, rh_i_wrt_ice_or_water, wspd_i, wdir_i, wspd_x_i, wspd_y_i

New variables not in old files:


Old variables removed from new files:

 
![ZAC_U](../figures/version_comparisons/V37_versus_thredds_hour/ZAC_U_0.png)
![ZAC_U](../figures/version_comparisons/V37_versus_thredds_hour/ZAC_U_1.png)
![ZAC_U](../figures/version_comparisons/V37_versus_thredds_hour/ZAC_U_2.png)
![ZAC_U](../figures/version_comparisons/V37_versus_thredds_hour/ZAC_U_3.png)
![ZAC_U](../figures/version_comparisons/V37_versus_thredds_hour/ZAC_U_4.png)
![ZAC_U](../figures/version_comparisons/V37_versus_thredds_hour/ZAC_U_5.png)
![ZAC_U](../figures/version_comparisons/V37_versus_thredds_hour/ZAC_U_6.png)
![ZAC_U](../figures/version_comparisons/V37_versus_thredds_hour/ZAC_U_7.png)
![ZAC_U](../figures/version_comparisons/V37_versus_thredds_hour/ZAC_U_8.png)
![ZAC_U](../figures/version_comparisons/V37_versus_thredds_hour/ZAC_U_9.png)
![ZAC_U](../figures/version_comparisons/V37_versus_thredds_hour/ZAC_U_10.png)
![ZAC_U](../figures/version_comparisons/V37_versus_thredds_hour/ZAC_U_11.png)
![ZAC_U](../figures/version_comparisons/V37_versus_thredds_hour/ZAC_U_12.png)
![ZAC_U](../figures/version_comparisons/V37_versus_thredds_hour/ZAC_U_13.png)
 
Plotting snow height:   0%|          | 0/46 [00:00<?, ?it/s]Plotting snow height:   2%|▏         | 1/46 [00:00<00:11,  3.95it/s]Plotting snow height:   4%|▍         | 2/46 [00:00<00:09,  4.54it/s]Plotting snow height:   7%|▋         | 3/46 [00:00<00:08,  5.01it/s]Plotting snow height:   9%|▊         | 4/46 [00:00<00:07,  5.91it/s]Plotting snow height:  11%|█         | 5/46 [00:00<00:06,  6.83it/s]Plotting snow height:  13%|█▎        | 6/46 [00:01<00:06,  6.55it/s]Plotting snow height:  15%|█▌        | 7/46 [00:01<00:06,  6.27it/s]Plotting snow height:  20%|█▉        | 9/46 [00:01<00:05,  6.82it/s]Plotting snow height:  22%|██▏       | 10/46 [00:01<00:05,  6.63it/s]Plotting snow height:  26%|██▌       | 12/46 [00:01<00:04,  6.87it/s]Plotting snow height:  28%|██▊       | 13/46 [00:02<00:05,  6.57it/s]Plotting snow height:  30%|███       | 14/46 [00:02<00:06,  4.81it/s]Plotting snow height:  35%|███▍      | 16/46 [00:02<00:04,  6.57it/s]Plotting snow height:  37%|███▋      | 17/46 [00:02<00:05,  5.70it/s]Plotting snow height:  39%|███▉      | 18/46 [00:03<00:05,  5.50it/s]Plotting snow height:  41%|████▏     | 19/46 [00:03<00:04,  5.59it/s]Plotting snow height:  43%|████▎     | 20/46 [00:03<00:04,  6.12it/s]Plotting snow height:  46%|████▌     | 21/46 [00:03<00:04,  6.21it/s]Plotting snow height:  48%|████▊     | 22/46 [00:03<00:03,  6.37it/s]Plotting snow height:  50%|█████     | 23/46 [00:03<00:04,  5.32it/s]Plotting snow height:  52%|█████▏    | 24/46 [00:04<00:04,  5.39it/s]Plotting snow height:  54%|█████▍    | 25/46 [00:04<00:03,  5.71it/s]Plotting snow height:  57%|█████▋    | 26/46 [00:04<00:03,  6.40it/s]Plotting snow height:  59%|█████▊    | 27/46 [00:04<00:03,  5.81it/s]Plotting snow height:  63%|██████▎   | 29/46 [00:04<00:02,  5.91it/s]Plotting snow height:  65%|██████▌   | 30/46 [00:05<00:02,  6.16it/s]Plotting snow height:  67%|██████▋   | 31/46 [00:05<00:03,  4.44it/s]Plotting snow height:  70%|██████▉   | 32/46 [00:05<00:02,  4.98it/s]Plotting snow height:  72%|███████▏  | 33/46 [00:05<00:03,  3.88it/s]Plotting snow height:  74%|███████▍  | 34/46 [00:06<00:02,  4.33it/s]Plotting snow height:  76%|███████▌  | 35/46 [00:06<00:02,  4.82it/s]Plotting snow height:  80%|████████  | 37/46 [00:06<00:01,  6.32it/s]Plotting snow height:  83%|████████▎ | 38/46 [00:06<00:01,  6.04it/s]Plotting snow height:  85%|████████▍ | 39/46 [00:06<00:01,  5.89it/s]Plotting snow height:  87%|████████▋ | 40/46 [00:07<00:01,  5.89it/s]Plotting snow height:  89%|████████▉ | 41/46 [00:07<00:00,  5.63it/s]Plotting snow height:  93%|█████████▎| 43/46 [00:07<00:00,  8.00it/s]Plotting snow height:  98%|█████████▊| 45/46 [00:07<00:00,  7.41it/s]Plotting snow height: 100%|██████████| 46/46 [00:07<00:00,  7.83it/s]Plotting snow height: 100%|██████████| 46/46 [00:07<00:00,  5.94it/s]
Plotting ablation:   0%|          | 0/29 [00:00<?, ?it/s]Plotting ablation:   7%|▋         | 2/29 [00:00<00:03,  8.34it/s]Plotting ablation:  10%|█         | 3/29 [00:00<00:03,  8.39it/s]Plotting ablation:  14%|█▍        | 4/29 [00:00<00:02,  8.49it/s]Plotting ablation:  21%|██        | 6/29 [00:00<00:02, 11.18it/s]Plotting ablation:  28%|██▊       | 8/29 [00:00<00:01, 10.70it/s]Plotting ablation:  34%|███▍      | 10/29 [00:00<00:01, 10.91it/s]Plotting ablation:  41%|████▏     | 12/29 [00:01<00:01, 10.15it/s]Plotting ablation:  48%|████▊     | 14/29 [00:01<00:01, 10.66it/s]Plotting ablation:  55%|█████▌    | 16/29 [00:01<00:01, 11.81it/s]Plotting ablation:  62%|██████▏   | 18/29 [00:01<00:01,  9.58it/s]Plotting ablation:  69%|██████▉   | 20/29 [00:01<00:00, 10.03it/s]Plotting ablation:  76%|███████▌  | 22/29 [00:02<00:00, 11.43it/s]Plotting ablation:  83%|████████▎ | 24/29 [00:02<00:00, 10.92it/s]Plotting ablation:  90%|████████▉ | 26/29 [00:02<00:00, 11.89it/s]Plotting ablation:  97%|█████████▋| 28/29 [00:02<00:00, 13.10it/s]Plotting ablation: 100%|██████████| 29/29 [00:02<00:00, 11.09it/s]
Plotting t_u climatlogy:   0%|          | 0/46 [00:00<?, ?it/s]Plotting t_u climatlogy:   2%|▏         | 1/46 [00:00<00:05,  7.90it/s]Plotting t_u climatlogy:   4%|▍         | 2/46 [00:00<00:05,  7.77it/s]Plotting t_u climatlogy:   7%|▋         | 3/46 [00:00<00:05,  7.21it/s]Plotting t_u climatlogy:  11%|█         | 5/46 [00:00<00:04, 10.06it/s]Plotting t_u climatlogy:  15%|█▌        | 7/46 [00:00<00:04,  8.27it/s]Plotting t_u climatlogy:  20%|█▉        | 9/46 [00:01<00:04,  8.97it/s]Plotting t_u climatlogy:  22%|██▏       | 10/46 [00:01<00:04,  8.93it/s]Plotting t_u climatlogy:  26%|██▌       | 12/46 [00:01<00:03, 10.43it/s]Plotting t_u climatlogy:  30%|███       | 14/46 [00:01<00:03,  9.95it/s]Plotting t_u climatlogy:  35%|███▍      | 16/46 [00:01<00:03,  9.47it/s]Plotting t_u climatlogy:  39%|███▉      | 18/46 [00:01<00:03,  8.86it/s]Plotting t_u climatlogy:  41%|████▏     | 19/46 [00:02<00:03,  8.25it/s]Plotting t_u climatlogy:  46%|████▌     | 21/46 [00:02<00:03,  8.29it/s]Plotting t_u climatlogy:  50%|█████     | 23/46 [00:02<00:02,  9.12it/s]Plotting t_u climatlogy:  52%|█████▏    | 24/46 [00:02<00:02,  9.12it/s]Plotting t_u climatlogy:  54%|█████▍    | 25/46 [00:02<00:02,  9.14it/s]Plotting t_u climatlogy:  59%|█████▊    | 27/46 [00:02<00:01,  9.82it/s]Plotting t_u climatlogy:  63%|██████▎   | 29/46 [00:03<00:01, 11.35it/s]Plotting t_u climatlogy:  67%|██████▋   | 31/46 [00:03<00:01,  9.70it/s]Plotting t_u climatlogy:  72%|███████▏  | 33/46 [00:03<00:01,  8.18it/s]Plotting t_u climatlogy:  76%|███████▌  | 35/46 [00:03<00:01,  9.01it/s]Plotting t_u climatlogy:  80%|████████  | 37/46 [00:03<00:00, 10.55it/s]Plotting t_u climatlogy:  85%|████████▍ | 39/46 [00:04<00:00,  9.63it/s]Plotting t_u climatlogy:  89%|████████▉ | 41/46 [00:04<00:00,  9.69it/s]Plotting t_u climatlogy:  93%|█████████▎| 43/46 [00:04<00:00,  8.71it/s]Plotting t_u climatlogy:  98%|█████████▊| 45/46 [00:04<00:00,  9.55it/s]Plotting t_u climatlogy: 100%|██████████| 46/46 [00:04<00:00,  9.30it/s]
Plotting rh_u climatlogy:   0%|          | 0/46 [00:00<?, ?it/s]Plotting rh_u climatlogy:   2%|▏         | 1/46 [00:00<00:06,  6.57it/s]Plotting rh_u climatlogy:   4%|▍         | 2/46 [00:00<00:07,  6.27it/s]Plotting rh_u climatlogy:   7%|▋         | 3/46 [00:00<00:06,  6.24it/s]Plotting rh_u climatlogy:  11%|█         | 5/46 [00:00<00:04,  9.00it/s]Plotting rh_u climatlogy:  13%|█▎        | 6/46 [00:00<00:04,  8.03it/s]Plotting rh_u climatlogy:  15%|█▌        | 7/46 [00:00<00:05,  7.75it/s]Plotting rh_u climatlogy:  20%|█▉        | 9/46 [00:01<00:04,  8.90it/s]Plotting rh_u climatlogy:  22%|██▏       | 10/46 [00:01<00:04,  8.92it/s]Plotting rh_u climatlogy:  26%|██▌       | 12/46 [00:01<00:03, 10.24it/s]Plotting rh_u climatlogy:  30%|███       | 14/46 [00:01<00:03,  9.68it/s]Plotting rh_u climatlogy:  37%|███▋      | 17/46 [00:01<00:02, 12.05it/s]Plotting rh_u climatlogy:  41%|████▏     | 19/46 [00:02<00:02,  9.58it/s]Plotting rh_u climatlogy:  46%|████▌     | 21/46 [00:02<00:02,  8.63it/s]Plotting rh_u climatlogy:  50%|█████     | 23/46 [00:02<00:03,  7.55it/s]Plotting rh_u climatlogy:  52%|█████▏    | 24/46 [00:02<00:02,  7.69it/s]Plotting rh_u climatlogy:  54%|█████▍    | 25/46 [00:02<00:02,  7.85it/s]Plotting rh_u climatlogy:  59%|█████▊    | 27/46 [00:03<00:02,  8.37it/s]Plotting rh_u climatlogy:  63%|██████▎   | 29/46 [00:03<00:01,  9.59it/s]Plotting rh_u climatlogy:  67%|██████▋   | 31/46 [00:03<00:01,  8.62it/s]Plotting rh_u climatlogy:  70%|██████▉   | 32/46 [00:03<00:01,  8.15it/s]Plotting rh_u climatlogy:  72%|███████▏  | 33/46 [00:03<00:01,  7.39it/s]Plotting rh_u climatlogy:  76%|███████▌  | 35/46 [00:04<00:01,  8.40it/s]Plotting rh_u climatlogy:  80%|████████  | 37/46 [00:04<00:00, 10.12it/s]Plotting rh_u climatlogy:  85%|████████▍ | 39/46 [00:04<00:00,  9.33it/s]Plotting rh_u climatlogy:  89%|████████▉ | 41/46 [00:04<00:00,  9.46it/s]Plotting rh_u climatlogy:  96%|█████████▌| 44/46 [00:04<00:00, 12.00it/s]Plotting rh_u climatlogy: 100%|██████████| 46/46 [00:05<00:00, 11.60it/s]Plotting rh_u climatlogy: 100%|██████████| 46/46 [00:05<00:00,  9.16it/s]
Plotting p_u climatlogy:   0%|          | 0/46 [00:00<?, ?it/s]Plotting p_u climatlogy:   2%|▏         | 1/46 [00:00<00:07,  6.40it/s]Plotting p_u climatlogy:   4%|▍         | 2/46 [00:00<00:06,  6.31it/s]Plotting p_u climatlogy:   7%|▋         | 3/46 [00:00<00:06,  6.38it/s]Plotting p_u climatlogy:  11%|█         | 5/46 [00:00<00:04,  9.25it/s]Plotting p_u climatlogy:  13%|█▎        | 6/46 [00:00<00:04,  8.21it/s]Plotting p_u climatlogy:  15%|█▌        | 7/46 [00:00<00:04,  7.87it/s]Plotting p_u climatlogy:  20%|█▉        | 9/46 [00:01<00:04,  9.00it/s]Plotting p_u climatlogy:  22%|██▏       | 10/46 [00:01<00:03,  9.11it/s]Plotting p_u climatlogy:  26%|██▌       | 12/46 [00:01<00:03, 10.86it/s]Plotting p_u climatlogy:  30%|███       | 14/46 [00:01<00:03, 10.34it/s]Plotting p_u climatlogy:  37%|███▋      | 17/46 [00:01<00:02, 12.71it/s]Plotting p_u climatlogy:  41%|████▏     | 19/46 [00:02<00:02,  9.86it/s]Plotting p_u climatlogy:  46%|████▌     | 21/46 [00:02<00:02,  9.47it/s]Plotting p_u climatlogy:  50%|█████     | 23/46 [00:02<00:02,  9.98it/s]Plotting p_u climatlogy:  54%|█████▍    | 25/46 [00:02<00:02,  9.58it/s]Plotting p_u climatlogy:  59%|█████▊    | 27/46 [00:02<00:01,  9.97it/s]Plotting p_u climatlogy:  63%|██████▎   | 29/46 [00:02<00:01, 10.98it/s]Plotting p_u climatlogy:  67%|██████▋   | 31/46 [00:03<00:02,  6.40it/s]Plotting p_u climatlogy:  70%|██████▉   | 32/46 [00:03<00:02,  6.42it/s]Plotting p_u climatlogy:  72%|███████▏  | 33/46 [00:03<00:02,  6.19it/s]Plotting p_u climatlogy:  76%|███████▌  | 35/46 [00:04<00:01,  7.37it/s]Plotting p_u climatlogy:  80%|████████  | 37/46 [00:04<00:00,  9.00it/s]Plotting p_u climatlogy:  85%|████████▍ | 39/46 [00:04<00:00,  8.34it/s]Plotting p_u climatlogy:  87%|████████▋ | 40/46 [00:04<00:00,  8.58it/s]Plotting p_u climatlogy:  89%|████████▉ | 41/46 [00:04<00:00,  8.71it/s]Plotting p_u climatlogy:  96%|█████████▌| 44/46 [00:04<00:00, 12.11it/s]Plotting p_u climatlogy: 100%|██████████| 46/46 [00:05<00:00, 11.51it/s]Plotting p_u climatlogy: 100%|██████████| 46/46 [00:05<00:00,  9.09it/s]
Plotting wspd_u climatlogy:   0%|          | 0/46 [00:00<?, ?it/s]Plotting wspd_u climatlogy:   2%|▏         | 1/46 [00:00<00:06,  6.53it/s]Plotting wspd_u climatlogy:   4%|▍         | 2/46 [00:00<00:06,  6.48it/s]Plotting wspd_u climatlogy:   7%|▋         | 3/46 [00:00<00:06,  6.36it/s]Plotting wspd_u climatlogy:  11%|█         | 5/46 [00:00<00:04,  9.12it/s]Plotting wspd_u climatlogy:  13%|█▎        | 6/46 [00:00<00:04,  8.16it/s]Plotting wspd_u climatlogy:  15%|█▌        | 7/46 [00:00<00:05,  7.73it/s]Plotting wspd_u climatlogy:  20%|█▉        | 9/46 [00:01<00:04,  8.83it/s]Plotting wspd_u climatlogy:  22%|██▏       | 10/46 [00:01<00:04,  8.98it/s]Plotting wspd_u climatlogy:  26%|██▌       | 12/46 [00:01<00:03, 10.62it/s]Plotting wspd_u climatlogy:  30%|███       | 14/46 [00:01<00:03, 10.40it/s]Plotting wspd_u climatlogy:  37%|███▋      | 17/46 [00:01<00:02, 12.98it/s]Plotting wspd_u climatlogy:  41%|████▏     | 19/46 [00:02<00:02,  9.89it/s]Plotting wspd_u climatlogy:  46%|████▌     | 21/46 [00:02<00:02,  9.39it/s]Plotting wspd_u climatlogy:  50%|█████     | 23/46 [00:02<00:02,  9.79it/s]Plotting wspd_u climatlogy:  54%|█████▍    | 25/46 [00:02<00:02,  9.67it/s]Plotting wspd_u climatlogy:  59%|█████▊    | 27/46 [00:02<00:01, 10.26it/s]Plotting wspd_u climatlogy:  63%|██████▎   | 29/46 [00:02<00:01, 11.29it/s]Plotting wspd_u climatlogy:  67%|██████▋   | 31/46 [00:03<00:01,  9.65it/s]Plotting wspd_u climatlogy:  72%|███████▏  | 33/46 [00:03<00:01,  8.30it/s]Plotting wspd_u climatlogy:  76%|███████▌  | 35/46 [00:03<00:01,  9.14it/s]Plotting wspd_u climatlogy:  80%|████████  | 37/46 [00:03<00:00, 10.69it/s]Plotting wspd_u climatlogy:  85%|████████▍ | 39/46 [00:04<00:00,  9.69it/s]Plotting wspd_u climatlogy:  89%|████████▉ | 41/46 [00:04<00:00,  9.78it/s]Plotting wspd_u climatlogy:  96%|█████████▌| 44/46 [00:04<00:00, 12.58it/s]Plotting wspd_u climatlogy: 100%|██████████| 46/46 [00:04<00:00, 12.29it/s]Plotting wspd_u climatlogy: 100%|██████████| 46/46 [00:04<00:00, 10.01it/s]
ERROR 1: PROJ: proj_create_from_database: Open of /home/bav/miniforge3/envs/bav/share/proj failed
/home/bav/aws-operational-diagnostics/climatologies_transects.py:369: RuntimeWarning: More than 20 figures have been opened. Figures created through the pyplot interface (`matplotlib.pyplot.figure`) are retained until explicitly closed and may consume too much memory. (To control this warning, see the rcParam `figure.max_open_warning`). Consider using `matplotlib.pyplot.close()`.
  fig = plt.figure(figsize=(7, 3 * 1.7))
Saved : figures/climatology/snow_height_KAN_T_KAN_L_KAN_M_KAN_U.png
Saved : figures/climatology/snow_height_QAS_L_QAS_M_QAS_U.png
Saved : figures/climatology/snow_height_SCO_L_SCO_U.png
Saved : figures/climatology/snow_height_KPC_L_KPC_U.png
Saved : figures/climatology/snow_height_JAR_SWC.png
Saved : figures/climatology/snow_height_TAS_L_TAS_A.png
Saved : figures/climatology/snow_height_THU_L_THU_U.png
Saved : figures/climatology/snow_height_NUK_L_NUK_U.png
Saved : figures/climatology/snow_height_UPE_L_UPE_U.png
Saved : figures/climatology/snow_height_ZAC_L_ZAC_U_ZAC_A.png
Saved : figures/climatology/t_u_KAN_T_KAN_L_KAN_M_KAN_U.png
Saved : figures/climatology/t_u_QAS_L_QAS_M_QAS_U.png
Saved : figures/climatology/t_u_SCO_L_SCO_U.png
Saved : figures/climatology/t_u_KPC_L_KPC_U.png
Saved : figures/climatology/t_u_JAR_SWC.png
Saved : figures/climatology/t_u_TAS_L_TAS_A.png
Saved : figures/climatology/t_u_THU_L_THU_U.png
Saved : figures/climatology/t_u_NUK_L_NUK_U.png
Saved : figures/climatology/t_u_UPE_L_UPE_U.png
Saved : figures/climatology/t_u_ZAC_L_ZAC_U_ZAC_A.png
Saved : figures/climatology/t_surf_KAN_T_KAN_L_KAN_M_KAN_U.png
Saved : figures/climatology/t_surf_QAS_L_QAS_M_QAS_U.png
Saved : figures/climatology/t_surf_SCO_L_SCO_U.png
Saved : figures/climatology/t_surf_KPC_L_KPC_U.png
Saved : figures/climatology/t_surf_JAR_SWC.png
Saved : figures/climatology/t_surf_TAS_L_TAS_A.png
Saved : figures/climatology/t_surf_THU_L_THU_U.png
Saved : figures/climatology/t_surf_NUK_L_NUK_U.png
Saved : figures/climatology/t_surf_UPE_L_UPE_U.png
Saved : figures/climatology/t_surf_ZAC_L_ZAC_U_ZAC_A.png
Saved: plot_compilations/all_station_plots.md
[main 0b17b2ea] Update dataset version comparison (Dataverse 37.0)
 1081 files changed, 4032 insertions(+)
 create mode 100644 logs/make_dataverse_update_plots_20260506.log
To https://github.com/GEUS-Glaciology-and-Climate/aws-operational-diagnostics.git
   2000895d..0b17b2ea  main -> main
