KAN_U

 ======== test get_l2 ========= 

2026-02-10 16:02:04,480; DEBUG; pypromice.pipeline.aws; AWS(config_file=../aws-l0//tx/config/KAN_U.toml, inpath=../aws-l0//tx/, data_issues_repository=../PROMICE-AWS-data-issues, var_file=None, meta_file=None)
2026-02-10 16:02:04,548; DEBUG; pypromice.pipeline.aws; Source information: {'pypromice': '1.5.1', 'l0_config_file': 'KAN_U.toml:4bdadcfd32851bd1d43433658ee1f333a340ed01', 'l0_data_root': '4bdadcfd32851bd1d43433658ee1f333a340ed01', 'data_issues': 'a469096a07c8232cfb9c3d702402eeec79075bfb'}
2026-02-10 16:02:04,571; INFO; pypromice.io.ingest.l0; Detected L0 file type 'csv_default' for ../aws-l0/tx/KAN_U_300534062415410_1.txt
2026-02-10 16:02:04,664; INFO; pypromice.io.ingest.l0; L0 data successfully loaded from KAN_U_300534062415410_1.txt
2026-02-10 16:02:04,665; INFO; pypromice.io.ingest.l0; Detected L0 file type 'csv_default' for ../aws-l0/tx/KAN_U_300534062415410_2.txt
2026-02-10 16:02:04,745; INFO; pypromice.io.ingest.l0; L0 data successfully loaded from KAN_U_300534062415410_2.txt
2026-02-10 16:02:04,756; INFO; pypromice.pipeline.aws; Level 1 processing...
2026-02-10 16:02:05,841; INFO; pypromice.pipeline.aws; Level 2 processing...
2026-02-10 16:02:06,429; DEBUG; pypromice.core.qc.persistence; Running persistence_qc using {'t_i': {'max_diff': 0.0001, 'period': 2}, 't_u': {'max_diff': 0.0001, 'period': 2}, 't_l': {'max_diff': 0.0001, 'period': 2}, 'p_i': {'max_diff': 0.0001, 'period': 3}, 'p_u': {'max_diff': 0.0001, 'period': 150}, 'p_l': {'max_diff': 0.0001, 'period': 150}, 'gps_lat_lon': {'max_diff': 1e-06, 'period': 6}, 'gps_alt': {'max_diff': 0.0001, 'period': 6}, 't_rad': {'max_diff': 0.0001, 'period': 2}, 'rh_i': {'max_diff': 0.0001, 'period': 2}, 'rh_u': {'max_diff': 0.0001, 'period': 2}, 'rh_l': {'max_diff': 0.0001, 'period': 2}, 'wspd_i': {'max_diff': 0.0001, 'period': 6}, 'wspd_u': {'max_diff': 0.0001, 'period': 6}, 'wspd_l': {'max_diff': 0.0001, 'period': 6}}
2026-02-10 16:02:06,921; INFO; pypromice.core.qc.rate_of_change_filter; ROC filter on p_l (tol=1.0, factor=2.0): filtering 3/14661
2026-02-10 16:02:07,137; INFO; pypromice.core.qc.rate_of_change_filter; ROC filter on p_l (tol=1.0, factor=2.0): filtering 0/14661
2026-02-10 16:02:07,166; INFO; pypromice.core.qc.rate_of_change_filter; ROC filter on p_u (tol=1.0, factor=2.0): filtering 1/14661
2026-02-10 16:02:07,367; INFO; pypromice.core.qc.rate_of_change_filter; ROC filter on p_u (tol=1.0, factor=2.0): filtering 0/14661
2026-02-10 16:02:07,396; INFO; pypromice.core.qc.rate_of_change_filter; ROC filter on t_l (tol=3.0, factor=2.2): filtering 4/14661
2026-02-10 16:02:07,604; INFO; pypromice.core.qc.rate_of_change_filter; ROC filter on t_l (tol=3.0, factor=2.2): filtering 1/14661
2026-02-10 16:02:07,637; INFO; pypromice.core.qc.rate_of_change_filter; ROC filter on t_u (tol=3.0, factor=2.2): filtering 6/14661
2026-02-10 16:02:07,850; INFO; pypromice.core.qc.rate_of_change_filter; ROC filter on t_u (tol=3.0, factor=2.2): filtering 1/14661
2026-02-10 16:02:07,880; INFO; pypromice.core.qc.rate_of_change_filter; ROC filter on rh_l (tol=2.0, factor=3.5): filtering 3/14661
2026-02-10 16:02:08,081; INFO; pypromice.core.qc.rate_of_change_filter; ROC filter on rh_l (tol=2.0, factor=3.5): filtering 0/14661
2026-02-10 16:02:08,112; INFO; pypromice.core.qc.rate_of_change_filter; ROC filter on rh_u (tol=2.0, factor=3.5): filtering 4/14661
2026-02-10 16:02:08,312; INFO; pypromice.core.qc.rate_of_change_filter; ROC filter on rh_u (tol=2.0, factor=3.5): filtering 0/14661
2026-02-10 16:02:08,342; INFO; pypromice.core.qc.rate_of_change_filter; ROC filter on wspd_l (tol=0.5, factor=2.0): filtering 7/14661
2026-02-10 16:02:08,548; INFO; pypromice.core.qc.rate_of_change_filter; ROC filter on wspd_l (tol=0.5, factor=2.0): filtering 0/14661
2026-02-10 16:02:08,580; INFO; pypromice.core.qc.rate_of_change_filter; ROC filter on wspd_u (tol=0.5, factor=2.0): filtering 10/14661
2026-02-10 16:02:08,786; INFO; pypromice.core.qc.rate_of_change_filter; ROC filter on wspd_u (tol=0.5, factor=2.0): filtering 0/14661
2026-02-10 16:02:08,815; INFO; pypromice.core.qc.rate_of_change_filter; ROC filter on t_i_1 (tol=0.5, factor=1.5): filtering 15/14661
2026-02-10 16:02:09,015; INFO; pypromice.core.qc.rate_of_change_filter; ROC filter on t_i_1 (tol=0.5, factor=1.5): filtering 4/14661
2026-02-10 16:02:09,043; INFO; pypromice.core.qc.rate_of_change_filter; ROC filter on t_i_2 (tol=0.5, factor=1.5): filtering 21/14661
2026-02-10 16:02:09,243; INFO; pypromice.core.qc.rate_of_change_filter; ROC filter on t_i_2 (tol=0.5, factor=1.5): filtering 9/14661
2026-02-10 16:02:09,271; INFO; pypromice.core.qc.rate_of_change_filter; ROC filter on t_i_3 (tol=0.5, factor=1.5): filtering 23/14661
2026-02-10 16:02:09,476; INFO; pypromice.core.qc.rate_of_change_filter; ROC filter on t_i_3 (tol=0.5, factor=1.5): filtering 8/14661
2026-02-10 16:02:09,516; INFO; pypromice.core.qc.rate_of_change_filter; ROC filter on t_i_4 (tol=0.5, factor=1.5): filtering 34/14661
2026-02-10 16:02:09,716; INFO; pypromice.core.qc.rate_of_change_filter; ROC filter on t_i_4 (tol=0.5, factor=1.5): filtering 6/14661
2026-02-10 16:02:09,744; INFO; pypromice.core.qc.rate_of_change_filter; ROC filter on t_i_5 (tol=0.5, factor=1.5): filtering 16/14661
2026-02-10 16:02:09,940; INFO; pypromice.core.qc.rate_of_change_filter; ROC filter on t_i_5 (tol=0.5, factor=1.5): filtering 10/14661
2026-02-10 16:02:09,970; INFO; pypromice.core.qc.rate_of_change_filter; ROC filter on t_i_6 (tol=0.5, factor=1.5): filtering 12/14661
2026-02-10 16:02:10,170; INFO; pypromice.core.qc.rate_of_change_filter; ROC filter on t_i_6 (tol=0.5, factor=1.5): filtering 0/14661
2026-02-10 16:02:10,198; INFO; pypromice.core.qc.rate_of_change_filter; ROC filter on t_i_7 (tol=0.5, factor=1.5): filtering 16/14661
2026-02-10 16:02:10,414; INFO; pypromice.core.qc.rate_of_change_filter; ROC filter on t_i_7 (tol=0.5, factor=1.5): filtering 12/14661
2026-02-10 16:02:10,466; INFO; pypromice.core.qc.rate_of_change_filter; ROC filter on t_i_8 (tol=0.5, factor=1.5): filtering 20/14661
2026-02-10 16:02:10,666; INFO; pypromice.core.qc.rate_of_change_filter; ROC filter on t_i_8 (tol=0.5, factor=1.5): filtering 10/14661
2026-02-10 16:02:10,695; INFO; pypromice.core.qc.rate_of_change_filter; ROC filter on t_i_9 (tol=0.5, factor=1.5): filtering 14/14661
2026-02-10 16:02:10,889; INFO; pypromice.core.qc.rate_of_change_filter; ROC filter on t_i_9 (tol=0.5, factor=1.5): filtering 5/14661
2026-02-10 16:02:10,916; INFO; pypromice.core.qc.rate_of_change_filter; ROC filter on t_i_10 (tol=0.5, factor=1.5): filtering 15/14661
2026-02-10 16:02:11,121; INFO; pypromice.core.qc.rate_of_change_filter; ROC filter on t_i_10 (tol=0.5, factor=1.5): filtering 4/14661
2026-02-10 16:02:11,155; INFO; pypromice.core.qc.rate_of_change_filter; ROC filter on p_i (tol=1.0, factor=2.0): filtering 1/14661
2026-02-10 16:02:11,353; INFO; pypromice.core.qc.rate_of_change_filter; ROC filter on p_i (tol=1.0, factor=2.0): filtering 0/14661
2026-02-10 16:02:11,383; INFO; pypromice.core.qc.rate_of_change_filter; ROC filter on t_i (tol=3.0, factor=2.2): filtering 6/14661
2026-02-10 16:02:11,580; INFO; pypromice.core.qc.rate_of_change_filter; ROC filter on t_i (tol=3.0, factor=2.2): filtering 2/14661
2026-02-10 16:02:11,611; INFO; pypromice.core.qc.rate_of_change_filter; ROC filter on rh_i (tol=2.0, factor=3.5): filtering 3/14661
2026-02-10 16:02:11,811; INFO; pypromice.core.qc.rate_of_change_filter; ROC filter on rh_i (tol=2.0, factor=3.5): filtering 0/14661
2026-02-10 16:02:11,840; INFO; pypromice.core.qc.rate_of_change_filter; ROC filter on wspd_i (tol=0.5, factor=2.0): filtering 9/14661
2026-02-10 16:02:12,038; INFO; pypromice.core.qc.rate_of_change_filter; ROC filter on wspd_i (tol=0.5, factor=2.0): filtering 1/14661
2026-02-10 16:02:12,218; INFO; pypromice.core.qc.github_data_issues; Using file: ../PROMICE-AWS-data-issues/adjustments/KAN_U.csv
2026-02-10 16:02:12,575; INFO; pypromice.core.qc.github_data_issues; Using file: ../PROMICE-AWS-data-issues/flags/KAN_U.csv
2026-02-10 16:02:12,641; DEBUG; pypromice.core.qc.github_data_issues; ---> flagging 2009-10-03 00:00:00 2009-10-07 00:00:00 dlr with RIME, flagged 0/14661
2026-02-10 16:02:12,646; DEBUG; pypromice.core.qc.github_data_issues; ---> flagging 2009-10-03 00:00:00 2009-10-07 00:00:00 ulr with RIME, flagged 0/14661
2026-02-10 16:02:12,649; DEBUG; pypromice.core.qc.github_data_issues; ---> flagging 2009-10-03 00:00:00 2009-10-07 00:00:00 dsr with RIME, flagged 0/14661
2026-02-10 16:02:12,652; DEBUG; pypromice.core.qc.github_data_issues; ---> flagging 2009-10-03 00:00:00 2009-10-07 00:00:00 usr with RIME, flagged 0/14661
2026-02-10 16:02:12,656; DEBUG; pypromice.core.qc.github_data_issues; ---> flagging 2009-11-25 00:00:00 2009-11-28 00:00:00 dlr with RIME, flagged 0/14661
2026-02-10 16:02:12,659; DEBUG; pypromice.core.qc.github_data_issues; ---> flagging 2009-11-25 00:00:00 2009-11-28 00:00:00 ulr with RIME, flagged 0/14661
2026-02-10 16:02:12,662; DEBUG; pypromice.core.qc.github_data_issues; ---> flagging 2009-11-25 00:00:00 2009-11-28 00:00:00 dsr with RIME, flagged 0/14661
2026-02-10 16:02:12,665; DEBUG; pypromice.core.qc.github_data_issues; ---> flagging 2009-11-25 00:00:00 2009-11-28 00:00:00 usr with RIME, flagged 0/14661
2026-02-10 16:02:12,668; DEBUG; pypromice.core.qc.github_data_issues; ---> flagging 2011-10-20 00:00:00 2011-10-23 00:00:00 dlr with RIME, flagged 0/14661
2026-02-10 16:02:12,671; DEBUG; pypromice.core.qc.github_data_issues; ---> flagging 2011-10-20 00:00:00 2011-10-23 00:00:00 ulr with RIME, flagged 0/14661
2026-02-10 16:02:12,674; DEBUG; pypromice.core.qc.github_data_issues; ---> flagging 2011-10-20 00:00:00 2011-10-23 00:00:00 dsr with RIME, flagged 0/14661
2026-02-10 16:02:12,677; DEBUG; pypromice.core.qc.github_data_issues; ---> flagging 2011-10-20 00:00:00 2011-10-23 00:00:00 usr with RIME, flagged 0/14661
2026-02-10 16:02:12,681; DEBUG; pypromice.core.qc.github_data_issues; ---> flagging 2012-01-29 00:00:00 2012-01-31 00:00:00 dlr with RIME, flagged 0/14661
2026-02-10 16:02:12,684; DEBUG; pypromice.core.qc.github_data_issues; ---> flagging 2012-01-29 00:00:00 2012-01-31 00:00:00 ulr with RIME, flagged 0/14661
2026-02-10 16:02:12,687; DEBUG; pypromice.core.qc.github_data_issues; ---> flagging 2012-01-29 00:00:00 2012-01-31 00:00:00 dsr with RIME, flagged 0/14661
2026-02-10 16:02:12,690; DEBUG; pypromice.core.qc.github_data_issues; ---> flagging 2012-01-29 00:00:00 2012-01-31 00:00:00 usr with RIME, flagged 0/14661
2026-02-10 16:02:12,694; DEBUG; pypromice.core.qc.github_data_issues; ---> flagging 2012-11-07 00:00:00 2012-11-11 00:00:00 dlr with RIME, flagged 0/14661
2026-02-10 16:02:12,697; DEBUG; pypromice.core.qc.github_data_issues; ---> flagging 2012-11-07 00:00:00 2012-11-11 00:00:00 ulr with RIME, flagged 0/14661
2026-02-10 16:02:12,700; DEBUG; pypromice.core.qc.github_data_issues; ---> flagging 2012-11-07 00:00:00 2012-11-11 00:00:00 dsr with RIME, flagged 0/14661
2026-02-10 16:02:12,703; DEBUG; pypromice.core.qc.github_data_issues; ---> flagging 2012-11-07 00:00:00 2012-11-11 00:00:00 usr with RIME, flagged 0/14661
2026-02-10 16:02:12,706; DEBUG; pypromice.core.qc.github_data_issues; ---> flagging 2012-12-17 00:00:00 2012-12-19 00:00:00 dlr with RIME, flagged 0/14661
2026-02-10 16:02:12,709; DEBUG; pypromice.core.qc.github_data_issues; ---> flagging 2012-12-17 00:00:00 2012-12-19 00:00:00 ulr with RIME, flagged 0/14661
2026-02-10 16:02:12,712; DEBUG; pypromice.core.qc.github_data_issues; ---> flagging 2012-12-17 00:00:00 2012-12-19 00:00:00 dsr with RIME, flagged 0/14661
2026-02-10 16:02:12,715; DEBUG; pypromice.core.qc.github_data_issues; ---> flagging 2012-12-17 00:00:00 2012-12-19 00:00:00 usr with RIME, flagged 0/14661
2026-02-10 16:02:12,719; DEBUG; pypromice.core.qc.github_data_issues; ---> flagging 2012-12-29 00:00:00 2013-01-01 00:00:00 dlr with RIME, flagged 0/14661
2026-02-10 16:02:12,722; DEBUG; pypromice.core.qc.github_data_issues; ---> flagging 2012-12-29 00:00:00 2013-01-01 00:00:00 ulr with RIME, flagged 0/14661
2026-02-10 16:02:12,725; DEBUG; pypromice.core.qc.github_data_issues; ---> flagging 2012-12-29 00:00:00 2013-01-01 00:00:00 dsr with RIME, flagged 0/14661
2026-02-10 16:02:12,728; DEBUG; pypromice.core.qc.github_data_issues; ---> flagging 2012-12-29 00:00:00 2013-01-01 00:00:00 usr with RIME, flagged 0/14661
2026-02-10 16:02:12,731; DEBUG; pypromice.core.qc.github_data_issues; ---> flagging 2013-12-03 00:00:00 2013-12-06 00:00:00 dlr with RIME, flagged 0/14661
2026-02-10 16:02:12,734; DEBUG; pypromice.core.qc.github_data_issues; ---> flagging 2013-12-03 00:00:00 2013-12-06 00:00:00 ulr with RIME, flagged 0/14661
2026-02-10 16:02:12,737; DEBUG; pypromice.core.qc.github_data_issues; ---> flagging 2013-12-03 00:00:00 2013-12-06 00:00:00 dsr with RIME, flagged 0/14661
2026-02-10 16:02:12,740; DEBUG; pypromice.core.qc.github_data_issues; ---> flagging 2013-12-03 00:00:00 2013-12-06 00:00:00 usr with RIME, flagged 0/14661
2026-02-10 16:02:12,744; DEBUG; pypromice.core.qc.github_data_issues; ---> flagging 2013-12-18 00:00:00 2013-12-22 00:00:00 dlr with RIME, flagged 0/14661
2026-02-10 16:02:12,746; DEBUG; pypromice.core.qc.github_data_issues; ---> flagging 2013-12-18 00:00:00 2013-12-22 00:00:00 ulr with RIME, flagged 0/14661
2026-02-10 16:02:12,749; DEBUG; pypromice.core.qc.github_data_issues; ---> flagging 2013-12-18 00:00:00 2013-12-22 00:00:00 dsr with RIME, flagged 0/14661
2026-02-10 16:02:12,752; DEBUG; pypromice.core.qc.github_data_issues; ---> flagging 2013-12-18 00:00:00 2013-12-22 00:00:00 usr with RIME, flagged 0/14661
2026-02-10 16:02:12,756; DEBUG; pypromice.core.qc.github_data_issues; ---> flagging 2013-12-25 00:00:00 2013-12-27 00:00:00 dlr with RIME, flagged 0/14661
2026-02-10 16:02:12,759; DEBUG; pypromice.core.qc.github_data_issues; ---> flagging 2013-12-25 00:00:00 2013-12-27 00:00:00 ulr with RIME, flagged 0/14661
2026-02-10 16:02:12,762; DEBUG; pypromice.core.qc.github_data_issues; ---> flagging 2013-12-25 00:00:00 2013-12-27 00:00:00 dsr with RIME, flagged 0/14661
2026-02-10 16:02:12,765; DEBUG; pypromice.core.qc.github_data_issues; ---> flagging 2013-12-25 00:00:00 2013-12-27 00:00:00 usr with RIME, flagged 0/14661
2026-02-10 16:02:12,768; DEBUG; pypromice.core.qc.github_data_issues; ---> flagging 2014-01-04 00:00:00 2014-01-06 00:00:00 dlr with RIME, flagged 0/14661
2026-02-10 16:02:12,771; DEBUG; pypromice.core.qc.github_data_issues; ---> flagging 2014-01-04 00:00:00 2014-01-06 00:00:00 ulr with RIME, flagged 0/14661
2026-02-10 16:02:12,774; DEBUG; pypromice.core.qc.github_data_issues; ---> flagging 2014-01-04 00:00:00 2014-01-06 00:00:00 dsr with RIME, flagged 0/14661
2026-02-10 16:02:12,777; DEBUG; pypromice.core.qc.github_data_issues; ---> flagging 2014-01-04 00:00:00 2014-01-06 00:00:00 usr with RIME, flagged 0/14661
2026-02-10 16:02:12,781; DEBUG; pypromice.core.qc.github_data_issues; ---> flagging 2014-10-25 00:00:00 2014-10-27 00:00:00 dlr with RIME, flagged 0/14661
2026-02-10 16:02:12,784; DEBUG; pypromice.core.qc.github_data_issues; ---> flagging 2014-10-25 00:00:00 2014-10-27 00:00:00 ulr with RIME, flagged 0/14661
2026-02-10 16:02:12,786; DEBUG; pypromice.core.qc.github_data_issues; ---> flagging 2014-10-25 00:00:00 2014-10-27 00:00:00 dsr with RIME, flagged 0/14661
2026-02-10 16:02:12,789; DEBUG; pypromice.core.qc.github_data_issues; ---> flagging 2014-10-25 00:00:00 2014-10-27 00:00:00 usr with RIME, flagged 0/14661
2026-02-10 16:02:12,793; DEBUG; pypromice.core.qc.github_data_issues; ---> flagging 2014-11-28 00:00:00 2014-12-05 00:00:00 dlr with RIME, flagged 0/14661
2026-02-10 16:02:12,796; DEBUG; pypromice.core.qc.github_data_issues; ---> flagging 2014-11-28 00:00:00 2014-12-05 00:00:00 ulr with RIME, flagged 0/14661
2026-02-10 16:02:12,799; DEBUG; pypromice.core.qc.github_data_issues; ---> flagging 2014-11-28 00:00:00 2014-12-05 00:00:00 dsr with RIME, flagged 0/14661
2026-02-10 16:02:12,802; DEBUG; pypromice.core.qc.github_data_issues; ---> flagging 2014-11-28 00:00:00 2014-12-05 00:00:00 usr with RIME, flagged 0/14661
2026-02-10 16:02:12,807; DEBUG; pypromice.core.qc.github_data_issues; ---> flagging 2014-12-08 00:00:00 2014-12-12 00:00:00 dlr with RIME, flagged 0/14661
2026-02-10 16:02:12,810; DEBUG; pypromice.core.qc.github_data_issues; ---> flagging 2014-12-08 00:00:00 2014-12-12 00:00:00 ulr with RIME, flagged 0/14661
2026-02-10 16:02:12,813; DEBUG; pypromice.core.qc.github_data_issues; ---> flagging 2014-12-08 00:00:00 2014-12-12 00:00:00 dsr with RIME, flagged 0/14661
2026-02-10 16:02:12,816; DEBUG; pypromice.core.qc.github_data_issues; ---> flagging 2014-12-08 00:00:00 2014-12-12 00:00:00 usr with RIME, flagged 0/14661
2026-02-10 16:02:12,821; DEBUG; pypromice.core.qc.github_data_issues; ---> flagging 2014-12-17 00:00:00 2014-12-20 00:00:00 dlr with RIME, flagged 0/14661
2026-02-10 16:02:12,824; DEBUG; pypromice.core.qc.github_data_issues; ---> flagging 2014-12-17 00:00:00 2014-12-20 00:00:00 ulr with RIME, flagged 0/14661
2026-02-10 16:02:12,827; DEBUG; pypromice.core.qc.github_data_issues; ---> flagging 2014-12-17 00:00:00 2014-12-20 00:00:00 dsr with RIME, flagged 0/14661
2026-02-10 16:02:12,830; DEBUG; pypromice.core.qc.github_data_issues; ---> flagging 2014-12-17 00:00:00 2014-12-20 00:00:00 usr with RIME, flagged 0/14661
2026-02-10 16:02:12,834; DEBUG; pypromice.core.qc.github_data_issues; ---> flagging 2015-01-06 00:00:00 2015-01-11 00:00:00 dlr with RIME, flagged 0/14661
2026-02-10 16:02:12,837; DEBUG; pypromice.core.qc.github_data_issues; ---> flagging 2015-01-06 00:00:00 2015-01-11 00:00:00 ulr with RIME, flagged 0/14661
2026-02-10 16:02:12,840; DEBUG; pypromice.core.qc.github_data_issues; ---> flagging 2015-01-06 00:00:00 2015-01-11 00:00:00 dsr with RIME, flagged 0/14661
2026-02-10 16:02:12,842; DEBUG; pypromice.core.qc.github_data_issues; ---> flagging 2015-01-06 00:00:00 2015-01-11 00:00:00 usr with RIME, flagged 0/14661
2026-02-10 16:02:12,846; DEBUG; pypromice.core.qc.github_data_issues; ---> flagging 2015-01-25 00:00:00 2015-01-27 00:00:00 dlr with RIME, flagged 0/14661
2026-02-10 16:02:12,849; DEBUG; pypromice.core.qc.github_data_issues; ---> flagging 2015-01-25 00:00:00 2015-01-27 00:00:00 ulr with RIME, flagged 0/14661
2026-02-10 16:02:12,852; DEBUG; pypromice.core.qc.github_data_issues; ---> flagging 2015-01-25 00:00:00 2015-01-27 00:00:00 dsr with RIME, flagged 0/14661
2026-02-10 16:02:12,855; DEBUG; pypromice.core.qc.github_data_issues; ---> flagging 2015-01-25 00:00:00 2015-01-27 00:00:00 usr with RIME, flagged 0/14661
2026-02-10 16:02:12,859; DEBUG; pypromice.core.qc.github_data_issues; ---> flagging 2015-02-11 00:00:00 2015-02-13 00:00:00 dlr with RIME, flagged 0/14661
2026-02-10 16:02:12,862; DEBUG; pypromice.core.qc.github_data_issues; ---> flagging 2015-02-11 00:00:00 2015-02-13 00:00:00 ulr with RIME, flagged 0/14661
2026-02-10 16:02:12,864; DEBUG; pypromice.core.qc.github_data_issues; ---> flagging 2015-02-11 00:00:00 2015-02-13 00:00:00 dsr with RIME, flagged 0/14661
2026-02-10 16:02:12,867; DEBUG; pypromice.core.qc.github_data_issues; ---> flagging 2015-02-11 00:00:00 2015-02-13 00:00:00 usr with RIME, flagged 0/14661
2026-02-10 16:02:12,871; DEBUG; pypromice.core.qc.github_data_issues; ---> flagging 2016-01-24 00:00:00 2016-01-26 00:00:00 dlr with RIME, flagged 0/14661
2026-02-10 16:02:12,874; DEBUG; pypromice.core.qc.github_data_issues; ---> flagging 2016-01-24 00:00:00 2016-01-26 00:00:00 ulr with RIME, flagged 0/14661
2026-02-10 16:02:12,877; DEBUG; pypromice.core.qc.github_data_issues; ---> flagging 2016-01-24 00:00:00 2016-01-26 00:00:00 dsr with RIME, flagged 0/14661
2026-02-10 16:02:12,880; DEBUG; pypromice.core.qc.github_data_issues; ---> flagging 2016-01-24 00:00:00 2016-01-26 00:00:00 usr with RIME, flagged 0/14661
2026-02-10 16:02:12,883; DEBUG; pypromice.core.qc.github_data_issues; ---> flagging 2016-10-26 00:00:00 2016-10-31 00:00:00 dlr with RIME, flagged 0/14661
2026-02-10 16:02:12,886; DEBUG; pypromice.core.qc.github_data_issues; ---> flagging 2016-10-26 00:00:00 2016-10-31 00:00:00 ulr with RIME, flagged 0/14661
2026-02-10 16:02:12,889; DEBUG; pypromice.core.qc.github_data_issues; ---> flagging 2016-10-26 00:00:00 2016-10-31 00:00:00 dsr with RIME, flagged 0/14661
2026-02-10 16:02:12,892; DEBUG; pypromice.core.qc.github_data_issues; ---> flagging 2016-10-26 00:00:00 2016-10-31 00:00:00 usr with RIME, flagged 0/14661
2026-02-10 16:02:12,896; DEBUG; pypromice.core.qc.github_data_issues; ---> flagging 2016-11-15 00:00:00 2016-11-18 00:00:00 dlr with RIME, flagged 0/14661
2026-02-10 16:02:12,899; DEBUG; pypromice.core.qc.github_data_issues; ---> flagging 2016-11-15 00:00:00 2016-11-18 00:00:00 ulr with RIME, flagged 0/14661
2026-02-10 16:02:12,902; DEBUG; pypromice.core.qc.github_data_issues; ---> flagging 2016-11-15 00:00:00 2016-11-18 00:00:00 dsr with RIME, flagged 0/14661
2026-02-10 16:02:12,905; DEBUG; pypromice.core.qc.github_data_issues; ---> flagging 2016-11-15 00:00:00 2016-11-18 00:00:00 usr with RIME, flagged 0/14661
2026-02-10 16:02:12,908; DEBUG; pypromice.core.qc.github_data_issues; ---> flagging 2017-09-18 00:00:00 2017-09-20 00:00:00 dlr with RIME, flagged 0/14661
2026-02-10 16:02:12,911; DEBUG; pypromice.core.qc.github_data_issues; ---> flagging 2017-09-18 00:00:00 2017-09-20 00:00:00 ulr with RIME, flagged 0/14661
2026-02-10 16:02:12,914; DEBUG; pypromice.core.qc.github_data_issues; ---> flagging 2017-09-18 00:00:00 2017-09-20 00:00:00 dsr with RIME, flagged 0/14661
2026-02-10 16:02:12,917; DEBUG; pypromice.core.qc.github_data_issues; ---> flagging 2017-09-18 00:00:00 2017-09-20 00:00:00 usr with RIME, flagged 0/14661
2026-02-10 16:02:12,921; DEBUG; pypromice.core.qc.github_data_issues; ---> flagging 2017-11-14 00:00:00 2017-11-20 00:00:00 dlr with RIME, flagged 0/14661
2026-02-10 16:02:12,924; DEBUG; pypromice.core.qc.github_data_issues; ---> flagging 2017-11-14 00:00:00 2017-11-20 00:00:00 ulr with RIME, flagged 0/14661
2026-02-10 16:02:12,927; DEBUG; pypromice.core.qc.github_data_issues; ---> flagging 2017-11-14 00:00:00 2017-11-20 00:00:00 dsr with RIME, flagged 0/14661
2026-02-10 16:02:12,930; DEBUG; pypromice.core.qc.github_data_issues; ---> flagging 2017-11-14 00:00:00 2017-11-20 00:00:00 usr with RIME, flagged 0/14661
2026-02-10 16:02:12,933; DEBUG; pypromice.core.qc.github_data_issues; ---> flagging 2017-12-13 00:00:00 2017-12-15 00:00:00 dlr with RIME, flagged 0/14661
2026-02-10 16:02:12,936; DEBUG; pypromice.core.qc.github_data_issues; ---> flagging 2017-12-13 00:00:00 2017-12-15 00:00:00 ulr with RIME, flagged 0/14661
2026-02-10 16:02:12,939; DEBUG; pypromice.core.qc.github_data_issues; ---> flagging 2017-12-13 00:00:00 2017-12-15 00:00:00 dsr with RIME, flagged 0/14661
2026-02-10 16:02:12,942; DEBUG; pypromice.core.qc.github_data_issues; ---> flagging 2017-12-13 00:00:00 2017-12-15 00:00:00 usr with RIME, flagged 0/14661
2026-02-10 16:02:12,946; DEBUG; pypromice.core.qc.github_data_issues; ---> flagging 2018-03-06 00:00:00 2018-03-11 00:00:00 dlr with RIME, flagged 0/14661
2026-02-10 16:02:12,949; DEBUG; pypromice.core.qc.github_data_issues; ---> flagging 2018-03-06 00:00:00 2018-03-11 00:00:00 ulr with RIME, flagged 0/14661
2026-02-10 16:02:12,952; DEBUG; pypromice.core.qc.github_data_issues; ---> flagging 2018-03-06 00:00:00 2018-03-11 00:00:00 dsr with RIME, flagged 0/14661
2026-02-10 16:02:12,955; DEBUG; pypromice.core.qc.github_data_issues; ---> flagging 2018-03-06 00:00:00 2018-03-11 00:00:00 usr with RIME, flagged 0/14661
2026-02-10 16:02:12,958; DEBUG; pypromice.core.qc.github_data_issues; ---> flagging 2019-12-04 00:00:00 2019-12-06 00:00:00 dlr with RIME, flagged 0/14661
2026-02-10 16:02:12,961; DEBUG; pypromice.core.qc.github_data_issues; ---> flagging 2019-12-04 00:00:00 2019-12-06 00:00:00 ulr with RIME, flagged 0/14661
2026-02-10 16:02:12,964; DEBUG; pypromice.core.qc.github_data_issues; ---> flagging 2019-12-04 00:00:00 2019-12-06 00:00:00 dsr with RIME, flagged 0/14661
2026-02-10 16:02:12,967; DEBUG; pypromice.core.qc.github_data_issues; ---> flagging 2019-12-04 00:00:00 2019-12-06 00:00:00 usr with RIME, flagged 0/14661
2026-02-10 16:02:12,971; DEBUG; pypromice.core.qc.github_data_issues; ---> flagging 2019-12-09 00:00:00 2019-12-12 00:00:00 dlr with RIME, flagged 0/14661
2026-02-10 16:02:12,974; DEBUG; pypromice.core.qc.github_data_issues; ---> flagging 2019-12-09 00:00:00 2019-12-12 00:00:00 ulr with RIME, flagged 0/14661
2026-02-10 16:02:12,977; DEBUG; pypromice.core.qc.github_data_issues; ---> flagging 2019-12-09 00:00:00 2019-12-12 00:00:00 dsr with RIME, flagged 0/14661
2026-02-10 16:02:12,980; DEBUG; pypromice.core.qc.github_data_issues; ---> flagging 2019-12-09 00:00:00 2019-12-12 00:00:00 usr with RIME, flagged 0/14661
2026-02-10 16:02:12,983; DEBUG; pypromice.core.qc.github_data_issues; ---> flagging 2020-09-28 00:00:00 2020-09-30 00:00:00 dlr with RIME, flagged 0/14661
2026-02-10 16:02:12,986; DEBUG; pypromice.core.qc.github_data_issues; ---> flagging 2020-09-28 00:00:00 2020-09-30 00:00:00 ulr with RIME, flagged 0/14661
2026-02-10 16:02:12,989; DEBUG; pypromice.core.qc.github_data_issues; ---> flagging 2020-09-28 00:00:00 2020-09-30 00:00:00 dsr with RIME, flagged 0/14661
2026-02-10 16:02:12,992; DEBUG; pypromice.core.qc.github_data_issues; ---> flagging 2020-09-28 00:00:00 2020-09-30 00:00:00 usr with RIME, flagged 0/14661
2026-02-10 16:02:12,996; DEBUG; pypromice.core.qc.github_data_issues; ---> flagging 2020-10-22 00:00:00 2020-10-25 00:00:00 dlr with RIME, flagged 0/14661
2026-02-10 16:02:12,998; DEBUG; pypromice.core.qc.github_data_issues; ---> flagging 2020-10-22 00:00:00 2020-10-25 00:00:00 ulr with RIME, flagged 0/14661
2026-02-10 16:02:13,001; DEBUG; pypromice.core.qc.github_data_issues; ---> flagging 2020-10-22 00:00:00 2020-10-25 00:00:00 dsr with RIME, flagged 0/14661
2026-02-10 16:02:13,004; DEBUG; pypromice.core.qc.github_data_issues; ---> flagging 2020-10-22 00:00:00 2020-10-25 00:00:00 usr with RIME, flagged 0/14661
2026-02-10 16:02:13,008; DEBUG; pypromice.core.qc.github_data_issues; ---> flagging 2021-10-22 00:00:00 2021-10-25 00:00:00 dlr with RIME, flagged 0/14661
2026-02-10 16:02:13,011; DEBUG; pypromice.core.qc.github_data_issues; ---> flagging 2021-10-22 00:00:00 2021-10-25 00:00:00 ulr with RIME, flagged 0/14661
2026-02-10 16:02:13,014; DEBUG; pypromice.core.qc.github_data_issues; ---> flagging 2021-10-22 00:00:00 2021-10-25 00:00:00 dsr with RIME, flagged 0/14661
2026-02-10 16:02:13,017; DEBUG; pypromice.core.qc.github_data_issues; ---> flagging 2021-10-22 00:00:00 2021-10-25 00:00:00 usr with RIME, flagged 0/14661
2026-02-10 16:02:13,021; DEBUG; pypromice.core.qc.github_data_issues; ---> flagging 2021-11-16 00:00:00 2021-11-24 00:00:00 dlr with RIME, flagged 0/14661
2026-02-10 16:02:13,024; DEBUG; pypromice.core.qc.github_data_issues; ---> flagging 2021-11-16 00:00:00 2021-11-24 00:00:00 ulr with RIME, flagged 0/14661
2026-02-10 16:02:13,027; DEBUG; pypromice.core.qc.github_data_issues; ---> flagging 2021-11-16 00:00:00 2021-11-24 00:00:00 dsr with RIME, flagged 0/14661
2026-02-10 16:02:13,030; DEBUG; pypromice.core.qc.github_data_issues; ---> flagging 2021-11-16 00:00:00 2021-11-24 00:00:00 usr with RIME, flagged 0/14661
2026-02-10 16:02:13,033; DEBUG; pypromice.core.qc.github_data_issues; ---> flagging 2022-02-05 00:00:00 2022-02-07 00:00:00 dlr with RIME, flagged 0/14661
2026-02-10 16:02:13,036; DEBUG; pypromice.core.qc.github_data_issues; ---> flagging 2022-02-05 00:00:00 2022-02-07 00:00:00 ulr with RIME, flagged 0/14661
2026-02-10 16:02:13,039; DEBUG; pypromice.core.qc.github_data_issues; ---> flagging 2022-02-05 00:00:00 2022-02-07 00:00:00 dsr with RIME, flagged 0/14661
2026-02-10 16:02:13,042; DEBUG; pypromice.core.qc.github_data_issues; ---> flagging 2022-02-05 00:00:00 2022-02-07 00:00:00 usr with RIME, flagged 0/14661
2026-02-10 16:02:13,046; DEBUG; pypromice.core.qc.github_data_issues; ---> flagging 2022-10-12 00:00:00 2022-10-14 00:00:00 dlr with RIME, flagged 0/14661
2026-02-10 16:02:13,049; DEBUG; pypromice.core.qc.github_data_issues; ---> flagging 2022-10-12 00:00:00 2022-10-14 00:00:00 ulr with RIME, flagged 0/14661
2026-02-10 16:02:13,051; DEBUG; pypromice.core.qc.github_data_issues; ---> flagging 2022-10-12 00:00:00 2022-10-14 00:00:00 dsr with RIME, flagged 0/14661
2026-02-10 16:02:13,054; DEBUG; pypromice.core.qc.github_data_issues; ---> flagging 2022-10-12 00:00:00 2022-10-14 00:00:00 usr with RIME, flagged 0/14661
2026-02-10 16:02:13,058; DEBUG; pypromice.core.qc.github_data_issues; ---> flagging 2024-01-25 00:00:00 2024-02-01 00:00:00 dlr with RIME, flagged 0/14661
2026-02-10 16:02:13,061; DEBUG; pypromice.core.qc.github_data_issues; ---> flagging 2024-01-25 00:00:00 2024-02-01 00:00:00 ulr with RIME, flagged 0/14661
2026-02-10 16:02:13,064; DEBUG; pypromice.core.qc.github_data_issues; ---> flagging 2024-01-25 00:00:00 2024-02-01 00:00:00 dsr with RIME, flagged 0/14661
2026-02-10 16:02:13,067; DEBUG; pypromice.core.qc.github_data_issues; ---> flagging 2024-01-25 00:00:00 2024-02-01 00:00:00 usr with RIME, flagged 0/14661
2026-02-10 16:02:13,070; DEBUG; pypromice.core.qc.github_data_issues; ---> flagging 2024-02-11 00:00:00 2024-02-15 00:00:00 dlr with RIME, flagged 0/14661
2026-02-10 16:02:13,073; DEBUG; pypromice.core.qc.github_data_issues; ---> flagging 2024-02-11 00:00:00 2024-02-15 00:00:00 ulr with RIME, flagged 0/14661
2026-02-10 16:02:13,076; DEBUG; pypromice.core.qc.github_data_issues; ---> flagging 2024-02-11 00:00:00 2024-02-15 00:00:00 dsr with RIME, flagged 0/14661
2026-02-10 16:02:13,079; DEBUG; pypromice.core.qc.github_data_issues; ---> flagging 2024-02-11 00:00:00 2024-02-15 00:00:00 usr with RIME, flagged 0/14661
2026-02-10 16:02:13,084; DEBUG; pypromice.core.qc.github_data_issues; ---> flagging 2024-09-15 00:00:00 2024-09-18 00:00:00 dlr with RIME, flagged 73/14661
2026-02-10 16:02:13,089; DEBUG; pypromice.core.qc.github_data_issues; ---> flagging 2024-09-15 00:00:00 2024-09-18 00:00:00 ulr with RIME, flagged 73/14661
2026-02-10 16:02:13,093; DEBUG; pypromice.core.qc.github_data_issues; ---> flagging 2024-09-15 00:00:00 2024-09-18 00:00:00 dsr with RIME, flagged 73/14661
2026-02-10 16:02:13,098; DEBUG; pypromice.core.qc.github_data_issues; ---> flagging 2024-09-15 00:00:00 2024-09-18 00:00:00 usr with RIME, flagged 73/14661
2026-02-10 16:02:13,101; DEBUG; pypromice.core.qc.github_data_issues; ---> flagging 2011-05-26 00:00:00 2012-05-03 00:00:00 gps_lon with NAN, flagged 0/14661
2026-02-10 16:02:13,104; DEBUG; pypromice.core.qc.github_data_issues; ---> flagging 2011-05-26 00:00:00 2012-05-03 00:00:00 gps_lat with NAN, flagged 0/14661
2026-02-10 16:02:13,107; DEBUG; pypromice.core.qc.github_data_issues; ---> flagging 2011-05-26 00:00:00 2012-05-03 00:00:00 gps_alt with NAN, flagged 0/14661
2026-02-10 16:02:13,111; DEBUG; pypromice.core.qc.github_data_issues; ---> flagging 2015-10-27 00:00:00 2016-04-09 00:00:00 gps_lon with NAN, flagged 0/14661
2026-02-10 16:02:13,114; DEBUG; pypromice.core.qc.github_data_issues; ---> flagging 2015-10-27 00:00:00 2016-04-09 00:00:00 gps_lat with NAN, flagged 0/14661
2026-02-10 16:02:13,117; DEBUG; pypromice.core.qc.github_data_issues; ---> flagging 2015-10-27 00:00:00 2016-04-09 00:00:00 gps_alt with NAN, flagged 0/14661
2026-02-10 16:02:13,121; DEBUG; pypromice.core.qc.github_data_issues; ---> flagging 2021-12-20 00:00:00 2023-06-09 04:00:00 gps_lon with NAN, flagged 0/14661
2026-02-10 16:02:13,124; DEBUG; pypromice.core.qc.github_data_issues; ---> flagging 2021-12-20 00:00:00 2023-06-09 04:00:00 gps_lat with NAN, flagged 0/14661
2026-02-10 16:02:13,126; DEBUG; pypromice.core.qc.github_data_issues; ---> flagging 2021-12-20 00:00:00 2023-06-09 04:00:00 gps_alt with NAN, flagged 0/14661
2026-02-10 16:02:13,132; DEBUG; pypromice.core.qc.github_data_issues; ---> flagging 2024-05-27 12:00:00 2024-05-27 22:00:00 p_u with NAN, flagged 8/14661
2026-02-10 16:02:13,136; DEBUG; pypromice.core.qc.github_data_issues; ---> flagging 2024-05-27 12:00:00 2024-05-27 22:00:00 t_u with NAN, flagged 8/14661
2026-02-10 16:02:13,141; DEBUG; pypromice.core.qc.github_data_issues; ---> flagging 2024-05-27 12:00:00 2024-05-27 22:00:00 rh_u with NAN, flagged 8/14661
2026-02-10 16:02:13,146; DEBUG; pypromice.core.qc.github_data_issues; ---> flagging 2024-05-27 12:00:00 2024-05-27 22:00:00 wspd_u with NAN, flagged 8/14661
2026-02-10 16:02:13,151; DEBUG; pypromice.core.qc.github_data_issues; ---> flagging 2024-05-27 12:00:00 2024-05-27 22:00:00 wdir_u with NAN, flagged 8/14661
2026-02-10 16:02:13,156; DEBUG; pypromice.core.qc.github_data_issues; ---> flagging 2024-05-27 12:00:00 2024-05-27 22:00:00 p_l with NAN, flagged 8/14661
2026-02-10 16:02:13,160; DEBUG; pypromice.core.qc.github_data_issues; ---> flagging 2024-05-27 12:00:00 2024-05-27 22:00:00 t_l with NAN, flagged 8/14661
2026-02-10 16:02:13,165; DEBUG; pypromice.core.qc.github_data_issues; ---> flagging 2024-05-27 12:00:00 2024-05-27 22:00:00 rh_l with NAN, flagged 8/14661
2026-02-10 16:02:13,170; DEBUG; pypromice.core.qc.github_data_issues; ---> flagging 2024-05-27 12:00:00 2024-05-27 22:00:00 wspd_l with NAN, flagged 8/14661
2026-02-10 16:02:13,174; DEBUG; pypromice.core.qc.github_data_issues; ---> flagging 2024-05-27 12:00:00 2024-05-27 22:00:00 wdir_l with NAN, flagged 8/14661
2026-02-10 16:02:13,179; DEBUG; pypromice.core.qc.github_data_issues; ---> flagging 2024-05-27 12:00:00 2024-05-27 22:00:00 dsr with NAN, flagged 8/14661
2026-02-10 16:02:13,183; DEBUG; pypromice.core.qc.github_data_issues; ---> flagging 2024-05-27 12:00:00 2024-05-27 22:00:00 usr with NAN, flagged 8/14661
2026-02-10 16:02:13,188; DEBUG; pypromice.core.qc.github_data_issues; ---> flagging 2024-05-27 12:00:00 2024-05-27 22:00:00 dlr with NAN, flagged 8/14661
2026-02-10 16:02:13,193; DEBUG; pypromice.core.qc.github_data_issues; ---> flagging 2024-05-27 12:00:00 2024-05-27 22:00:00 ulr with NAN, flagged 8/14661
2026-02-10 16:02:13,197; DEBUG; pypromice.core.qc.github_data_issues; ---> flagging 2024-05-27 12:00:00 2024-05-27 22:00:00 t_rad with NAN, flagged 8/14661
2026-02-10 16:02:13,202; DEBUG; pypromice.core.qc.github_data_issues; ---> flagging 2024-05-27 12:00:00 2024-05-27 22:00:00 t_i_1 with NAN, flagged 8/14661
2026-02-10 16:02:13,206; DEBUG; pypromice.core.qc.github_data_issues; ---> flagging 2024-05-27 12:00:00 2024-05-27 22:00:00 t_i_2 with NAN, flagged 8/14661
2026-02-10 16:02:13,211; DEBUG; pypromice.core.qc.github_data_issues; ---> flagging 2024-05-27 12:00:00 2024-05-27 22:00:00 t_i_3 with NAN, flagged 8/14661
2026-02-10 16:02:13,215; DEBUG; pypromice.core.qc.github_data_issues; ---> flagging 2024-05-27 12:00:00 2024-05-27 22:00:00 t_i_4 with NAN, flagged 8/14661
2026-02-10 16:02:13,220; DEBUG; pypromice.core.qc.github_data_issues; ---> flagging 2024-05-27 12:00:00 2024-05-27 22:00:00 t_i_5 with NAN, flagged 8/14661
2026-02-10 16:02:13,225; DEBUG; pypromice.core.qc.github_data_issues; ---> flagging 2024-05-27 12:00:00 2024-05-27 22:00:00 t_i_6 with NAN, flagged 8/14661
2026-02-10 16:02:13,229; DEBUG; pypromice.core.qc.github_data_issues; ---> flagging 2024-05-27 12:00:00 2024-05-27 22:00:00 t_i_7 with NAN, flagged 8/14661
2026-02-10 16:02:13,234; DEBUG; pypromice.core.qc.github_data_issues; ---> flagging 2024-05-27 12:00:00 2024-05-27 22:00:00 t_i_8 with NAN, flagged 8/14661
2026-02-10 16:02:13,238; DEBUG; pypromice.core.qc.github_data_issues; ---> flagging 2024-05-27 12:00:00 2024-05-27 22:00:00 t_i_9 with NAN, flagged 8/14661
2026-02-10 16:02:13,243; DEBUG; pypromice.core.qc.github_data_issues; ---> flagging 2024-05-27 12:00:00 2024-05-27 22:00:00 t_i_10 with NAN, flagged 8/14661
2026-02-10 16:02:13,247; DEBUG; pypromice.core.qc.github_data_issues; ---> flagging 2024-05-27 12:00:00 2024-05-27 22:00:00 t_i_11 with NAN, flagged 8/14661
2026-02-10 16:02:13,252; DEBUG; pypromice.core.qc.github_data_issues; ---> flagging 2024-05-27 12:00:00 2024-05-27 22:00:00 tilt_x with NAN, flagged 8/14661
2026-02-10 16:02:13,256; DEBUG; pypromice.core.qc.github_data_issues; ---> flagging 2024-05-27 12:00:00 2024-05-27 22:00:00 tilt_y with NAN, flagged 8/14661
2026-02-10 16:02:13,258; DEBUG; pypromice.core.qc.github_data_issues; ---> could not flag z_pt not in dataset
2026-02-10 16:02:13,261; DEBUG; pypromice.core.qc.github_data_issues; ---> flagging 2024-05-27 12:00:00 2024-05-27 22:00:00 rot with NAN, flagged 8/14661
2026-02-10 16:02:13,266; DEBUG; pypromice.core.qc.github_data_issues; ---> flagging 2024-05-27 12:00:00 2024-05-27 22:00:00 z_boom_u with NAN, flagged 8/14661
2026-02-10 16:02:13,270; DEBUG; pypromice.core.qc.github_data_issues; ---> flagging 2024-05-27 12:00:00 2024-05-27 22:00:00 z_boom_l with NAN, flagged 8/14661
2026-02-10 16:02:13,271; DEBUG; pypromice.core.qc.github_data_issues; ---> could not flag z_stake not in dataset
2026-02-10 16:02:13,275; DEBUG; pypromice.core.qc.github_data_issues; ---> flagging 2024-05-27 12:00:00 2024-05-27 22:00:00 gps_lat with NAN, flagged 8/14661
2026-02-10 16:02:13,279; DEBUG; pypromice.core.qc.github_data_issues; ---> flagging 2024-05-27 12:00:00 2024-05-27 22:00:00 gps_lon with NAN, flagged 8/14661
2026-02-10 16:02:13,284; DEBUG; pypromice.core.qc.github_data_issues; ---> flagging 2024-05-27 12:00:00 2024-05-27 22:00:00 gps_alt with NAN, flagged 8/14661
2026-02-10 16:02:13,288; DEBUG; pypromice.core.qc.github_data_issues; ---> flagging 2024-05-27 12:00:00 2024-05-27 22:00:00 precip_u with NAN, flagged 8/14661
2026-02-10 16:02:13,293; DEBUG; pypromice.core.qc.github_data_issues; ---> flagging 2024-05-27 12:00:00 2024-05-27 22:00:00 precip_l with NAN, flagged 8/14661
2026-02-10 16:02:13,298; DEBUG; pypromice.core.qc.github_data_issues; ---> flagging 2024-05-27 12:00:00 2024-05-27 22:00:00 p_i with NAN, flagged 8/14661
2026-02-10 16:02:13,302; DEBUG; pypromice.core.qc.github_data_issues; ---> flagging 2024-05-27 12:00:00 2024-05-27 22:00:00 t_i with NAN, flagged 8/14661
2026-02-10 16:02:13,307; DEBUG; pypromice.core.qc.github_data_issues; ---> flagging 2024-05-27 12:00:00 2024-05-27 22:00:00 rh_i with NAN, flagged 8/14661
2026-02-10 16:02:13,312; DEBUG; pypromice.core.qc.github_data_issues; ---> flagging 2024-05-27 12:00:00 2024-05-27 22:00:00 wspd_i with NAN, flagged 8/14661
2026-02-10 16:02:13,316; DEBUG; pypromice.core.qc.github_data_issues; ---> flagging 2024-05-27 12:00:00 2024-05-27 22:00:00 wdir_i with NAN, flagged 8/14661
2026-02-10 16:02:13,323; DEBUG; pypromice.core.qc.github_data_issues; ---> flagging 2025-01-20 00:00:00 2026-02-10 14:00:00 rh_l with DECOR, flagged 9066/14661
2026-02-10 16:02:13,326; DEBUG; pypromice.core.qc.github_data_issues; ---> flagging 2023-07-10 00:00:00 2023-07-17 00:00:00 t_i_1 with NAN, flagged 0/14661
2026-02-10 16:02:13,330; DEBUG; pypromice.core.qc.github_data_issues; ---> flagging 2024-05-27 14:00:00 2009-04-06 00:00:00 t_i_1 with NAN, flagged 0/14661
2026-02-10 16:02:13,334; DEBUG; pypromice.core.qc.github_data_issues; ---> flagging 2023-07-10 00:00:00 2023-07-17 00:00:00 t_i_10 with NAN, flagged 0/14661
2026-02-10 16:02:13,338; DEBUG; pypromice.core.qc.github_data_issues; ---> flagging 2024-05-27 14:00:00 2009-04-06 00:00:00 t_i_10 with NAN, flagged 0/14661
2026-02-10 16:02:13,342; DEBUG; pypromice.core.qc.github_data_issues; ---> flagging 2023-07-10 00:00:00 2023-07-17 00:00:00 t_i_11 with NAN, flagged 0/14661
2026-02-10 16:02:13,346; DEBUG; pypromice.core.qc.github_data_issues; ---> flagging 2024-05-27 14:00:00 2009-04-06 00:00:00 t_i_11 with NAN, flagged 0/14661
2026-02-10 16:02:13,352; DEBUG; pypromice.core.qc.github_data_issues; ---> flagging 2023-07-10 00:00:00 2023-07-17 00:00:00 t_i_2 with NAN, flagged 0/14661
2026-02-10 16:02:13,356; DEBUG; pypromice.core.qc.github_data_issues; ---> flagging 2024-05-27 14:00:00 2009-04-06 00:00:00 t_i_2 with NAN, flagged 0/14661
2026-02-10 16:02:13,361; DEBUG; pypromice.core.qc.github_data_issues; ---> flagging 2023-07-10 00:00:00 2023-07-17 00:00:00 t_i_3 with NAN, flagged 0/14661
2026-02-10 16:02:13,364; DEBUG; pypromice.core.qc.github_data_issues; ---> flagging 2024-05-27 14:00:00 2009-04-06 00:00:00 t_i_3 with NAN, flagged 0/14661
2026-02-10 16:02:13,369; DEBUG; pypromice.core.qc.github_data_issues; ---> flagging 2023-07-10 00:00:00 2023-07-17 00:00:00 t_i_4 with NAN, flagged 0/14661
2026-02-10 16:02:13,373; DEBUG; pypromice.core.qc.github_data_issues; ---> flagging 2024-05-27 14:00:00 2009-04-06 00:00:00 t_i_4 with NAN, flagged 0/14661
2026-02-10 16:02:13,377; DEBUG; pypromice.core.qc.github_data_issues; ---> flagging 2023-07-10 00:00:00 2023-07-17 00:00:00 t_i_5 with NAN, flagged 0/14661
2026-02-10 16:02:13,381; DEBUG; pypromice.core.qc.github_data_issues; ---> flagging 2024-05-27 14:00:00 2009-04-06 00:00:00 t_i_5 with NAN, flagged 0/14661
2026-02-10 16:02:13,386; DEBUG; pypromice.core.qc.github_data_issues; ---> flagging 2023-07-10 00:00:00 2023-07-17 00:00:00 t_i_6 with NAN, flagged 0/14661
2026-02-10 16:02:13,390; DEBUG; pypromice.core.qc.github_data_issues; ---> flagging 2024-05-27 14:00:00 2009-04-06 00:00:00 t_i_6 with NAN, flagged 0/14661
2026-02-10 16:02:13,394; DEBUG; pypromice.core.qc.github_data_issues; ---> flagging 2023-07-10 00:00:00 2023-07-17 00:00:00 t_i_7 with NAN, flagged 0/14661
2026-02-10 16:02:13,398; DEBUG; pypromice.core.qc.github_data_issues; ---> flagging 2024-05-27 14:00:00 2009-04-06 00:00:00 t_i_7 with NAN, flagged 0/14661
2026-02-10 16:02:13,403; DEBUG; pypromice.core.qc.github_data_issues; ---> flagging 2023-07-10 00:00:00 2023-07-17 00:00:00 t_i_8 with NAN, flagged 0/14661
2026-02-10 16:02:13,407; DEBUG; pypromice.core.qc.github_data_issues; ---> flagging 2024-05-27 14:00:00 2009-04-06 00:00:00 t_i_8 with NAN, flagged 0/14661
2026-02-10 16:02:13,411; DEBUG; pypromice.core.qc.github_data_issues; ---> flagging 2023-07-10 00:00:00 2023-07-17 00:00:00 t_i_9 with NAN, flagged 0/14661
2026-02-10 16:02:13,415; DEBUG; pypromice.core.qc.github_data_issues; ---> flagging 2024-05-27 14:00:00 2009-04-06 00:00:00 t_i_9 with NAN, flagged 0/14661
2026-02-10 16:02:13,421; DEBUG; pypromice.core.qc.github_data_issues; ---> flagging 2020-09-01 00:00:00 2021-09-01 00:00:00 tilt_x with NAN, flagged 0/14661
2026-02-10 16:02:13,424; DEBUG; pypromice.core.qc.github_data_issues; ---> flagging 2020-09-01 00:00:00 2021-09-01 00:00:00 tilt_y with NAN, flagged 0/14661
2026-02-10 16:02:13,430; DEBUG; pypromice.core.qc.github_data_issues; ---> flagging 2023-11-20 00:00:00 2025-05-16 17:00:00 tilt_x with NAN, flagged 8193/14661
2026-02-10 16:02:13,435; DEBUG; pypromice.core.qc.github_data_issues; ---> flagging 2023-11-20 00:00:00 2025-05-16 17:00:00 tilt_y with NAN, flagged 8193/14661
2026-02-10 16:02:13,438; DEBUG; pypromice.core.qc.github_data_issues; ---> flagging 2022-03-03 00:00:00 2023-06-09 04:00:00 wspd_u with NAN, flagged 0/14661
2026-02-10 16:02:13,442; DEBUG; pypromice.core.qc.github_data_issues; ---> flagging 2019-09-01 00:00:00 2020-04-01 00:00:00 z_boom_u with NAN, flagged 0/14661
2026-02-10 16:02:13,446; DEBUG; pypromice.core.qc.github_data_issues; ---> flagging 2024-05-27 14:00:00 2009-04-04 23:00:00 z_boom_u with NAN, flagged 0/14661
2026-02-10 16:02:13,447; DEBUG; pypromice.core.qc.github_data_issues; ---> could not flag z_stake not in dataset
2026-02-10 16:02:13,785; INFO; pypromice.core.qc.github_data_issues; Using file: ../PROMICE-AWS-data-issues/adjustments/KAN_U.csv
2026-02-10 16:02:13,803; INFO; pypromice.core.qc.github_data_issues; ---> 2023-01-01 00:00:00 2023-11-01 00:00:00 dlr max_filter 400.0
2026-02-10 16:02:13,803; INFO; pypromice.core.qc.github_data_issues; Time range does not intersect with dataset
2026-02-10 16:02:13,808; DEBUG; pypromice.core.qc.github_data_issues; ---> None None gps_alt min_filter 1700.0 flagged 0/14661
2026-02-10 16:02:13,814; DEBUG; pypromice.core.qc.github_data_issues; ---> None None gps_lat max_filter 68.0 flagged 0/14661
2026-02-10 16:02:13,818; DEBUG; pypromice.core.qc.github_data_issues; ---> None None gps_lat min_filter 66.998 flagged 0/14661
2026-02-10 16:02:13,821; INFO; pypromice.core.qc.github_data_issues; ---> 2023-01-01 00:00:00 2023-11-01 00:00:00 p_u max_filter 900.0
2026-02-10 16:02:13,821; INFO; pypromice.core.qc.github_data_issues; Time range does not intersect with dataset
2026-02-10 16:02:13,825; DEBUG; pypromice.core.qc.github_data_issues; ---> None None rh_l min_filter 20.0 flagged 0/14661
2026-02-10 16:02:13,830; DEBUG; pypromice.core.qc.github_data_issues; ---> None None rh_u min_filter 20.0 flagged 0/14661
2026-02-10 16:02:13,835; DEBUG; pypromice.core.qc.github_data_issues; ---> None None t_i_1 min_filter -40.0 flagged 0/14661
2026-02-10 16:02:13,840; DEBUG; pypromice.core.qc.github_data_issues; ---> 2025-12-14 00:00:00 None t_i_10 max_filter -5.0 flagged 0/14661
2026-02-10 16:02:13,844; DEBUG; pypromice.core.qc.github_data_issues; ---> None None t_i_10 min_filter -17.0 flagged 1/14661
2026-02-10 16:02:13,849; DEBUG; pypromice.core.qc.github_data_issues; ---> None None t_i_10 min_filter -40.0 flagged 0/14661
2026-02-10 16:02:13,854; DEBUG; pypromice.core.qc.github_data_issues; ---> None None t_i_11 min_filter -17.0 flagged 13/14661
2026-02-10 16:02:13,858; DEBUG; pypromice.core.qc.github_data_issues; ---> None None t_i_11 max_filter -1.0 flagged 0/14661
2026-02-10 16:02:13,862; DEBUG; pypromice.core.qc.github_data_issues; ---> None None t_i_11 min_filter -40.0 flagged 2/14661
2026-02-10 16:02:13,867; DEBUG; pypromice.core.qc.github_data_issues; ---> None None t_i_2 min_filter -40.0 flagged 0/14661
2026-02-10 16:02:13,872; DEBUG; pypromice.core.qc.github_data_issues; ---> 2025-12-01 00:00:00 None t_i_3 min_filter -17.0 flagged 5/14661
2026-02-10 16:02:13,876; DEBUG; pypromice.core.qc.github_data_issues; ---> 2025-12-14 00:00:00 None t_i_3 max_filter -7.0 flagged 0/14661
2026-02-10 16:02:13,881; DEBUG; pypromice.core.qc.github_data_issues; ---> None None t_i_3 min_filter -40.0 flagged 0/14661
2026-02-10 16:02:13,886; DEBUG; pypromice.core.qc.github_data_issues; ---> 2025-12-14 00:00:00 None t_i_4 min_filter -17.0 flagged 1/14661
2026-02-10 16:02:13,890; DEBUG; pypromice.core.qc.github_data_issues; ---> 2025-12-14 00:00:00 None t_i_4 max_filter -7.0 flagged 0/14661
2026-02-10 16:02:13,895; DEBUG; pypromice.core.qc.github_data_issues; ---> None None t_i_4 min_filter -40.0 flagged 0/14661
2026-02-10 16:02:13,900; DEBUG; pypromice.core.qc.github_data_issues; ---> 2025-12-14 00:00:00 None t_i_5 min_filter -17.0 flagged 5/14661
2026-02-10 16:02:13,904; DEBUG; pypromice.core.qc.github_data_issues; ---> 2025-12-14 00:00:00 None t_i_5 max_filter -7.0 flagged 0/14661
2026-02-10 16:02:13,908; DEBUG; pypromice.core.qc.github_data_issues; ---> None None t_i_5 min_filter -40.0 flagged 0/14661
2026-02-10 16:02:13,913; DEBUG; pypromice.core.qc.github_data_issues; ---> 2025-12-14 00:00:00 None t_i_6 min_filter -17.0 flagged 4/14661
2026-02-10 16:02:13,917; DEBUG; pypromice.core.qc.github_data_issues; ---> 2025-12-14 00:00:00 None t_i_6 max_filter -7.0 flagged 1/14661
2026-02-10 16:02:13,922; DEBUG; pypromice.core.qc.github_data_issues; ---> None None t_i_6 min_filter -40.0 flagged 0/14661
2026-02-10 16:02:13,927; DEBUG; pypromice.core.qc.github_data_issues; ---> 2025-12-14 00:00:00 None t_i_7 min_filter -17.0 flagged 0/14661
2026-02-10 16:02:13,931; DEBUG; pypromice.core.qc.github_data_issues; ---> 2025-12-14 00:00:00 None t_i_7 max_filter -6.0 flagged 0/14661
2026-02-10 16:02:13,935; DEBUG; pypromice.core.qc.github_data_issues; ---> None None t_i_7 min_filter -40.0 flagged 0/14661
2026-02-10 16:02:13,940; DEBUG; pypromice.core.qc.github_data_issues; ---> 2025-12-14 00:00:00 None t_i_8 min_filter -17.0 flagged 0/14661
2026-02-10 16:02:13,944; DEBUG; pypromice.core.qc.github_data_issues; ---> 2025-12-14 00:00:00 None t_i_8 max_filter -6.0 flagged 13/14661
2026-02-10 16:02:13,948; DEBUG; pypromice.core.qc.github_data_issues; ---> None None t_i_8 min_filter -40.0 flagged 0/14661
2026-02-10 16:02:13,953; DEBUG; pypromice.core.qc.github_data_issues; ---> 2025-12-14 00:00:00 None t_i_9 max_filter -6.0 flagged 0/14661
2026-02-10 16:02:13,958; DEBUG; pypromice.core.qc.github_data_issues; ---> None None t_i_9 min_filter -17.0 flagged 0/14661
2026-02-10 16:02:13,962; DEBUG; pypromice.core.qc.github_data_issues; ---> None None t_i_9 min_filter -40.0 flagged 0/14661
2026-02-10 16:02:13,964; INFO; pypromice.core.qc.github_data_issues; ---> 2023-01-01 00:00:00 2023-11-01 00:00:00 t_u max_filter 13.8
2026-02-10 16:02:13,965; INFO; pypromice.core.qc.github_data_issues; Time range does not intersect with dataset
2026-02-10 16:02:13,966; INFO; pypromice.core.qc.github_data_issues; ---> 2023-01-01 00:00:00 2023-11-01 00:00:00 ulr max_filter 400.0
2026-02-10 16:02:13,966; INFO; pypromice.core.qc.github_data_issues; Time range does not intersect with dataset
2026-02-10 16:02:13,970; DEBUG; pypromice.core.qc.github_data_issues; ---> 2024-12-01 00:00:00 2025-01-05 00:00:00 z_boom_cor_l min_filter 2.7 flagged 203/14661
2026-02-10 16:02:13,972; INFO; pypromice.core.qc.github_data_issues; ---> 2013-11-01 00:00:00 2014-02-01 00:00:00 z_boom_cor_u min_filter 1.4
2026-02-10 16:02:13,972; INFO; pypromice.core.qc.github_data_issues; Time range does not intersect with dataset
2026-02-10 16:02:13,972; INFO; pypromice.core.qc.github_data_issues; ---> 2014-12-01 00:00:00 2015-03-01 00:00:00 z_boom_cor_u min_filter 0.76
2026-02-10 16:02:13,973; INFO; pypromice.core.qc.github_data_issues; Time range does not intersect with dataset
2026-02-10 16:02:13,973; INFO; pypromice.core.qc.github_data_issues; ---> 2020-10-01 00:00:00 2021-02-01 00:00:00 z_boom_cor_u min_filter 1.04
2026-02-10 16:02:13,973; INFO; pypromice.core.qc.github_data_issues; Time range does not intersect with dataset
2026-02-10 16:02:13,976; DEBUG; pypromice.core.qc.github_data_issues; ---> 2024-12-01 00:00:00 2025-01-05 00:00:00 z_boom_cor_u min_filter 3.5 flagged 86/14661
2026-02-10 16:02:13,978; INFO; pypromice.core.qc.github_data_issues; ---> None 2023-06-08 12:00:00 z_boom_cor_u max_filter 2.8
2026-02-10 16:02:13,978; INFO; pypromice.core.qc.github_data_issues; Time range does not intersect with dataset
2026-02-10 16:02:13,978; INFO; pypromice.core.qc.github_data_issues; could not adjust z_stake_cor not in dataset
2026-02-10 16:02:13,978; INFO; pypromice.core.qc.github_data_issues; could not adjust z_surf_1 not in dataset
2026-02-10 16:02:13,979; INFO; pypromice.core.qc.github_data_issues; could not adjust z_surf_2 not in dataset
2026-02-10 16:02:15,442; WARNING; pypromice.pipeline.resample; Dropping QC columns because they are of type object and cannot be resampled
2026-02-10 16:02:15,628; INFO; pypromice.io.write; Resampling to 60min
2026-02-10 16:02:15,739; INFO; pypromice.io.write; Writing to files...
2026-02-10 16:02:17,058; INFO; pypromice.io.write; Written to /media/ice/Baptiste/geussnow01/aws-dev/L2_test/tx/KAN_U/KAN_U_hour.csv
2026-02-10 16:02:17,059; INFO; pypromice.io.write; Written to /media/ice/Baptiste/geussnow01/aws-dev/L2_test/tx/KAN_U/KAN_U_hour.nc
2026-02-10 16:02:17,059; DEBUG; pypromice.pipeline.aws; AWS(config_file=../aws-l0//raw/config/KAN_U.toml, inpath=../aws-l0//raw/KAN_U/, data_issues_repository=../PROMICE-AWS-data-issues, var_file=None, meta_file=None)
2026-02-10 16:02:17,108; DEBUG; pypromice.pipeline.aws; Source information: {'pypromice': '1.5.1', 'l0_config_file': 'KAN_U.toml:4bdadcfd32851bd1d43433658ee1f333a340ed01', 'l0_data_root': '4bdadcfd32851bd1d43433658ee1f333a340ed01', 'data_issues': 'a469096a07c8232cfb9c3d702402eeec79075bfb'}
2026-02-10 16:02:17,126; INFO; pypromice.io.ingest.l0; Detected L0 file type 'toa5' for ../aws-l0/raw/KAN_U/KAN_U_2010_1_raw_tilt_adjusted.csv
2026-02-10 16:02:17,324; INFO; pypromice.io.ingest.l0; Detected L0 file type 'toa5' for ../aws-l0/raw/KAN_U/KAN_U_2010_1_raw_tilt_adjusted.csv
2026-02-10 16:02:17,674; INFO; pypromice.io.ingest.l0; L0 data successfully loaded from KAN_U_2010_1_raw_tilt_adjusted.csv
2026-02-10 16:02:17,686; INFO; pypromice.io.ingest.l0; Detected L0 file type 'toa5' for ../aws-l0/raw/KAN_U/KAN_U_2010_2_raw_tilt_adjusted.csv
2026-02-10 16:02:17,744; INFO; pypromice.io.ingest.l0; Detected L0 file type 'toa5' for ../aws-l0/raw/KAN_U/KAN_U_2010_2_raw_tilt_adjusted.csv
2026-02-10 16:02:17,843; INFO; pypromice.io.ingest.l0; L0 data successfully loaded from KAN_U_2010_2_raw_tilt_adjusted.csv
2026-02-10 16:02:17,853; INFO; pypromice.io.ingest.l0; Detected L0 file type 'csv_default' for ../aws-l0/raw/KAN_U/KAN_U_2010-2012_raw_transmitted_tilt_adjusted.csv
2026-02-10 16:02:17,882; INFO; pypromice.io.ingest.l0; L0 data successfully loaded from KAN_U_2010-2012_raw_transmitted_tilt_adjusted.csv
2026-02-10 16:02:17,891; INFO; pypromice.io.ingest.l0; Detected L0 file type 'toa5' for ../aws-l0/raw/KAN_U/KAN_U_2012_raw_tilt_adjusted.csv
2026-02-10 16:02:17,932; INFO; pypromice.io.ingest.l0; Detected L0 file type 'toa5' for ../aws-l0/raw/KAN_U/KAN_U_2012_raw_tilt_adjusted.csv
2026-02-10 16:02:18,012; INFO; pypromice.io.ingest.l0; L0 data successfully loaded from KAN_U_2012_raw_tilt_adjusted.csv
2026-02-10 16:02:18,018; INFO; pypromice.io.ingest.l0; Detected L0 file type 'toa5' for ../aws-l0/raw/KAN_U/KAN_U_2013_1_raw_tilt_adjusted.csv
2026-02-10 16:02:18,176; INFO; pypromice.io.ingest.l0; Detected L0 file type 'toa5' for ../aws-l0/raw/KAN_U/KAN_U_2013_1_raw_tilt_adjusted.csv
2026-02-10 16:02:18,447; INFO; pypromice.io.ingest.l0; L0 data successfully loaded from KAN_U_2013_1_raw_tilt_adjusted.csv
2026-02-10 16:02:18,455; INFO; pypromice.io.ingest.l0; Detected L0 file type 'toa5' for ../aws-l0/raw/KAN_U/KAN_U_2014_raw.txt
2026-02-10 16:02:18,680; INFO; pypromice.io.ingest.l0; Detected L0 file type 'toa5' for ../aws-l0/raw/KAN_U/KAN_U_2014_raw.txt
2026-02-10 16:02:19,084; INFO; pypromice.io.ingest.l0; L0 data successfully loaded from KAN_U_2014_raw.txt
2026-02-10 16:02:19,092; INFO; pypromice.io.ingest.l0; Detected L0 file type 'toa5' for ../aws-l0/raw/KAN_U/KAN_U_2015_1_raw.txt
2026-02-10 16:02:19,202; INFO; pypromice.io.ingest.l0; Detected L0 file type 'toa5' for ../aws-l0/raw/KAN_U/KAN_U_2015_1_raw.txt
2026-02-10 16:02:19,397; INFO; pypromice.io.ingest.l0; L0 data successfully loaded from KAN_U_2015_1_raw.txt
2026-02-10 16:02:20,537; INFO; pypromice.io.ingest.l0; Detected L0 file type 'toa5' for ../aws-l0/raw/KAN_U/KAN_U_2015_3_raw.txt
2026-02-10 16:02:20,577; INFO; pypromice.io.ingest.l0; Detected L0 file type 'toa5' for ../aws-l0/raw/KAN_U/KAN_U_2015_3_raw.txt
2026-02-10 16:02:20,681; INFO; pypromice.io.ingest.l0; L0 data successfully loaded from KAN_U_2015_3_raw.txt
2026-02-10 16:02:20,688; INFO; pypromice.io.ingest.l0; Detected L0 file type 'toa5' for ../aws-l0/raw/KAN_U/KAN_U_2016_raw.txt
2026-02-10 16:02:20,799; INFO; pypromice.io.ingest.l0; Detected L0 file type 'toa5' for ../aws-l0/raw/KAN_U/KAN_U_2016_raw.txt
2026-02-10 16:02:21,007; INFO; pypromice.io.ingest.l0; L0 data successfully loaded from KAN_U_2016_raw.txt
2026-02-10 16:02:21,015; INFO; pypromice.io.ingest.l0; Detected L0 file type 'toa5' for ../aws-l0/raw/KAN_U/KAN_U_2017_raw.txt
2026-02-10 16:02:21,194; INFO; pypromice.io.ingest.l0; Detected L0 file type 'toa5' for ../aws-l0/raw/KAN_U/KAN_U_2017_raw.txt
2026-02-10 16:02:21,521; INFO; pypromice.io.ingest.l0; L0 data successfully loaded from KAN_U_2017_raw.txt
2026-02-10 16:02:21,527; INFO; pypromice.io.ingest.l0; Detected L0 file type 'toa5' for ../aws-l0/raw/KAN_U/KAN_U_2018_raw.txt
2026-02-10 16:02:21,812; INFO; pypromice.io.ingest.l0; Detected L0 file type 'toa5' for ../aws-l0/raw/KAN_U/KAN_U_2018_raw.txt
2026-02-10 16:02:22,283; INFO; pypromice.io.ingest.l0; L0 data successfully loaded from KAN_U_2018_raw.txt
2026-02-10 16:02:22,290; INFO; pypromice.io.ingest.l0; Detected L0 file type 'toa5' for ../aws-l0/raw/KAN_U/KAN_U_2020_raw.txt
2026-02-10 16:02:22,716; INFO; pypromice.io.ingest.l0; Detected L0 file type 'toa5' for ../aws-l0/raw/KAN_U/KAN_U_2020_raw.txt
2026-02-10 16:02:23,444; INFO; pypromice.io.ingest.l0; L0 data successfully loaded from KAN_U_2020_raw.txt
2026-02-10 16:02:23,450; INFO; pypromice.io.ingest.l0; Detected L0 file type 'toa5' for ../aws-l0/raw/KAN_U/KAN_U_2021_raw.txt
2026-02-10 16:02:23,625; INFO; pypromice.io.ingest.l0; Detected L0 file type 'toa5' for ../aws-l0/raw/KAN_U/KAN_U_2021_raw.txt
2026-02-10 16:02:23,889; INFO; pypromice.io.ingest.l0; L0 data successfully loaded from KAN_U_2021_raw.txt
2026-02-10 16:02:24,796; INFO; pypromice.io.ingest.l0; Detected L0 file type 'toa5' for ../aws-l0/raw/KAN_U/KAN_U_2023_raw_SlimTableMem.txt
2026-02-10 16:02:24,824; INFO; pypromice.io.ingest.l0; Detected L0 file type 'toa5' for ../aws-l0/raw/KAN_U/KAN_U_2023_raw_SlimTableMem.txt
2026-02-10 16:02:24,904; INFO; pypromice.io.ingest.l0; L0 data successfully loaded from KAN_U_2023_raw_SlimTableMem.txt
2026-02-10 16:02:25,401; INFO; pypromice.io.ingest.l0; Detected L0 file type 'toa5' for ../aws-l0/raw/KAN_U/KAN_U_2024_raw_SlimTableMem.txt
2026-02-10 16:02:25,417; INFO; pypromice.io.ingest.l0; Detected L0 file type 'toa5' for ../aws-l0/raw/KAN_U/KAN_U_2024_raw_SlimTableMem.txt
2026-02-10 16:02:25,472; INFO; pypromice.io.ingest.l0; L0 data successfully loaded from KAN_U_2024_raw_SlimTableMem.txt
2026-02-10 16:02:25,479; INFO; pypromice.io.ingest.l0; Detected L0 file type 'toa5' for ../aws-l0/raw/KAN_U/KAN_U_2025_raw.txt
2026-02-10 16:02:25,605; INFO; pypromice.io.ingest.l0; Detected L0 file type 'toa5' for ../aws-l0/raw/KAN_U/KAN_U_2025_raw.txt
2026-02-10 16:02:25,849; INFO; pypromice.io.ingest.l0; L0 data successfully loaded from KAN_U_2025_raw.txt
2026-02-10 16:02:25,956; INFO; pypromice.pipeline.aws; Level 1 processing...
2026-02-10 16:02:27,037; INFO; pypromice.core.variables.gps; Unknown GPS string format; attempting generic decode.
2026-02-10 16:02:27,062; ERROR; pypromice.core.variables.gps; Failed to decode GPS data: ValueError('Assignment destination is a view.  Do you want to .copy() array first?') (dtype=object)
2026-02-10 16:02:27,062; WARNING; pypromice.core.variables.gps; GPS decoding failed, skipping this routine.
2026-02-10 16:03:19,411; INFO; pypromice.pipeline.aws; Level 2 processing...
2026-02-10 16:03:47,391; DEBUG; pypromice.core.qc.persistence; Running persistence_qc using {'t_i': {'max_diff': 0.0001, 'period': 2}, 't_u': {'max_diff': 0.0001, 'period': 2}, 't_l': {'max_diff': 0.0001, 'period': 2}, 'p_i': {'max_diff': 0.0001, 'period': 3}, 'p_u': {'max_diff': 0.0001, 'period': 150}, 'p_l': {'max_diff': 0.0001, 'period': 150}, 'gps_lat_lon': {'max_diff': 1e-06, 'period': 6}, 'gps_alt': {'max_diff': 0.0001, 'period': 6}, 't_rad': {'max_diff': 0.0001, 'period': 2}, 'rh_i': {'max_diff': 0.0001, 'period': 2}, 'rh_u': {'max_diff': 0.0001, 'period': 2}, 'rh_l': {'max_diff': 0.0001, 'period': 2}, 'wspd_i': {'max_diff': 0.0001, 'period': 6}, 'wspd_u': {'max_diff': 0.0001, 'period': 6}, 'wspd_l': {'max_diff': 0.0001, 'period': 6}}
2026-02-10 16:03:58,270; INFO; pypromice.core.qc.rate_of_change_filter; ROC filter on p_l (tol=1.0, factor=2.0): filtering 2/659738
2026-02-10 16:04:07,193; INFO; pypromice.core.qc.rate_of_change_filter; ROC filter on p_l (tol=1.0, factor=2.0): filtering 0/659738
2026-02-10 16:04:08,073; INFO; pypromice.core.qc.rate_of_change_filter; ROC filter on p_u (tol=1.0, factor=2.0): filtering 48/659738
2026-02-10 16:04:17,862; INFO; pypromice.core.qc.rate_of_change_filter; ROC filter on p_u (tol=1.0, factor=2.0): filtering 3/659738
2026-02-10 16:04:18,016; INFO; pypromice.core.qc.rate_of_change_filter; ROC filter on t_l (tol=3.0, factor=2.2): filtering 7/659738
2026-02-10 16:04:27,088; INFO; pypromice.core.qc.rate_of_change_filter; ROC filter on t_l (tol=3.0, factor=2.2): filtering 0/659738
2026-02-10 16:04:27,252; INFO; pypromice.core.qc.rate_of_change_filter; ROC filter on rh_l (tol=2.0, factor=3.5): filtering 7/659738
2026-02-10 16:04:36,463; INFO; pypromice.core.qc.rate_of_change_filter; ROC filter on rh_l (tol=2.0, factor=3.5): filtering 0/659738
2026-02-10 16:04:36,644; INFO; pypromice.core.qc.rate_of_change_filter; ROC filter on wspd_l (tol=0.5, factor=2.0): filtering 26/659738
2026-02-10 16:04:45,837; INFO; pypromice.core.qc.rate_of_change_filter; ROC filter on wspd_l (tol=0.5, factor=2.0): filtering 2/659738
2026-02-10 16:04:46,697; INFO; pypromice.core.qc.rate_of_change_filter; ROC filter on t_u (tol=3.0, factor=2.2): filtering 24/659738
2026-02-10 16:04:56,592; INFO; pypromice.core.qc.rate_of_change_filter; ROC filter on t_u (tol=3.0, factor=2.2): filtering 1/659738
2026-02-10 16:04:57,472; INFO; pypromice.core.qc.rate_of_change_filter; ROC filter on rh_u (tol=2.0, factor=3.5): filtering 56/659738
2026-02-10 16:05:07,397; INFO; pypromice.core.qc.rate_of_change_filter; ROC filter on rh_u (tol=2.0, factor=3.5): filtering 7/659738
2026-02-10 16:05:08,274; INFO; pypromice.core.qc.rate_of_change_filter; ROC filter on wspd_u (tol=0.5, factor=2.0): filtering 307/659738
2026-02-10 16:05:18,335; INFO; pypromice.core.qc.rate_of_change_filter; ROC filter on wspd_u (tol=0.5, factor=2.0): filtering 142/659738
2026-02-10 16:05:19,207; INFO; pypromice.core.qc.rate_of_change_filter; ROC filter on t_i_1 (tol=0.5, factor=1.5): filtering 260/659738
2026-02-10 16:05:29,021; INFO; pypromice.core.qc.rate_of_change_filter; ROC filter on t_i_1 (tol=0.5, factor=1.5): filtering 78/659738
2026-02-10 16:05:29,824; INFO; pypromice.core.qc.rate_of_change_filter; ROC filter on t_i_2 (tol=0.5, factor=1.5): filtering 250/659738
2026-02-10 16:05:39,691; INFO; pypromice.core.qc.rate_of_change_filter; ROC filter on t_i_2 (tol=0.5, factor=1.5): filtering 61/659738
2026-02-10 16:05:40,489; INFO; pypromice.core.qc.rate_of_change_filter; ROC filter on t_i_3 (tol=0.5, factor=1.5): filtering 192/659738
2026-02-10 16:05:50,350; INFO; pypromice.core.qc.rate_of_change_filter; ROC filter on t_i_3 (tol=0.5, factor=1.5): filtering 43/659738
2026-02-10 16:05:51,185; INFO; pypromice.core.qc.rate_of_change_filter; ROC filter on t_i_4 (tol=0.5, factor=1.5): filtering 212/659738
2026-02-10 16:06:01,090; INFO; pypromice.core.qc.rate_of_change_filter; ROC filter on t_i_4 (tol=0.5, factor=1.5): filtering 91/659738
2026-02-10 16:06:01,889; INFO; pypromice.core.qc.rate_of_change_filter; ROC filter on t_i_5 (tol=0.5, factor=1.5): filtering 156/659738
2026-02-10 16:06:11,976; INFO; pypromice.core.qc.rate_of_change_filter; ROC filter on t_i_5 (tol=0.5, factor=1.5): filtering 33/659738
2026-02-10 16:06:12,802; INFO; pypromice.core.qc.rate_of_change_filter; ROC filter on t_i_6 (tol=0.5, factor=1.5): filtering 154/659738
2026-02-10 16:06:22,534; INFO; pypromice.core.qc.rate_of_change_filter; ROC filter on t_i_6 (tol=0.5, factor=1.5): filtering 27/659738
2026-02-10 16:06:23,336; INFO; pypromice.core.qc.rate_of_change_filter; ROC filter on t_i_7 (tol=0.5, factor=1.5): filtering 101/659738
2026-02-10 16:06:33,303; INFO; pypromice.core.qc.rate_of_change_filter; ROC filter on t_i_7 (tol=0.5, factor=1.5): filtering 13/659738
2026-02-10 16:06:34,105; INFO; pypromice.core.qc.rate_of_change_filter; ROC filter on t_i_8 (tol=0.5, factor=1.5): filtering 172/659738
2026-02-10 16:06:44,082; INFO; pypromice.core.qc.rate_of_change_filter; ROC filter on t_i_8 (tol=0.5, factor=1.5): filtering 44/659738
2026-02-10 16:06:44,267; INFO; pypromice.core.qc.rate_of_change_filter; ROC filter on t_i_9 (tol=0.5, factor=1.5): filtering 4/659738
2026-02-10 16:06:53,545; INFO; pypromice.core.qc.rate_of_change_filter; ROC filter on t_i_9 (tol=0.5, factor=1.5): filtering 0/659738
2026-02-10 16:06:53,700; INFO; pypromice.core.qc.rate_of_change_filter; ROC filter on t_i_10 (tol=0.5, factor=1.5): filtering 3/659738
2026-02-10 16:07:02,899; INFO; pypromice.core.qc.rate_of_change_filter; ROC filter on t_i_10 (tol=0.5, factor=1.5): filtering 0/659738
2026-02-10 16:07:03,008; INFO; pypromice.core.qc.rate_of_change_filter; ROC filter on p_i (tol=1.0, factor=2.0): filtering 0/659738
2026-02-10 16:07:12,071; INFO; pypromice.core.qc.rate_of_change_filter; ROC filter on t_i (tol=3.0, factor=2.2): filtering 0/659738
2026-02-10 16:07:21,086; INFO; pypromice.core.qc.rate_of_change_filter; ROC filter on rh_i (tol=2.0, factor=3.5): filtering 0/659738
2026-02-10 16:07:30,167; INFO; pypromice.core.qc.rate_of_change_filter; ROC filter on wspd_i (tol=0.5, factor=2.0): filtering 0/659738
2026-02-10 16:07:48,721; INFO; pypromice.core.qc.github_data_issues; Using file: ../PROMICE-AWS-data-issues/adjustments/KAN_U.csv
2026-02-10 16:08:04,647; INFO; pypromice.core.qc.github_data_issues; Using file: ../PROMICE-AWS-data-issues/flags/KAN_U.csv
2026-02-10 16:08:04,706; DEBUG; pypromice.core.qc.github_data_issues; ---> flagging 2009-10-03 00:00:00 2009-10-07 00:00:00 dlr with RIME, flagged 577/659738
2026-02-10 16:08:04,714; DEBUG; pypromice.core.qc.github_data_issues; ---> flagging 2009-10-03 00:00:00 2009-10-07 00:00:00 ulr with RIME, flagged 577/659738
2026-02-10 16:08:04,720; DEBUG; pypromice.core.qc.github_data_issues; ---> flagging 2009-10-03 00:00:00 2009-10-07 00:00:00 dsr with RIME, flagged 577/659738
2026-02-10 16:08:04,727; DEBUG; pypromice.core.qc.github_data_issues; ---> flagging 2009-10-03 00:00:00 2009-10-07 00:00:00 usr with RIME, flagged 577/659738
2026-02-10 16:08:04,734; DEBUG; pypromice.core.qc.github_data_issues; ---> flagging 2009-11-25 00:00:00 2009-11-28 00:00:00 dlr with RIME, flagged 433/659738
2026-02-10 16:08:04,739; DEBUG; pypromice.core.qc.github_data_issues; ---> flagging 2009-11-25 00:00:00 2009-11-28 00:00:00 ulr with RIME, flagged 433/659738
2026-02-10 16:08:04,744; DEBUG; pypromice.core.qc.github_data_issues; ---> flagging 2009-11-25 00:00:00 2009-11-28 00:00:00 dsr with RIME, flagged 433/659738
2026-02-10 16:08:04,748; DEBUG; pypromice.core.qc.github_data_issues; ---> flagging 2009-11-25 00:00:00 2009-11-28 00:00:00 usr with RIME, flagged 433/659738
2026-02-10 16:08:04,754; DEBUG; pypromice.core.qc.github_data_issues; ---> flagging 2011-10-20 00:00:00 2011-10-23 00:00:00 dlr with RIME, flagged 73/659738
2026-02-10 16:08:04,758; DEBUG; pypromice.core.qc.github_data_issues; ---> flagging 2011-10-20 00:00:00 2011-10-23 00:00:00 ulr with RIME, flagged 73/659738
2026-02-10 16:08:04,763; DEBUG; pypromice.core.qc.github_data_issues; ---> flagging 2011-10-20 00:00:00 2011-10-23 00:00:00 dsr with RIME, flagged 73/659738
2026-02-10 16:08:04,768; DEBUG; pypromice.core.qc.github_data_issues; ---> flagging 2011-10-20 00:00:00 2011-10-23 00:00:00 usr with RIME, flagged 73/659738
2026-02-10 16:08:04,773; DEBUG; pypromice.core.qc.github_data_issues; ---> flagging 2012-01-29 00:00:00 2012-01-31 00:00:00 dlr with RIME, flagged 289/659738
2026-02-10 16:08:04,778; DEBUG; pypromice.core.qc.github_data_issues; ---> flagging 2012-01-29 00:00:00 2012-01-31 00:00:00 ulr with RIME, flagged 289/659738
2026-02-10 16:08:04,782; DEBUG; pypromice.core.qc.github_data_issues; ---> flagging 2012-01-29 00:00:00 2012-01-31 00:00:00 dsr with RIME, flagged 289/659738
2026-02-10 16:08:04,787; DEBUG; pypromice.core.qc.github_data_issues; ---> flagging 2012-01-29 00:00:00 2012-01-31 00:00:00 usr with RIME, flagged 289/659738
2026-02-10 16:08:04,793; DEBUG; pypromice.core.qc.github_data_issues; ---> flagging 2012-11-07 00:00:00 2012-11-11 00:00:00 dlr with RIME, flagged 577/659738
2026-02-10 16:08:04,798; DEBUG; pypromice.core.qc.github_data_issues; ---> flagging 2012-11-07 00:00:00 2012-11-11 00:00:00 ulr with RIME, flagged 577/659738
2026-02-10 16:08:04,804; DEBUG; pypromice.core.qc.github_data_issues; ---> flagging 2012-11-07 00:00:00 2012-11-11 00:00:00 dsr with RIME, flagged 577/659738
2026-02-10 16:08:04,809; DEBUG; pypromice.core.qc.github_data_issues; ---> flagging 2012-11-07 00:00:00 2012-11-11 00:00:00 usr with RIME, flagged 577/659738
2026-02-10 16:08:04,815; DEBUG; pypromice.core.qc.github_data_issues; ---> flagging 2012-12-17 00:00:00 2012-12-19 00:00:00 dlr with RIME, flagged 289/659738
2026-02-10 16:08:04,821; DEBUG; pypromice.core.qc.github_data_issues; ---> flagging 2012-12-17 00:00:00 2012-12-19 00:00:00 ulr with RIME, flagged 289/659738
2026-02-10 16:08:04,827; DEBUG; pypromice.core.qc.github_data_issues; ---> flagging 2012-12-17 00:00:00 2012-12-19 00:00:00 dsr with RIME, flagged 289/659738
2026-02-10 16:08:04,833; DEBUG; pypromice.core.qc.github_data_issues; ---> flagging 2012-12-17 00:00:00 2012-12-19 00:00:00 usr with RIME, flagged 289/659738
2026-02-10 16:08:04,839; DEBUG; pypromice.core.qc.github_data_issues; ---> flagging 2012-12-29 00:00:00 2013-01-01 00:00:00 dlr with RIME, flagged 433/659738
2026-02-10 16:08:04,844; DEBUG; pypromice.core.qc.github_data_issues; ---> flagging 2012-12-29 00:00:00 2013-01-01 00:00:00 ulr with RIME, flagged 433/659738
2026-02-10 16:08:04,849; DEBUG; pypromice.core.qc.github_data_issues; ---> flagging 2012-12-29 00:00:00 2013-01-01 00:00:00 dsr with RIME, flagged 433/659738
2026-02-10 16:08:04,854; DEBUG; pypromice.core.qc.github_data_issues; ---> flagging 2012-12-29 00:00:00 2013-01-01 00:00:00 usr with RIME, flagged 433/659738
2026-02-10 16:08:04,859; DEBUG; pypromice.core.qc.github_data_issues; ---> flagging 2013-12-03 00:00:00 2013-12-06 00:00:00 dlr with RIME, flagged 433/659738
2026-02-10 16:08:04,864; DEBUG; pypromice.core.qc.github_data_issues; ---> flagging 2013-12-03 00:00:00 2013-12-06 00:00:00 ulr with RIME, flagged 433/659738
2026-02-10 16:08:04,869; DEBUG; pypromice.core.qc.github_data_issues; ---> flagging 2013-12-03 00:00:00 2013-12-06 00:00:00 dsr with RIME, flagged 433/659738
2026-02-10 16:08:04,873; DEBUG; pypromice.core.qc.github_data_issues; ---> flagging 2013-12-03 00:00:00 2013-12-06 00:00:00 usr with RIME, flagged 433/659738
2026-02-10 16:08:04,879; DEBUG; pypromice.core.qc.github_data_issues; ---> flagging 2013-12-18 00:00:00 2013-12-22 00:00:00 dlr with RIME, flagged 577/659738
2026-02-10 16:08:04,883; DEBUG; pypromice.core.qc.github_data_issues; ---> flagging 2013-12-18 00:00:00 2013-12-22 00:00:00 ulr with RIME, flagged 577/659738
2026-02-10 16:08:04,888; DEBUG; pypromice.core.qc.github_data_issues; ---> flagging 2013-12-18 00:00:00 2013-12-22 00:00:00 dsr with RIME, flagged 577/659738
2026-02-10 16:08:04,893; DEBUG; pypromice.core.qc.github_data_issues; ---> flagging 2013-12-18 00:00:00 2013-12-22 00:00:00 usr with RIME, flagged 577/659738
2026-02-10 16:08:04,898; DEBUG; pypromice.core.qc.github_data_issues; ---> flagging 2013-12-25 00:00:00 2013-12-27 00:00:00 dlr with RIME, flagged 289/659738
2026-02-10 16:08:04,903; DEBUG; pypromice.core.qc.github_data_issues; ---> flagging 2013-12-25 00:00:00 2013-12-27 00:00:00 ulr with RIME, flagged 289/659738
2026-02-10 16:08:04,907; DEBUG; pypromice.core.qc.github_data_issues; ---> flagging 2013-12-25 00:00:00 2013-12-27 00:00:00 dsr with RIME, flagged 289/659738
2026-02-10 16:08:04,912; DEBUG; pypromice.core.qc.github_data_issues; ---> flagging 2013-12-25 00:00:00 2013-12-27 00:00:00 usr with RIME, flagged 289/659738
2026-02-10 16:08:04,917; DEBUG; pypromice.core.qc.github_data_issues; ---> flagging 2014-01-04 00:00:00 2014-01-06 00:00:00 dlr with RIME, flagged 289/659738
2026-02-10 16:08:04,922; DEBUG; pypromice.core.qc.github_data_issues; ---> flagging 2014-01-04 00:00:00 2014-01-06 00:00:00 ulr with RIME, flagged 289/659738
2026-02-10 16:08:04,927; DEBUG; pypromice.core.qc.github_data_issues; ---> flagging 2014-01-04 00:00:00 2014-01-06 00:00:00 dsr with RIME, flagged 289/659738
2026-02-10 16:08:04,931; DEBUG; pypromice.core.qc.github_data_issues; ---> flagging 2014-01-04 00:00:00 2014-01-06 00:00:00 usr with RIME, flagged 289/659738
2026-02-10 16:08:04,937; DEBUG; pypromice.core.qc.github_data_issues; ---> flagging 2014-10-25 00:00:00 2014-10-27 00:00:00 dlr with RIME, flagged 289/659738
2026-02-10 16:08:04,941; DEBUG; pypromice.core.qc.github_data_issues; ---> flagging 2014-10-25 00:00:00 2014-10-27 00:00:00 ulr with RIME, flagged 289/659738
2026-02-10 16:08:04,947; DEBUG; pypromice.core.qc.github_data_issues; ---> flagging 2014-10-25 00:00:00 2014-10-27 00:00:00 dsr with RIME, flagged 289/659738
2026-02-10 16:08:04,953; DEBUG; pypromice.core.qc.github_data_issues; ---> flagging 2014-10-25 00:00:00 2014-10-27 00:00:00 usr with RIME, flagged 289/659738
2026-02-10 16:08:04,959; DEBUG; pypromice.core.qc.github_data_issues; ---> flagging 2014-11-28 00:00:00 2014-12-05 00:00:00 dlr with RIME, flagged 1009/659738
2026-02-10 16:08:04,964; DEBUG; pypromice.core.qc.github_data_issues; ---> flagging 2014-11-28 00:00:00 2014-12-05 00:00:00 ulr with RIME, flagged 1009/659738
2026-02-10 16:08:04,969; DEBUG; pypromice.core.qc.github_data_issues; ---> flagging 2014-11-28 00:00:00 2014-12-05 00:00:00 dsr with RIME, flagged 1009/659738
2026-02-10 16:08:04,974; DEBUG; pypromice.core.qc.github_data_issues; ---> flagging 2014-11-28 00:00:00 2014-12-05 00:00:00 usr with RIME, flagged 1009/659738
2026-02-10 16:08:04,979; DEBUG; pypromice.core.qc.github_data_issues; ---> flagging 2014-12-08 00:00:00 2014-12-12 00:00:00 dlr with RIME, flagged 577/659738
2026-02-10 16:08:04,984; DEBUG; pypromice.core.qc.github_data_issues; ---> flagging 2014-12-08 00:00:00 2014-12-12 00:00:00 ulr with RIME, flagged 577/659738
2026-02-10 16:08:04,989; DEBUG; pypromice.core.qc.github_data_issues; ---> flagging 2014-12-08 00:00:00 2014-12-12 00:00:00 dsr with RIME, flagged 577/659738
2026-02-10 16:08:04,993; DEBUG; pypromice.core.qc.github_data_issues; ---> flagging 2014-12-08 00:00:00 2014-12-12 00:00:00 usr with RIME, flagged 577/659738
2026-02-10 16:08:04,999; DEBUG; pypromice.core.qc.github_data_issues; ---> flagging 2014-12-17 00:00:00 2014-12-20 00:00:00 dlr with RIME, flagged 433/659738
2026-02-10 16:08:05,004; DEBUG; pypromice.core.qc.github_data_issues; ---> flagging 2014-12-17 00:00:00 2014-12-20 00:00:00 ulr with RIME, flagged 433/659738
2026-02-10 16:08:05,008; DEBUG; pypromice.core.qc.github_data_issues; ---> flagging 2014-12-17 00:00:00 2014-12-20 00:00:00 dsr with RIME, flagged 433/659738
2026-02-10 16:08:05,013; DEBUG; pypromice.core.qc.github_data_issues; ---> flagging 2014-12-17 00:00:00 2014-12-20 00:00:00 usr with RIME, flagged 433/659738
2026-02-10 16:08:05,019; DEBUG; pypromice.core.qc.github_data_issues; ---> flagging 2015-01-06 00:00:00 2015-01-11 00:00:00 dlr with RIME, flagged 721/659738
2026-02-10 16:08:05,024; DEBUG; pypromice.core.qc.github_data_issues; ---> flagging 2015-01-06 00:00:00 2015-01-11 00:00:00 ulr with RIME, flagged 721/659738
2026-02-10 16:08:05,028; DEBUG; pypromice.core.qc.github_data_issues; ---> flagging 2015-01-06 00:00:00 2015-01-11 00:00:00 dsr with RIME, flagged 721/659738
2026-02-10 16:08:05,033; DEBUG; pypromice.core.qc.github_data_issues; ---> flagging 2015-01-06 00:00:00 2015-01-11 00:00:00 usr with RIME, flagged 721/659738
2026-02-10 16:08:05,039; DEBUG; pypromice.core.qc.github_data_issues; ---> flagging 2015-01-25 00:00:00 2015-01-27 00:00:00 dlr with RIME, flagged 289/659738
2026-02-10 16:08:05,043; DEBUG; pypromice.core.qc.github_data_issues; ---> flagging 2015-01-25 00:00:00 2015-01-27 00:00:00 ulr with RIME, flagged 289/659738
2026-02-10 16:08:05,048; DEBUG; pypromice.core.qc.github_data_issues; ---> flagging 2015-01-25 00:00:00 2015-01-27 00:00:00 dsr with RIME, flagged 289/659738
2026-02-10 16:08:05,053; DEBUG; pypromice.core.qc.github_data_issues; ---> flagging 2015-01-25 00:00:00 2015-01-27 00:00:00 usr with RIME, flagged 289/659738
2026-02-10 16:08:05,059; DEBUG; pypromice.core.qc.github_data_issues; ---> flagging 2015-02-11 00:00:00 2015-02-13 00:00:00 dlr with RIME, flagged 289/659738
2026-02-10 16:08:05,063; DEBUG; pypromice.core.qc.github_data_issues; ---> flagging 2015-02-11 00:00:00 2015-02-13 00:00:00 ulr with RIME, flagged 289/659738
2026-02-10 16:08:05,068; DEBUG; pypromice.core.qc.github_data_issues; ---> flagging 2015-02-11 00:00:00 2015-02-13 00:00:00 dsr with RIME, flagged 289/659738
2026-02-10 16:08:05,073; DEBUG; pypromice.core.qc.github_data_issues; ---> flagging 2015-02-11 00:00:00 2015-02-13 00:00:00 usr with RIME, flagged 289/659738
2026-02-10 16:08:05,079; DEBUG; pypromice.core.qc.github_data_issues; ---> flagging 2016-01-24 00:00:00 2016-01-26 00:00:00 dlr with RIME, flagged 289/659738
2026-02-10 16:08:05,083; DEBUG; pypromice.core.qc.github_data_issues; ---> flagging 2016-01-24 00:00:00 2016-01-26 00:00:00 ulr with RIME, flagged 289/659738
2026-02-10 16:08:05,088; DEBUG; pypromice.core.qc.github_data_issues; ---> flagging 2016-01-24 00:00:00 2016-01-26 00:00:00 dsr with RIME, flagged 289/659738
2026-02-10 16:08:05,093; DEBUG; pypromice.core.qc.github_data_issues; ---> flagging 2016-01-24 00:00:00 2016-01-26 00:00:00 usr with RIME, flagged 289/659738
2026-02-10 16:08:05,099; DEBUG; pypromice.core.qc.github_data_issues; ---> flagging 2016-10-26 00:00:00 2016-10-31 00:00:00 dlr with RIME, flagged 721/659738
2026-02-10 16:08:05,103; DEBUG; pypromice.core.qc.github_data_issues; ---> flagging 2016-10-26 00:00:00 2016-10-31 00:00:00 ulr with RIME, flagged 721/659738
2026-02-10 16:08:05,108; DEBUG; pypromice.core.qc.github_data_issues; ---> flagging 2016-10-26 00:00:00 2016-10-31 00:00:00 dsr with RIME, flagged 721/659738
2026-02-10 16:08:05,113; DEBUG; pypromice.core.qc.github_data_issues; ---> flagging 2016-10-26 00:00:00 2016-10-31 00:00:00 usr with RIME, flagged 721/659738
2026-02-10 16:08:05,119; DEBUG; pypromice.core.qc.github_data_issues; ---> flagging 2016-11-15 00:00:00 2016-11-18 00:00:00 dlr with RIME, flagged 433/659738
2026-02-10 16:08:05,123; DEBUG; pypromice.core.qc.github_data_issues; ---> flagging 2016-11-15 00:00:00 2016-11-18 00:00:00 ulr with RIME, flagged 433/659738
2026-02-10 16:08:05,128; DEBUG; pypromice.core.qc.github_data_issues; ---> flagging 2016-11-15 00:00:00 2016-11-18 00:00:00 dsr with RIME, flagged 433/659738
2026-02-10 16:08:05,133; DEBUG; pypromice.core.qc.github_data_issues; ---> flagging 2016-11-15 00:00:00 2016-11-18 00:00:00 usr with RIME, flagged 433/659738
2026-02-10 16:08:05,138; DEBUG; pypromice.core.qc.github_data_issues; ---> flagging 2017-09-18 00:00:00 2017-09-20 00:00:00 dlr with RIME, flagged 289/659738
2026-02-10 16:08:05,143; DEBUG; pypromice.core.qc.github_data_issues; ---> flagging 2017-09-18 00:00:00 2017-09-20 00:00:00 ulr with RIME, flagged 289/659738
2026-02-10 16:08:05,148; DEBUG; pypromice.core.qc.github_data_issues; ---> flagging 2017-09-18 00:00:00 2017-09-20 00:00:00 dsr with RIME, flagged 289/659738
2026-02-10 16:08:05,153; DEBUG; pypromice.core.qc.github_data_issues; ---> flagging 2017-09-18 00:00:00 2017-09-20 00:00:00 usr with RIME, flagged 289/659738
2026-02-10 16:08:05,158; DEBUG; pypromice.core.qc.github_data_issues; ---> flagging 2017-11-14 00:00:00 2017-11-20 00:00:00 dlr with RIME, flagged 865/659738
2026-02-10 16:08:05,163; DEBUG; pypromice.core.qc.github_data_issues; ---> flagging 2017-11-14 00:00:00 2017-11-20 00:00:00 ulr with RIME, flagged 865/659738
2026-02-10 16:08:05,168; DEBUG; pypromice.core.qc.github_data_issues; ---> flagging 2017-11-14 00:00:00 2017-11-20 00:00:00 dsr with RIME, flagged 865/659738
2026-02-10 16:08:05,173; DEBUG; pypromice.core.qc.github_data_issues; ---> flagging 2017-11-14 00:00:00 2017-11-20 00:00:00 usr with RIME, flagged 865/659738
2026-02-10 16:08:05,178; DEBUG; pypromice.core.qc.github_data_issues; ---> flagging 2017-12-13 00:00:00 2017-12-15 00:00:00 dlr with RIME, flagged 289/659738
2026-02-10 16:08:05,183; DEBUG; pypromice.core.qc.github_data_issues; ---> flagging 2017-12-13 00:00:00 2017-12-15 00:00:00 ulr with RIME, flagged 289/659738
2026-02-10 16:08:05,188; DEBUG; pypromice.core.qc.github_data_issues; ---> flagging 2017-12-13 00:00:00 2017-12-15 00:00:00 dsr with RIME, flagged 289/659738
2026-02-10 16:08:05,193; DEBUG; pypromice.core.qc.github_data_issues; ---> flagging 2017-12-13 00:00:00 2017-12-15 00:00:00 usr with RIME, flagged 289/659738
2026-02-10 16:08:05,198; DEBUG; pypromice.core.qc.github_data_issues; ---> flagging 2018-03-06 00:00:00 2018-03-11 00:00:00 dlr with RIME, flagged 721/659738
2026-02-10 16:08:05,203; DEBUG; pypromice.core.qc.github_data_issues; ---> flagging 2018-03-06 00:00:00 2018-03-11 00:00:00 ulr with RIME, flagged 721/659738
2026-02-10 16:08:05,208; DEBUG; pypromice.core.qc.github_data_issues; ---> flagging 2018-03-06 00:00:00 2018-03-11 00:00:00 dsr with RIME, flagged 721/659738
2026-02-10 16:08:05,213; DEBUG; pypromice.core.qc.github_data_issues; ---> flagging 2018-03-06 00:00:00 2018-03-11 00:00:00 usr with RIME, flagged 721/659738
2026-02-10 16:08:05,218; DEBUG; pypromice.core.qc.github_data_issues; ---> flagging 2019-12-04 00:00:00 2019-12-06 00:00:00 dlr with RIME, flagged 289/659738
2026-02-10 16:08:05,223; DEBUG; pypromice.core.qc.github_data_issues; ---> flagging 2019-12-04 00:00:00 2019-12-06 00:00:00 ulr with RIME, flagged 289/659738
2026-02-10 16:08:05,228; DEBUG; pypromice.core.qc.github_data_issues; ---> flagging 2019-12-04 00:00:00 2019-12-06 00:00:00 dsr with RIME, flagged 289/659738
2026-02-10 16:08:05,233; DEBUG; pypromice.core.qc.github_data_issues; ---> flagging 2019-12-04 00:00:00 2019-12-06 00:00:00 usr with RIME, flagged 289/659738
2026-02-10 16:08:05,238; DEBUG; pypromice.core.qc.github_data_issues; ---> flagging 2019-12-09 00:00:00 2019-12-12 00:00:00 dlr with RIME, flagged 433/659738
2026-02-10 16:08:05,243; DEBUG; pypromice.core.qc.github_data_issues; ---> flagging 2019-12-09 00:00:00 2019-12-12 00:00:00 ulr with RIME, flagged 433/659738
2026-02-10 16:08:05,248; DEBUG; pypromice.core.qc.github_data_issues; ---> flagging 2019-12-09 00:00:00 2019-12-12 00:00:00 dsr with RIME, flagged 433/659738
2026-02-10 16:08:05,253; DEBUG; pypromice.core.qc.github_data_issues; ---> flagging 2019-12-09 00:00:00 2019-12-12 00:00:00 usr with RIME, flagged 433/659738
2026-02-10 16:08:05,258; DEBUG; pypromice.core.qc.github_data_issues; ---> flagging 2020-09-28 00:00:00 2020-09-30 00:00:00 dlr with RIME, flagged 289/659738
2026-02-10 16:08:05,263; DEBUG; pypromice.core.qc.github_data_issues; ---> flagging 2020-09-28 00:00:00 2020-09-30 00:00:00 ulr with RIME, flagged 289/659738
2026-02-10 16:08:05,268; DEBUG; pypromice.core.qc.github_data_issues; ---> flagging 2020-09-28 00:00:00 2020-09-30 00:00:00 dsr with RIME, flagged 289/659738
2026-02-10 16:08:05,272; DEBUG; pypromice.core.qc.github_data_issues; ---> flagging 2020-09-28 00:00:00 2020-09-30 00:00:00 usr with RIME, flagged 289/659738
2026-02-10 16:08:05,278; DEBUG; pypromice.core.qc.github_data_issues; ---> flagging 2020-10-22 00:00:00 2020-10-25 00:00:00 dlr with RIME, flagged 433/659738
2026-02-10 16:08:05,283; DEBUG; pypromice.core.qc.github_data_issues; ---> flagging 2020-10-22 00:00:00 2020-10-25 00:00:00 ulr with RIME, flagged 433/659738
2026-02-10 16:08:05,287; DEBUG; pypromice.core.qc.github_data_issues; ---> flagging 2020-10-22 00:00:00 2020-10-25 00:00:00 dsr with RIME, flagged 433/659738
2026-02-10 16:08:05,292; DEBUG; pypromice.core.qc.github_data_issues; ---> flagging 2020-10-22 00:00:00 2020-10-25 00:00:00 usr with RIME, flagged 433/659738
2026-02-10 16:08:05,297; DEBUG; pypromice.core.qc.github_data_issues; ---> flagging 2021-10-22 00:00:00 2021-10-25 00:00:00 dlr with RIME, flagged 73/659738
2026-02-10 16:08:05,302; DEBUG; pypromice.core.qc.github_data_issues; ---> flagging 2021-10-22 00:00:00 2021-10-25 00:00:00 ulr with RIME, flagged 73/659738
2026-02-10 16:08:05,307; DEBUG; pypromice.core.qc.github_data_issues; ---> flagging 2021-10-22 00:00:00 2021-10-25 00:00:00 dsr with RIME, flagged 73/659738
2026-02-10 16:08:05,312; DEBUG; pypromice.core.qc.github_data_issues; ---> flagging 2021-10-22 00:00:00 2021-10-25 00:00:00 usr with RIME, flagged 73/659738
2026-02-10 16:08:05,317; DEBUG; pypromice.core.qc.github_data_issues; ---> flagging 2021-11-16 00:00:00 2021-11-24 00:00:00 dlr with RIME, flagged 193/659738
2026-02-10 16:08:05,322; DEBUG; pypromice.core.qc.github_data_issues; ---> flagging 2021-11-16 00:00:00 2021-11-24 00:00:00 ulr with RIME, flagged 193/659738
2026-02-10 16:08:05,327; DEBUG; pypromice.core.qc.github_data_issues; ---> flagging 2021-11-16 00:00:00 2021-11-24 00:00:00 dsr with RIME, flagged 193/659738
2026-02-10 16:08:05,332; DEBUG; pypromice.core.qc.github_data_issues; ---> flagging 2021-11-16 00:00:00 2021-11-24 00:00:00 usr with RIME, flagged 193/659738
2026-02-10 16:08:05,337; DEBUG; pypromice.core.qc.github_data_issues; ---> flagging 2022-02-05 00:00:00 2022-02-07 00:00:00 dlr with RIME, flagged 49/659738
2026-02-10 16:08:05,342; DEBUG; pypromice.core.qc.github_data_issues; ---> flagging 2022-02-05 00:00:00 2022-02-07 00:00:00 ulr with RIME, flagged 49/659738
2026-02-10 16:08:05,347; DEBUG; pypromice.core.qc.github_data_issues; ---> flagging 2022-02-05 00:00:00 2022-02-07 00:00:00 dsr with RIME, flagged 49/659738
2026-02-10 16:08:05,351; DEBUG; pypromice.core.qc.github_data_issues; ---> flagging 2022-02-05 00:00:00 2022-02-07 00:00:00 usr with RIME, flagged 49/659738
2026-02-10 16:08:05,357; DEBUG; pypromice.core.qc.github_data_issues; ---> flagging 2022-10-12 00:00:00 2022-10-14 00:00:00 dlr with RIME, flagged 49/659738
2026-02-10 16:08:05,361; DEBUG; pypromice.core.qc.github_data_issues; ---> flagging 2022-10-12 00:00:00 2022-10-14 00:00:00 ulr with RIME, flagged 49/659738
2026-02-10 16:08:05,366; DEBUG; pypromice.core.qc.github_data_issues; ---> flagging 2022-10-12 00:00:00 2022-10-14 00:00:00 dsr with RIME, flagged 49/659738
2026-02-10 16:08:05,371; DEBUG; pypromice.core.qc.github_data_issues; ---> flagging 2022-10-12 00:00:00 2022-10-14 00:00:00 usr with RIME, flagged 49/659738
2026-02-10 16:08:05,376; DEBUG; pypromice.core.qc.github_data_issues; ---> flagging 2024-01-25 00:00:00 2024-02-01 00:00:00 dlr with RIME, flagged 169/659738
2026-02-10 16:08:05,381; DEBUG; pypromice.core.qc.github_data_issues; ---> flagging 2024-01-25 00:00:00 2024-02-01 00:00:00 ulr with RIME, flagged 169/659738
2026-02-10 16:08:05,386; DEBUG; pypromice.core.qc.github_data_issues; ---> flagging 2024-01-25 00:00:00 2024-02-01 00:00:00 dsr with RIME, flagged 169/659738
2026-02-10 16:08:05,390; DEBUG; pypromice.core.qc.github_data_issues; ---> flagging 2024-01-25 00:00:00 2024-02-01 00:00:00 usr with RIME, flagged 169/659738
2026-02-10 16:08:05,396; DEBUG; pypromice.core.qc.github_data_issues; ---> flagging 2024-02-11 00:00:00 2024-02-15 00:00:00 dlr with RIME, flagged 97/659738
2026-02-10 16:08:05,401; DEBUG; pypromice.core.qc.github_data_issues; ---> flagging 2024-02-11 00:00:00 2024-02-15 00:00:00 ulr with RIME, flagged 97/659738
2026-02-10 16:08:05,405; DEBUG; pypromice.core.qc.github_data_issues; ---> flagging 2024-02-11 00:00:00 2024-02-15 00:00:00 dsr with RIME, flagged 97/659738
2026-02-10 16:08:05,410; DEBUG; pypromice.core.qc.github_data_issues; ---> flagging 2024-02-11 00:00:00 2024-02-15 00:00:00 usr with RIME, flagged 97/659738
2026-02-10 16:08:05,415; DEBUG; pypromice.core.qc.github_data_issues; ---> flagging 2024-09-15 00:00:00 2024-09-18 00:00:00 dlr with RIME, flagged 433/659738
2026-02-10 16:08:05,420; DEBUG; pypromice.core.qc.github_data_issues; ---> flagging 2024-09-15 00:00:00 2024-09-18 00:00:00 ulr with RIME, flagged 433/659738
2026-02-10 16:08:05,425; DEBUG; pypromice.core.qc.github_data_issues; ---> flagging 2024-09-15 00:00:00 2024-09-18 00:00:00 dsr with RIME, flagged 433/659738
2026-02-10 16:08:05,430; DEBUG; pypromice.core.qc.github_data_issues; ---> flagging 2024-09-15 00:00:00 2024-09-18 00:00:00 usr with RIME, flagged 433/659738
2026-02-10 16:08:05,436; DEBUG; pypromice.core.qc.github_data_issues; ---> flagging 2011-05-26 00:00:00 2012-05-03 00:00:00 gps_lon with NAN, flagged 18442/659738
2026-02-10 16:08:05,444; DEBUG; pypromice.core.qc.github_data_issues; ---> flagging 2011-05-26 00:00:00 2012-05-03 00:00:00 gps_lat with NAN, flagged 18442/659738
2026-02-10 16:08:05,452; DEBUG; pypromice.core.qc.github_data_issues; ---> flagging 2011-05-26 00:00:00 2012-05-03 00:00:00 gps_alt with NAN, flagged 18442/659738
2026-02-10 16:08:05,461; DEBUG; pypromice.core.qc.github_data_issues; ---> flagging 2015-10-27 00:00:00 2016-04-09 00:00:00 gps_lon with NAN, flagged 23761/659738
2026-02-10 16:08:05,467; DEBUG; pypromice.core.qc.github_data_issues; ---> flagging 2015-10-27 00:00:00 2016-04-09 00:00:00 gps_lat with NAN, flagged 23761/659738
2026-02-10 16:08:05,473; DEBUG; pypromice.core.qc.github_data_issues; ---> flagging 2015-10-27 00:00:00 2016-04-09 00:00:00 gps_alt with NAN, flagged 23761/659738
2026-02-10 16:08:05,479; DEBUG; pypromice.core.qc.github_data_issues; ---> flagging 2021-12-20 00:00:00 2023-06-09 04:00:00 gps_lon with NAN, flagged 12864/659738
2026-02-10 16:08:05,485; DEBUG; pypromice.core.qc.github_data_issues; ---> flagging 2021-12-20 00:00:00 2023-06-09 04:00:00 gps_lat with NAN, flagged 12864/659738
2026-02-10 16:08:05,490; DEBUG; pypromice.core.qc.github_data_issues; ---> flagging 2021-12-20 00:00:00 2023-06-09 04:00:00 gps_alt with NAN, flagged 12864/659738
2026-02-10 16:08:05,497; DEBUG; pypromice.core.qc.github_data_issues; ---> flagging 2024-05-27 12:00:00 2024-05-27 22:00:00 p_u with NAN, flagged 45/659738
2026-02-10 16:08:05,504; DEBUG; pypromice.core.qc.github_data_issues; ---> flagging 2024-05-27 12:00:00 2024-05-27 22:00:00 t_u with NAN, flagged 45/659738
2026-02-10 16:08:05,512; DEBUG; pypromice.core.qc.github_data_issues; ---> flagging 2024-05-27 12:00:00 2024-05-27 22:00:00 rh_u with NAN, flagged 45/659738
2026-02-10 16:08:05,520; DEBUG; pypromice.core.qc.github_data_issues; ---> flagging 2024-05-27 12:00:00 2024-05-27 22:00:00 wspd_u with NAN, flagged 45/659738
2026-02-10 16:08:05,528; DEBUG; pypromice.core.qc.github_data_issues; ---> flagging 2024-05-27 12:00:00 2024-05-27 22:00:00 wdir_u with NAN, flagged 45/659738
2026-02-10 16:08:05,536; DEBUG; pypromice.core.qc.github_data_issues; ---> flagging 2024-05-27 12:00:00 2024-05-27 22:00:00 p_l with NAN, flagged 45/659738
2026-02-10 16:08:05,542; DEBUG; pypromice.core.qc.github_data_issues; ---> flagging 2024-05-27 12:00:00 2024-05-27 22:00:00 t_l with NAN, flagged 45/659738
2026-02-10 16:08:05,548; DEBUG; pypromice.core.qc.github_data_issues; ---> flagging 2024-05-27 12:00:00 2024-05-27 22:00:00 rh_l with NAN, flagged 45/659738
2026-02-10 16:08:05,553; DEBUG; pypromice.core.qc.github_data_issues; ---> flagging 2024-05-27 12:00:00 2024-05-27 22:00:00 wspd_l with NAN, flagged 45/659738
2026-02-10 16:08:05,559; DEBUG; pypromice.core.qc.github_data_issues; ---> flagging 2024-05-27 12:00:00 2024-05-27 22:00:00 wdir_l with NAN, flagged 45/659738
2026-02-10 16:08:05,565; DEBUG; pypromice.core.qc.github_data_issues; ---> flagging 2024-05-27 12:00:00 2024-05-27 22:00:00 dsr with NAN, flagged 45/659738
2026-02-10 16:08:05,570; DEBUG; pypromice.core.qc.github_data_issues; ---> flagging 2024-05-27 12:00:00 2024-05-27 22:00:00 usr with NAN, flagged 45/659738
2026-02-10 16:08:05,574; DEBUG; pypromice.core.qc.github_data_issues; ---> flagging 2024-05-27 12:00:00 2024-05-27 22:00:00 dlr with NAN, flagged 45/659738
2026-02-10 16:08:05,579; DEBUG; pypromice.core.qc.github_data_issues; ---> flagging 2024-05-27 12:00:00 2024-05-27 22:00:00 ulr with NAN, flagged 45/659738
2026-02-10 16:08:05,584; DEBUG; pypromice.core.qc.github_data_issues; ---> flagging 2024-05-27 12:00:00 2024-05-27 22:00:00 t_rad with NAN, flagged 45/659738
2026-02-10 16:08:05,592; DEBUG; pypromice.core.qc.github_data_issues; ---> flagging 2024-05-27 12:00:00 2024-05-27 22:00:00 t_i_1 with NAN, flagged 45/659738
2026-02-10 16:08:05,600; DEBUG; pypromice.core.qc.github_data_issues; ---> flagging 2024-05-27 12:00:00 2024-05-27 22:00:00 t_i_2 with NAN, flagged 45/659738
2026-02-10 16:08:05,607; DEBUG; pypromice.core.qc.github_data_issues; ---> flagging 2024-05-27 12:00:00 2024-05-27 22:00:00 t_i_3 with NAN, flagged 45/659738
2026-02-10 16:08:05,615; DEBUG; pypromice.core.qc.github_data_issues; ---> flagging 2024-05-27 12:00:00 2024-05-27 22:00:00 t_i_4 with NAN, flagged 45/659738
2026-02-10 16:08:05,622; DEBUG; pypromice.core.qc.github_data_issues; ---> flagging 2024-05-27 12:00:00 2024-05-27 22:00:00 t_i_5 with NAN, flagged 45/659738
2026-02-10 16:08:05,630; DEBUG; pypromice.core.qc.github_data_issues; ---> flagging 2024-05-27 12:00:00 2024-05-27 22:00:00 t_i_6 with NAN, flagged 45/659738
2026-02-10 16:08:05,638; DEBUG; pypromice.core.qc.github_data_issues; ---> flagging 2024-05-27 12:00:00 2024-05-27 22:00:00 t_i_7 with NAN, flagged 45/659738
2026-02-10 16:08:05,646; DEBUG; pypromice.core.qc.github_data_issues; ---> flagging 2024-05-27 12:00:00 2024-05-27 22:00:00 t_i_8 with NAN, flagged 45/659738
2026-02-10 16:08:05,654; DEBUG; pypromice.core.qc.github_data_issues; ---> flagging 2024-05-27 12:00:00 2024-05-27 22:00:00 t_i_9 with NAN, flagged 45/659738
2026-02-10 16:08:05,660; DEBUG; pypromice.core.qc.github_data_issues; ---> flagging 2024-05-27 12:00:00 2024-05-27 22:00:00 t_i_10 with NAN, flagged 45/659738
2026-02-10 16:08:05,665; DEBUG; pypromice.core.qc.github_data_issues; ---> flagging 2024-05-27 12:00:00 2024-05-27 22:00:00 t_i_11 with NAN, flagged 45/659738
2026-02-10 16:08:05,671; DEBUG; pypromice.core.qc.github_data_issues; ---> flagging 2024-05-27 12:00:00 2024-05-27 22:00:00 tilt_x with NAN, flagged 45/659738
2026-02-10 16:08:05,679; DEBUG; pypromice.core.qc.github_data_issues; ---> flagging 2024-05-27 12:00:00 2024-05-27 22:00:00 tilt_y with NAN, flagged 45/659738
2026-02-10 16:08:05,686; DEBUG; pypromice.core.qc.github_data_issues; ---> flagging 2024-05-27 12:00:00 2024-05-27 22:00:00 z_pt with NAN, flagged 45/659738
2026-02-10 16:08:05,694; DEBUG; pypromice.core.qc.github_data_issues; ---> flagging 2024-05-27 12:00:00 2024-05-27 22:00:00 rot with NAN, flagged 45/659738
2026-02-10 16:08:05,701; DEBUG; pypromice.core.qc.github_data_issues; ---> flagging 2024-05-27 12:00:00 2024-05-27 22:00:00 z_boom_u with NAN, flagged 45/659738
2026-02-10 16:08:05,707; DEBUG; pypromice.core.qc.github_data_issues; ---> flagging 2024-05-27 12:00:00 2024-05-27 22:00:00 z_boom_l with NAN, flagged 45/659738
2026-02-10 16:08:05,713; DEBUG; pypromice.core.qc.github_data_issues; ---> flagging 2024-05-27 12:00:00 2024-05-27 22:00:00 z_stake with NAN, flagged 45/659738
2026-02-10 16:08:05,719; DEBUG; pypromice.core.qc.github_data_issues; ---> flagging 2024-05-27 12:00:00 2024-05-27 22:00:00 gps_lat with NAN, flagged 45/659738
2026-02-10 16:08:05,724; DEBUG; pypromice.core.qc.github_data_issues; ---> flagging 2024-05-27 12:00:00 2024-05-27 22:00:00 gps_lon with NAN, flagged 45/659738
2026-02-10 16:08:05,729; DEBUG; pypromice.core.qc.github_data_issues; ---> flagging 2024-05-27 12:00:00 2024-05-27 22:00:00 gps_alt with NAN, flagged 45/659738
2026-02-10 16:08:05,734; DEBUG; pypromice.core.qc.github_data_issues; ---> flagging 2024-05-27 12:00:00 2024-05-27 22:00:00 precip_u with NAN, flagged 45/659738
2026-02-10 16:08:05,740; DEBUG; pypromice.core.qc.github_data_issues; ---> flagging 2024-05-27 12:00:00 2024-05-27 22:00:00 precip_l with NAN, flagged 45/659738
2026-02-10 16:08:05,745; DEBUG; pypromice.core.qc.github_data_issues; ---> flagging 2024-05-27 12:00:00 2024-05-27 22:00:00 p_i with NAN, flagged 45/659738
2026-02-10 16:08:05,752; DEBUG; pypromice.core.qc.github_data_issues; ---> flagging 2024-05-27 12:00:00 2024-05-27 22:00:00 t_i with NAN, flagged 45/659738
2026-02-10 16:08:05,758; DEBUG; pypromice.core.qc.github_data_issues; ---> flagging 2024-05-27 12:00:00 2024-05-27 22:00:00 rh_i with NAN, flagged 45/659738
2026-02-10 16:08:05,765; DEBUG; pypromice.core.qc.github_data_issues; ---> flagging 2024-05-27 12:00:00 2024-05-27 22:00:00 wspd_i with NAN, flagged 45/659738
2026-02-10 16:08:05,772; DEBUG; pypromice.core.qc.github_data_issues; ---> flagging 2024-05-27 12:00:00 2024-05-27 22:00:00 wdir_i with NAN, flagged 45/659738
2026-02-10 16:08:05,780; DEBUG; pypromice.core.qc.github_data_issues; ---> flagging 2025-01-20 00:00:00 2025-05-16 10:10:00 rh_l with DECOR, flagged 16766/659738
2026-02-10 16:08:05,786; DEBUG; pypromice.core.qc.github_data_issues; ---> flagging 2023-07-10 00:00:00 2023-07-17 00:00:00 t_i_1 with NAN, flagged 169/659738
2026-02-10 16:08:05,791; DEBUG; pypromice.core.qc.github_data_issues; ---> flagging 2009-04-04 21:40:00 2009-04-06 00:00:00 t_i_1 with NAN, flagged 159/659738
2026-02-10 16:08:05,797; DEBUG; pypromice.core.qc.github_data_issues; ---> flagging 2023-07-10 00:00:00 2023-07-17 00:00:00 t_i_10 with NAN, flagged 169/659738
2026-02-10 16:08:05,803; DEBUG; pypromice.core.qc.github_data_issues; ---> flagging 2009-04-04 21:40:00 2009-04-06 00:00:00 t_i_10 with NAN, flagged 159/659738
2026-02-10 16:08:05,810; DEBUG; pypromice.core.qc.github_data_issues; ---> flagging 2023-07-10 00:00:00 2023-07-17 00:00:00 t_i_11 with NAN, flagged 169/659738
2026-02-10 16:08:05,816; DEBUG; pypromice.core.qc.github_data_issues; ---> flagging 2009-04-04 21:40:00 2009-04-06 00:00:00 t_i_11 with NAN, flagged 159/659738
2026-02-10 16:08:05,824; DEBUG; pypromice.core.qc.github_data_issues; ---> flagging 2023-07-10 00:00:00 2023-07-17 00:00:00 t_i_2 with NAN, flagged 169/659738
2026-02-10 16:08:05,830; DEBUG; pypromice.core.qc.github_data_issues; ---> flagging 2009-04-04 21:40:00 2009-04-06 00:00:00 t_i_2 with NAN, flagged 159/659738
2026-02-10 16:08:05,837; DEBUG; pypromice.core.qc.github_data_issues; ---> flagging 2023-07-10 00:00:00 2023-07-17 00:00:00 t_i_3 with NAN, flagged 169/659738
2026-02-10 16:08:05,842; DEBUG; pypromice.core.qc.github_data_issues; ---> flagging 2009-04-04 21:40:00 2009-04-06 00:00:00 t_i_3 with NAN, flagged 159/659738
2026-02-10 16:08:05,849; DEBUG; pypromice.core.qc.github_data_issues; ---> flagging 2023-07-10 00:00:00 2023-07-17 00:00:00 t_i_4 with NAN, flagged 169/659738
2026-02-10 16:08:05,855; DEBUG; pypromice.core.qc.github_data_issues; ---> flagging 2009-04-04 21:40:00 2009-04-06 00:00:00 t_i_4 with NAN, flagged 159/659738
2026-02-10 16:08:05,862; DEBUG; pypromice.core.qc.github_data_issues; ---> flagging 2023-07-10 00:00:00 2023-07-17 00:00:00 t_i_5 with NAN, flagged 169/659738
2026-02-10 16:08:05,868; DEBUG; pypromice.core.qc.github_data_issues; ---> flagging 2009-04-04 21:40:00 2009-04-06 00:00:00 t_i_5 with NAN, flagged 159/659738
2026-02-10 16:08:05,874; DEBUG; pypromice.core.qc.github_data_issues; ---> flagging 2023-07-10 00:00:00 2023-07-17 00:00:00 t_i_6 with NAN, flagged 169/659738
2026-02-10 16:08:05,880; DEBUG; pypromice.core.qc.github_data_issues; ---> flagging 2009-04-04 21:40:00 2009-04-06 00:00:00 t_i_6 with NAN, flagged 159/659738
2026-02-10 16:08:05,887; DEBUG; pypromice.core.qc.github_data_issues; ---> flagging 2023-07-10 00:00:00 2023-07-17 00:00:00 t_i_7 with NAN, flagged 169/659738
2026-02-10 16:08:05,893; DEBUG; pypromice.core.qc.github_data_issues; ---> flagging 2009-04-04 21:40:00 2009-04-06 00:00:00 t_i_7 with NAN, flagged 159/659738
2026-02-10 16:08:05,900; DEBUG; pypromice.core.qc.github_data_issues; ---> flagging 2023-07-10 00:00:00 2023-07-17 00:00:00 t_i_8 with NAN, flagged 169/659738
2026-02-10 16:08:05,905; DEBUG; pypromice.core.qc.github_data_issues; ---> flagging 2009-04-04 21:40:00 2009-04-06 00:00:00 t_i_8 with NAN, flagged 159/659738
2026-02-10 16:08:05,912; DEBUG; pypromice.core.qc.github_data_issues; ---> flagging 2023-07-10 00:00:00 2023-07-17 00:00:00 t_i_9 with NAN, flagged 169/659738
2026-02-10 16:08:05,918; DEBUG; pypromice.core.qc.github_data_issues; ---> flagging 2009-04-04 21:40:00 2009-04-06 00:00:00 t_i_9 with NAN, flagged 159/659738
2026-02-10 16:08:05,928; DEBUG; pypromice.core.qc.github_data_issues; ---> flagging 2020-09-01 00:00:00 2021-09-01 00:00:00 tilt_x with NAN, flagged 50804/659738
2026-02-10 16:08:05,935; DEBUG; pypromice.core.qc.github_data_issues; ---> flagging 2020-09-01 00:00:00 2021-09-01 00:00:00 tilt_y with NAN, flagged 50804/659738
2026-02-10 16:08:05,943; DEBUG; pypromice.core.qc.github_data_issues; ---> flagging 2023-11-20 00:00:00 2025-05-16 17:00:00 tilt_x with NAN, flagged 55498/659738
2026-02-10 16:08:05,950; DEBUG; pypromice.core.qc.github_data_issues; ---> flagging 2023-11-20 00:00:00 2025-05-16 17:00:00 tilt_y with NAN, flagged 55498/659738
2026-02-10 16:08:05,957; DEBUG; pypromice.core.qc.github_data_issues; ---> flagging 2022-03-03 00:00:00 2023-06-09 04:00:00 wspd_u with NAN, flagged 11112/659738
2026-02-10 16:08:05,964; DEBUG; pypromice.core.qc.github_data_issues; ---> flagging 2019-09-01 00:00:00 2020-04-01 00:00:00 z_boom_u with NAN, flagged 30673/659738
2026-02-10 16:08:05,969; DEBUG; pypromice.core.qc.github_data_issues; ---> flagging 2009-04-04 21:40:00 2009-04-04 23:00:00 z_boom_u with NAN, flagged 9/659738
2026-02-10 16:08:05,974; DEBUG; pypromice.core.qc.github_data_issues; ---> flagging 2009-04-04 21:40:00 2009-04-04 23:00:00 z_stake with NAN, flagged 9/659738
2026-02-10 16:08:21,770; INFO; pypromice.core.qc.github_data_issues; Using file: ../PROMICE-AWS-data-issues/adjustments/KAN_U.csv
2026-02-10 16:08:21,806; DEBUG; pypromice.core.qc.github_data_issues; ---> 2023-01-01 00:00:00 2023-11-01 00:00:00 dlr max_filter 400.0 flagged 1/659738
2026-02-10 16:08:21,845; DEBUG; pypromice.core.qc.github_data_issues; ---> None None gps_alt min_filter 1700.0 flagged 165/659738
2026-02-10 16:08:21,880; DEBUG; pypromice.core.qc.github_data_issues; ---> None None gps_lat max_filter 68.0 flagged 12/659738
2026-02-10 16:08:21,913; DEBUG; pypromice.core.qc.github_data_issues; ---> None None gps_lat min_filter 66.998 flagged 128/659738
2026-02-10 16:08:21,919; DEBUG; pypromice.core.qc.github_data_issues; ---> 2023-01-01 00:00:00 2023-11-01 00:00:00 p_u max_filter 900.0 flagged 0/659738
2026-02-10 16:08:22,006; DEBUG; pypromice.core.qc.github_data_issues; ---> None None rh_l min_filter 20.0 flagged 0/659738
2026-02-10 16:08:22,042; DEBUG; pypromice.core.qc.github_data_issues; ---> None None rh_u min_filter 20.0 flagged 0/659738
2026-02-10 16:08:22,079; DEBUG; pypromice.core.qc.github_data_issues; ---> None None t_i_1 min_filter -40.0 flagged 21/659738
2026-02-10 16:08:22,083; INFO; pypromice.core.qc.github_data_issues; ---> 2025-12-14 00:00:00 None t_i_10 max_filter -5.0
2026-02-10 16:08:22,083; INFO; pypromice.core.qc.github_data_issues; Time range does not intersect with dataset
2026-02-10 16:08:22,166; DEBUG; pypromice.core.qc.github_data_issues; ---> None None t_i_10 min_filter -17.0 flagged 0/659738
2026-02-10 16:08:22,251; DEBUG; pypromice.core.qc.github_data_issues; ---> None None t_i_10 min_filter -40.0 flagged 0/659738
2026-02-10 16:08:22,336; DEBUG; pypromice.core.qc.github_data_issues; ---> None None t_i_11 min_filter -17.0 flagged 0/659738
2026-02-10 16:08:22,431; DEBUG; pypromice.core.qc.github_data_issues; ---> None None t_i_11 max_filter -1.0 flagged 0/659738
2026-02-10 16:08:22,517; DEBUG; pypromice.core.qc.github_data_issues; ---> None None t_i_11 min_filter -40.0 flagged 0/659738
2026-02-10 16:08:22,554; DEBUG; pypromice.core.qc.github_data_issues; ---> None None t_i_2 min_filter -40.0 flagged 33/659738
2026-02-10 16:08:22,560; INFO; pypromice.core.qc.github_data_issues; ---> 2025-12-01 00:00:00 None t_i_3 min_filter -17.0
2026-02-10 16:08:22,560; INFO; pypromice.core.qc.github_data_issues; Time range does not intersect with dataset
2026-02-10 16:08:22,560; INFO; pypromice.core.qc.github_data_issues; ---> 2025-12-14 00:00:00 None t_i_3 max_filter -7.0
2026-02-10 16:08:22,560; INFO; pypromice.core.qc.github_data_issues; Time range does not intersect with dataset
2026-02-10 16:08:22,594; DEBUG; pypromice.core.qc.github_data_issues; ---> None None t_i_3 min_filter -40.0 flagged 0/659738
2026-02-10 16:08:22,600; INFO; pypromice.core.qc.github_data_issues; ---> 2025-12-14 00:00:00 None t_i_4 min_filter -17.0
2026-02-10 16:08:22,600; INFO; pypromice.core.qc.github_data_issues; Time range does not intersect with dataset
2026-02-10 16:08:22,600; INFO; pypromice.core.qc.github_data_issues; ---> 2025-12-14 00:00:00 None t_i_4 max_filter -7.0
2026-02-10 16:08:22,600; INFO; pypromice.core.qc.github_data_issues; Time range does not intersect with dataset
2026-02-10 16:08:22,635; DEBUG; pypromice.core.qc.github_data_issues; ---> None None t_i_4 min_filter -40.0 flagged 0/659738
2026-02-10 16:08:22,640; INFO; pypromice.core.qc.github_data_issues; ---> 2025-12-14 00:00:00 None t_i_5 min_filter -17.0
2026-02-10 16:08:22,640; INFO; pypromice.core.qc.github_data_issues; Time range does not intersect with dataset
2026-02-10 16:08:22,641; INFO; pypromice.core.qc.github_data_issues; ---> 2025-12-14 00:00:00 None t_i_5 max_filter -7.0
2026-02-10 16:08:22,641; INFO; pypromice.core.qc.github_data_issues; Time range does not intersect with dataset
2026-02-10 16:08:22,675; DEBUG; pypromice.core.qc.github_data_issues; ---> None None t_i_5 min_filter -40.0 flagged 0/659738
2026-02-10 16:08:22,679; INFO; pypromice.core.qc.github_data_issues; ---> 2025-12-14 00:00:00 None t_i_6 min_filter -17.0
2026-02-10 16:08:22,679; INFO; pypromice.core.qc.github_data_issues; Time range does not intersect with dataset
2026-02-10 16:08:22,680; INFO; pypromice.core.qc.github_data_issues; ---> 2025-12-14 00:00:00 None t_i_6 max_filter -7.0
2026-02-10 16:08:22,680; INFO; pypromice.core.qc.github_data_issues; Time range does not intersect with dataset
2026-02-10 16:08:22,710; DEBUG; pypromice.core.qc.github_data_issues; ---> None None t_i_6 min_filter -40.0 flagged 0/659738
2026-02-10 16:08:22,715; INFO; pypromice.core.qc.github_data_issues; ---> 2025-12-14 00:00:00 None t_i_7 min_filter -17.0
2026-02-10 16:08:22,715; INFO; pypromice.core.qc.github_data_issues; Time range does not intersect with dataset
2026-02-10 16:08:22,715; INFO; pypromice.core.qc.github_data_issues; ---> 2025-12-14 00:00:00 None t_i_7 max_filter -6.0
2026-02-10 16:08:22,715; INFO; pypromice.core.qc.github_data_issues; Time range does not intersect with dataset
2026-02-10 16:08:22,745; DEBUG; pypromice.core.qc.github_data_issues; ---> None None t_i_7 min_filter -40.0 flagged 0/659738
2026-02-10 16:08:22,749; INFO; pypromice.core.qc.github_data_issues; ---> 2025-12-14 00:00:00 None t_i_8 min_filter -17.0
2026-02-10 16:08:22,749; INFO; pypromice.core.qc.github_data_issues; Time range does not intersect with dataset
2026-02-10 16:08:22,750; INFO; pypromice.core.qc.github_data_issues; ---> 2025-12-14 00:00:00 None t_i_8 max_filter -6.0
2026-02-10 16:08:22,750; INFO; pypromice.core.qc.github_data_issues; Time range does not intersect with dataset
2026-02-10 16:08:22,780; DEBUG; pypromice.core.qc.github_data_issues; ---> None None t_i_8 min_filter -40.0 flagged 0/659738
2026-02-10 16:08:22,784; INFO; pypromice.core.qc.github_data_issues; ---> 2025-12-14 00:00:00 None t_i_9 max_filter -6.0
2026-02-10 16:08:22,785; INFO; pypromice.core.qc.github_data_issues; Time range does not intersect with dataset
2026-02-10 16:08:22,867; DEBUG; pypromice.core.qc.github_data_issues; ---> None None t_i_9 min_filter -17.0 flagged 0/659738
2026-02-10 16:08:22,952; DEBUG; pypromice.core.qc.github_data_issues; ---> None None t_i_9 min_filter -40.0 flagged 0/659738
2026-02-10 16:08:22,958; DEBUG; pypromice.core.qc.github_data_issues; ---> 2023-01-01 00:00:00 2023-11-01 00:00:00 t_u max_filter 13.8 flagged 0/659738
2026-02-10 16:08:22,967; DEBUG; pypromice.core.qc.github_data_issues; ---> 2023-01-01 00:00:00 2023-11-01 00:00:00 ulr max_filter 400.0 flagged 1/659738
2026-02-10 16:08:22,975; DEBUG; pypromice.core.qc.github_data_issues; ---> 2024-12-01 00:00:00 2025-01-05 00:00:00 z_boom_cor_l min_filter 2.7 flagged 1866/659738
2026-02-10 16:08:22,981; DEBUG; pypromice.core.qc.github_data_issues; ---> 2013-11-01 00:00:00 2014-02-01 00:00:00 z_boom_cor_u min_filter 1.4 flagged 12803/659738
2026-02-10 16:08:22,988; DEBUG; pypromice.core.qc.github_data_issues; ---> 2014-12-01 00:00:00 2015-03-01 00:00:00 z_boom_cor_u min_filter 0.76 flagged 1360/659738
2026-02-10 16:08:22,993; DEBUG; pypromice.core.qc.github_data_issues; ---> 2020-10-01 00:00:00 2021-02-01 00:00:00 z_boom_cor_u min_filter 1.04 flagged 2008/659738
2026-02-10 16:08:22,998; DEBUG; pypromice.core.qc.github_data_issues; ---> 2024-12-01 00:00:00 2025-01-05 00:00:00 z_boom_cor_u min_filter 3.5 flagged 792/659738
2026-02-10 16:08:23,045; DEBUG; pypromice.core.qc.github_data_issues; ---> None 2023-06-08 12:00:00 z_boom_cor_u max_filter 2.8 flagged 3395/659738
2026-02-10 16:08:23,053; DEBUG; pypromice.core.qc.github_data_issues; ---> 2014-12-01 00:00:00 2015-02-01 00:00:00 z_stake_cor min_filter 1.4 flagged 1306/659738
2026-02-10 16:08:23,060; DEBUG; pypromice.core.qc.github_data_issues; ---> 2017-02-01 00:00:00 2017-03-01 00:00:00 z_stake_cor min_filter 1.11 flagged 544/659738
2026-02-10 16:08:23,065; DEBUG; pypromice.core.qc.github_data_issues; ---> 2019-10-01 00:00:00 2020-01-01 00:00:00 z_stake_cor min_filter 1.37 flagged 1776/659738
2026-02-10 16:08:23,109; DEBUG; pypromice.core.qc.github_data_issues; ---> None None z_stake_cor max_filter 3.5 flagged 87/659738
2026-02-10 16:08:23,111; INFO; pypromice.core.qc.github_data_issues; could not adjust z_surf_1 not in dataset
2026-02-10 16:08:23,111; INFO; pypromice.core.qc.github_data_issues; could not adjust z_surf_2 not in dataset
2026-02-10 16:09:07,570; WARNING; pypromice.pipeline.resample; Dropping QC columns because they are of type object and cannot be resampled
2026-02-10 16:09:19,777; INFO; pypromice.io.write; Resampling to 10min
2026-02-10 16:09:20,533; INFO; pypromice.io.write; Writing to files...
2026-02-10 16:09:49,557; INFO; pypromice.io.write; Written to /media/ice/Baptiste/geussnow01/aws-dev/L2_test/raw/KAN_U/KAN_U_10min.csv
2026-02-10 16:09:49,558; INFO; pypromice.io.write; Written to /media/ice/Baptiste/geussnow01/aws-dev/L2_test/raw/KAN_U/KAN_U_10min.nc
2026-02-10 16:09:51,821; WARNING; pypromice.pipeline.resample; Dropping QC columns because they are of type object and cannot be resampled
2026-02-10 16:09:56,336; INFO; pypromice.io.write; Resampling to 60min
2026-02-10 16:09:56,542; INFO; pypromice.io.write; Writing to files...
2026-02-10 16:10:03,077; INFO; pypromice.io.write; Written to /media/ice/Baptiste/geussnow01/aws-dev/L2_test/raw/KAN_U/KAN_U_hour.csv
2026-02-10 16:10:03,078; INFO; pypromice.io.write; Written to /media/ice/Baptiste/geussnow01/aws-dev/L2_test/raw/KAN_U/KAN_U_hour.nc

 ======== test join_l2 ========= 

2026-02-10 16:10:06,345; INFO; pypromice.pipeline.join_l2; KAN_U array loaded from /media/ice/Baptiste/geussnow01/aws-dev/L2_test/raw/KAN_U/KAN_U_hour.nc
2026-02-10 16:10:06,698; INFO; pypromice.pipeline.join_l2; KAN_U array loaded from /media/ice/Baptiste/geussnow01/aws-dev/L2_test/tx/KAN_U/KAN_U_hour.nc
2026-02-10 16:10:06,698; INFO; pypromice.pipeline.join_l2; Combining /media/ice/Baptiste/geussnow01/aws-dev/L2_test/raw/KAN_U/KAN_U_hour.nc with /media/ice/Baptiste/geussnow01/aws-dev/L2_test/tx/KAN_U/KAN_U_hour.nc...
2026-02-10 16:10:07,103; INFO; pypromice.io.write; Writing to files...
2026-02-10 16:10:14,604; INFO; pypromice.io.write; Written to /media/ice/Baptiste/geussnow01/aws-dev/L2_test/level_2/KAN_U/KAN_U_hour.csv
2026-02-10 16:10:14,605; INFO; pypromice.io.write; Written to /media/ice/Baptiste/geussnow01/aws-dev/L2_test/level_2/KAN_U/KAN_U_hour.nc
2026-02-10 16:10:14,605; INFO; pypromice.pipeline.join_l2; Files saved to /media/ice/Baptiste/geussnow01/aws-dev/L2_test/level_2/KAN_U...

 ======== test l2tol3 ========= 

2026-02-10 16:10:15,858; WARNING; root; data_issues_path is missing. Using default data issues path: ../PROMICE-AWS-data-issues
2026-02-10 16:10:22,030; INFO; pypromice.pipeline.L2toL3; processing gps_lat with relocation on 2023-06-09T04:00:00
2026-02-10 16:10:22,046; INFO; pypromice.pipeline.L2toL3; processing gps_lon with relocation on 2023-06-09T04:00:00
2026-02-10 16:10:22,058; INFO; pypromice.pipeline.L2toL3; processing gps_alt with relocation on 2023-06-09T04:00:00
2026-02-10 16:10:22,127; INFO; pypromice.core.qc.github_data_issues; Using file: ../PROMICE-AWS-data-issues/adjustments/KAN_U.csv
2026-02-10 16:10:22,150; DEBUG; pypromice.core.qc.github_data_issues; ---> 2015-05-05 00:00:00 None z_surf_1 add 1.9
2026-02-10 16:10:22,151; DEBUG; pypromice.core.qc.github_data_issues; ---> 2018-07-01 00:00:00 None z_surf_1 add 1.5
2026-02-10 16:10:22,152; DEBUG; pypromice.core.qc.github_data_issues; ---> 2021-08-19 00:00:00 None z_surf_1 add 1.0
2026-02-10 16:10:22,153; DEBUG; pypromice.core.qc.github_data_issues; ---> 2023-06-09 00:00:00 None z_surf_1 add 3.0
2026-02-10 16:10:22,154; DEBUG; pypromice.core.qc.github_data_issues; ---> 2024-05-28 00:00:00 None z_surf_1 add 1.35
2026-02-10 16:10:22,156; DEBUG; pypromice.core.qc.github_data_issues; ---> 2012-08-27 00:00:00 None z_surf_2 add -0.5
2026-02-10 16:10:22,157; DEBUG; pypromice.core.qc.github_data_issues; ---> 2014-07-29 00:00:00 None z_surf_2 add 1.2
2026-02-10 16:10:22,158; DEBUG; pypromice.core.qc.github_data_issues; ---> 2016-04-26 00:00:00 None z_surf_2 add 0.9
2026-02-10 16:10:22,159; DEBUG; pypromice.core.qc.github_data_issues; ---> 2018-08-28 00:00:00 None z_surf_2 add 1.0
2026-02-10 16:10:22,160; DEBUG; pypromice.core.qc.github_data_issues; ---> 2021-08-19 00:00:00 None z_surf_2 add 1.0
2026-02-10 16:10:22,161; DEBUG; pypromice.core.qc.github_data_issues; ---> 2023-06-01 00:00:00 None z_surf_2 add 2.7
2026-02-10 16:10:22,162; DEBUG; pypromice.core.qc.github_data_issues; ---> 2024-05-28 00:00:00 None z_surf_2 add -0.15
2026-02-10 16:10:22,163; INFO; pypromice.pipeline.L2toL3; Combining surface height
2026-02-10 16:10:22,163; INFO; pypromice.pipeline.L2toL3; -> did not find z_ice_surf
2026-02-10 16:10:22,164; INFO; pypromice.pipeline.L2toL3; -> no z_pt or accumulation site: averaging z_surf_1 and z_surf_2
2026-02-10 16:10:22,534; INFO; pypromice.pipeline.L2toL3; Calculating thermistor depth
2026-02-10 16:10:22,781; INFO; pypromice.pipeline.L2toL3; interpolating 10 m firn/ice temperature (on hourly values)
2026-02-10 16:10:42,391; WARNING; pypromice.pipeline.resample; Dropping QC columns because they are of type object and cannot be resampled
2026-02-10 16:10:43,365; INFO; pypromice.io.write; Resampling to 60min
2026-02-10 16:10:43,643; INFO; pypromice.io.write; Writing to files...
2026-02-10 16:10:51,624; INFO; pypromice.io.write; Written to /media/ice/Baptiste/geussnow01/aws-dev/L3_test/stations/KAN_U/KAN_U_hour.csv
2026-02-10 16:10:51,625; INFO; pypromice.io.write; Written to /media/ice/Baptiste/geussnow01/aws-dev/L3_test/stations/KAN_U/KAN_U_hour.nc
2026-02-10 16:10:51,642; WARNING; pypromice.pipeline.resample; Dropping QC columns because they are of type object and cannot be resampled
2026-02-10 16:10:51,996; INFO; pypromice.io.write; Resampling to 1D
2026-02-10 16:10:52,177; INFO; pypromice.io.write; Writing to files...
2026-02-10 16:10:52,941; INFO; pypromice.io.write; Written to /media/ice/Baptiste/geussnow01/aws-dev/L3_test/stations/KAN_U/KAN_U_day.csv
2026-02-10 16:10:52,941; INFO; pypromice.io.write; Written to /media/ice/Baptiste/geussnow01/aws-dev/L3_test/stations/KAN_U/KAN_U_day.nc
2026-02-10 16:10:52,958; WARNING; pypromice.pipeline.resample; Dropping QC columns because they are of type object and cannot be resampled
2026-02-10 16:10:53,353; INFO; pypromice.io.write; Resampling to MS
2026-02-10 16:10:53,600; INFO; pypromice.io.write; Writing to files...
2026-02-10 16:10:53,766; INFO; pypromice.io.write; Written to /media/ice/Baptiste/geussnow01/aws-dev/L3_test/stations/KAN_U/KAN_U_month.csv
2026-02-10 16:10:53,766; INFO; pypromice.io.write; Written to /media/ice/Baptiste/geussnow01/aws-dev/L3_test/stations/KAN_U/KAN_U_month.nc
