KPC_U

 ======== test get_l2 ========= 

2026-02-10 16:02:04,362; DEBUG; pypromice.pipeline.aws; AWS(config_file=../aws-l0//tx/config/KPC_U.toml, inpath=../aws-l0//tx/, data_issues_repository=../PROMICE-AWS-data-issues, var_file=None, meta_file=None)
2026-02-10 16:02:04,433; DEBUG; pypromice.pipeline.aws; Source information: {'pypromice': '1.5.1', 'l0_config_file': 'KPC_U.toml:4bdadcfd32851bd1d43433658ee1f333a340ed01', 'l0_data_root': '4bdadcfd32851bd1d43433658ee1f333a340ed01', 'data_issues': 'a469096a07c8232cfb9c3d702402eeec79075bfb'}
2026-02-10 16:02:04,623; INFO; pypromice.io.ingest.l0; Detected L0 file type 'csv_default' for ../aws-l0/tx/KPC_U_300234066319330_1.txt
2026-02-10 16:02:04,753; INFO; pypromice.io.ingest.l0; L0 data successfully loaded from KPC_U_300234066319330_1.txt
2026-02-10 16:02:04,761; INFO; pypromice.pipeline.aws; Level 1 processing...
2026-02-10 16:02:05,567; INFO; pypromice.pipeline.aws; Level 2 processing...
2026-02-10 16:02:06,595; DEBUG; pypromice.core.qc.persistence; Running persistence_qc using {'t_i': {'max_diff': 0.0001, 'period': 2}, 't_u': {'max_diff': 0.0001, 'period': 2}, 't_l': {'max_diff': 0.0001, 'period': 2}, 'p_i': {'max_diff': 0.0001, 'period': 3}, 'p_u': {'max_diff': 0.0001, 'period': 150}, 'p_l': {'max_diff': 0.0001, 'period': 150}, 'gps_lat_lon': {'max_diff': 1e-06, 'period': 6}, 'gps_alt': {'max_diff': 0.0001, 'period': 6}, 't_rad': {'max_diff': 0.0001, 'period': 2}, 'rh_i': {'max_diff': 0.0001, 'period': 2}, 'rh_u': {'max_diff': 0.0001, 'period': 2}, 'rh_l': {'max_diff': 0.0001, 'period': 2}, 'wspd_i': {'max_diff': 0.0001, 'period': 6}, 'wspd_u': {'max_diff': 0.0001, 'period': 6}, 'wspd_l': {'max_diff': 0.0001, 'period': 6}}
2026-02-10 16:02:07,155; INFO; pypromice.core.qc.rate_of_change_filter; ROC filter on p_u (tol=1.0, factor=2.0): filtering 0/30948
2026-02-10 16:02:07,526; INFO; pypromice.core.qc.rate_of_change_filter; ROC filter on t_u (tol=3.0, factor=2.2): filtering 1/30948
2026-02-10 16:02:07,922; INFO; pypromice.core.qc.rate_of_change_filter; ROC filter on t_u (tol=3.0, factor=2.2): filtering 0/30948
2026-02-10 16:02:07,966; INFO; pypromice.core.qc.rate_of_change_filter; ROC filter on rh_u (tol=2.0, factor=3.5): filtering 0/30948
2026-02-10 16:02:08,331; INFO; pypromice.core.qc.rate_of_change_filter; ROC filter on wspd_u (tol=0.5, factor=2.0): filtering 5/30948
2026-02-10 16:02:08,697; INFO; pypromice.core.qc.rate_of_change_filter; ROC filter on wspd_u (tol=0.5, factor=2.0): filtering 4/30948
2026-02-10 16:02:08,717; INFO; pypromice.core.qc.rate_of_change_filter; ROC filter on t_i_1 (tol=0.5, factor=1.5): filtering 19/30948
2026-02-10 16:02:09,058; INFO; pypromice.core.qc.rate_of_change_filter; ROC filter on t_i_1 (tol=0.5, factor=1.5): filtering 0/30948
2026-02-10 16:02:09,077; INFO; pypromice.core.qc.rate_of_change_filter; ROC filter on t_i_2 (tol=0.5, factor=1.5): filtering 32/30948
2026-02-10 16:02:09,414; INFO; pypromice.core.qc.rate_of_change_filter; ROC filter on t_i_2 (tol=0.5, factor=1.5): filtering 2/30948
2026-02-10 16:02:09,439; INFO; pypromice.core.qc.rate_of_change_filter; ROC filter on t_i_3 (tol=0.5, factor=1.5): filtering 22/30948
2026-02-10 16:02:09,784; INFO; pypromice.core.qc.rate_of_change_filter; ROC filter on t_i_3 (tol=0.5, factor=1.5): filtering 0/30948
2026-02-10 16:02:09,803; INFO; pypromice.core.qc.rate_of_change_filter; ROC filter on t_i_4 (tol=0.5, factor=1.5): filtering 28/30948
2026-02-10 16:02:10,133; INFO; pypromice.core.qc.rate_of_change_filter; ROC filter on t_i_4 (tol=0.5, factor=1.5): filtering 4/30948
2026-02-10 16:02:10,153; INFO; pypromice.core.qc.rate_of_change_filter; ROC filter on t_i_5 (tol=0.5, factor=1.5): filtering 27/30948
2026-02-10 16:02:10,549; INFO; pypromice.core.qc.rate_of_change_filter; ROC filter on t_i_5 (tol=0.5, factor=1.5): filtering 1/30948
2026-02-10 16:02:10,568; INFO; pypromice.core.qc.rate_of_change_filter; ROC filter on t_i_6 (tol=0.5, factor=1.5): filtering 21/30948
2026-02-10 16:02:10,902; INFO; pypromice.core.qc.rate_of_change_filter; ROC filter on t_i_6 (tol=0.5, factor=1.5): filtering 2/30948
2026-02-10 16:02:10,921; INFO; pypromice.core.qc.rate_of_change_filter; ROC filter on t_i_7 (tol=0.5, factor=1.5): filtering 31/30948
2026-02-10 16:02:11,250; INFO; pypromice.core.qc.rate_of_change_filter; ROC filter on t_i_7 (tol=0.5, factor=1.5): filtering 1/30948
2026-02-10 16:02:11,270; INFO; pypromice.core.qc.rate_of_change_filter; ROC filter on t_i_8 (tol=0.5, factor=1.5): filtering 20/30948
2026-02-10 16:02:11,600; INFO; pypromice.core.qc.rate_of_change_filter; ROC filter on t_i_8 (tol=0.5, factor=1.5): filtering 1/30948
2026-02-10 16:02:11,620; INFO; pypromice.core.qc.rate_of_change_filter; ROC filter on p_i (tol=1.0, factor=2.0): filtering 0/30948
2026-02-10 16:02:11,960; INFO; pypromice.core.qc.rate_of_change_filter; ROC filter on t_i (tol=3.0, factor=2.2): filtering 0/30948
2026-02-10 16:02:12,295; INFO; pypromice.core.qc.rate_of_change_filter; ROC filter on rh_i (tol=2.0, factor=3.5): filtering 0/30948
2026-02-10 16:02:12,639; INFO; pypromice.core.qc.rate_of_change_filter; ROC filter on wspd_i (tol=0.5, factor=2.0): filtering 0/30948
2026-02-10 16:02:13,281; INFO; pypromice.core.qc.github_data_issues; Using file: ../PROMICE-AWS-data-issues/adjustments/KPC_U.csv
2026-02-10 16:02:13,824; INFO; pypromice.core.qc.github_data_issues; Using file: ../PROMICE-AWS-data-issues/flags/KPC_U.csv
2026-02-10 16:02:13,843; DEBUG; pypromice.core.qc.github_data_issues; ---> flagging 2008-10-10 00:00:00 2008-10-15 00:00:00 dlr with RIME, flagged 0/30948
2026-02-10 16:02:13,849; DEBUG; pypromice.core.qc.github_data_issues; ---> flagging 2008-10-10 00:00:00 2008-10-15 00:00:00 ulr with RIME, flagged 0/30948
2026-02-10 16:02:13,851; DEBUG; pypromice.core.qc.github_data_issues; ---> flagging 2008-10-10 00:00:00 2008-10-15 00:00:00 dsr with RIME, flagged 0/30948
2026-02-10 16:02:13,854; DEBUG; pypromice.core.qc.github_data_issues; ---> flagging 2008-10-10 00:00:00 2008-10-15 00:00:00 usr with RIME, flagged 0/30948
2026-02-10 16:02:13,858; DEBUG; pypromice.core.qc.github_data_issues; ---> flagging 2008-12-10 00:00:00 2008-12-12 00:00:00 dlr with RIME, flagged 0/30948
2026-02-10 16:02:13,861; DEBUG; pypromice.core.qc.github_data_issues; ---> flagging 2008-12-10 00:00:00 2008-12-12 00:00:00 ulr with RIME, flagged 0/30948
2026-02-10 16:02:13,863; DEBUG; pypromice.core.qc.github_data_issues; ---> flagging 2008-12-10 00:00:00 2008-12-12 00:00:00 dsr with RIME, flagged 0/30948
2026-02-10 16:02:13,866; DEBUG; pypromice.core.qc.github_data_issues; ---> flagging 2008-12-10 00:00:00 2008-12-12 00:00:00 usr with RIME, flagged 0/30948
2026-02-10 16:02:13,870; DEBUG; pypromice.core.qc.github_data_issues; ---> flagging 2008-12-18 00:00:00 2008-12-21 00:00:00 dlr with RIME, flagged 0/30948
2026-02-10 16:02:13,873; DEBUG; pypromice.core.qc.github_data_issues; ---> flagging 2008-12-18 00:00:00 2008-12-21 00:00:00 ulr with RIME, flagged 0/30948
2026-02-10 16:02:13,876; DEBUG; pypromice.core.qc.github_data_issues; ---> flagging 2008-12-18 00:00:00 2008-12-21 00:00:00 dsr with RIME, flagged 0/30948
2026-02-10 16:02:13,878; DEBUG; pypromice.core.qc.github_data_issues; ---> flagging 2008-12-18 00:00:00 2008-12-21 00:00:00 usr with RIME, flagged 0/30948
2026-02-10 16:02:13,930; DEBUG; pypromice.core.qc.github_data_issues; ---> flagging 2009-01-21 00:00:00 2009-01-28 00:00:00 dlr with RIME, flagged 0/30948
2026-02-10 16:02:13,934; DEBUG; pypromice.core.qc.github_data_issues; ---> flagging 2009-01-21 00:00:00 2009-01-28 00:00:00 ulr with RIME, flagged 0/30948
2026-02-10 16:02:13,937; DEBUG; pypromice.core.qc.github_data_issues; ---> flagging 2009-01-21 00:00:00 2009-01-28 00:00:00 dsr with RIME, flagged 0/30948
2026-02-10 16:02:13,940; DEBUG; pypromice.core.qc.github_data_issues; ---> flagging 2009-01-21 00:00:00 2009-01-28 00:00:00 usr with RIME, flagged 0/30948
2026-02-10 16:02:13,944; DEBUG; pypromice.core.qc.github_data_issues; ---> flagging 2009-01-31 00:00:00 2009-03-01 00:00:00 dlr with RIME, flagged 0/30948
2026-02-10 16:02:13,947; DEBUG; pypromice.core.qc.github_data_issues; ---> flagging 2009-01-31 00:00:00 2009-03-01 00:00:00 ulr with RIME, flagged 0/30948
2026-02-10 16:02:13,950; DEBUG; pypromice.core.qc.github_data_issues; ---> flagging 2009-01-31 00:00:00 2009-03-01 00:00:00 dsr with RIME, flagged 0/30948
2026-02-10 16:02:13,953; DEBUG; pypromice.core.qc.github_data_issues; ---> flagging 2009-01-31 00:00:00 2009-03-01 00:00:00 usr with RIME, flagged 0/30948
2026-02-10 16:02:13,957; DEBUG; pypromice.core.qc.github_data_issues; ---> flagging 2009-03-04 00:00:00 2009-03-10 00:00:00 dlr with RIME, flagged 0/30948
2026-02-10 16:02:13,960; DEBUG; pypromice.core.qc.github_data_issues; ---> flagging 2009-03-04 00:00:00 2009-03-10 00:00:00 ulr with RIME, flagged 0/30948
2026-02-10 16:02:13,963; DEBUG; pypromice.core.qc.github_data_issues; ---> flagging 2009-03-04 00:00:00 2009-03-10 00:00:00 dsr with RIME, flagged 0/30948
2026-02-10 16:02:13,965; DEBUG; pypromice.core.qc.github_data_issues; ---> flagging 2009-03-04 00:00:00 2009-03-10 00:00:00 usr with RIME, flagged 0/30948
2026-02-10 16:02:13,969; DEBUG; pypromice.core.qc.github_data_issues; ---> flagging 2009-09-17 00:00:00 2009-09-20 00:00:00 dlr with RIME, flagged 0/30948
2026-02-10 16:02:13,972; DEBUG; pypromice.core.qc.github_data_issues; ---> flagging 2009-09-17 00:00:00 2009-09-20 00:00:00 ulr with RIME, flagged 0/30948
2026-02-10 16:02:13,975; DEBUG; pypromice.core.qc.github_data_issues; ---> flagging 2009-09-17 00:00:00 2009-09-20 00:00:00 dsr with RIME, flagged 0/30948
2026-02-10 16:02:13,978; DEBUG; pypromice.core.qc.github_data_issues; ---> flagging 2009-09-17 00:00:00 2009-09-20 00:00:00 usr with RIME, flagged 0/30948
2026-02-10 16:02:13,982; DEBUG; pypromice.core.qc.github_data_issues; ---> flagging 2009-10-11 00:00:00 2009-10-14 00:00:00 dlr with RIME, flagged 0/30948
2026-02-10 16:02:13,985; DEBUG; pypromice.core.qc.github_data_issues; ---> flagging 2009-10-11 00:00:00 2009-10-14 00:00:00 ulr with RIME, flagged 0/30948
2026-02-10 16:02:13,988; DEBUG; pypromice.core.qc.github_data_issues; ---> flagging 2009-10-11 00:00:00 2009-10-14 00:00:00 dsr with RIME, flagged 0/30948
2026-02-10 16:02:13,992; DEBUG; pypromice.core.qc.github_data_issues; ---> flagging 2009-10-11 00:00:00 2009-10-14 00:00:00 usr with RIME, flagged 0/30948
2026-02-10 16:02:13,995; DEBUG; pypromice.core.qc.github_data_issues; ---> flagging 2009-12-01 00:00:00 2009-12-04 00:00:00 dlr with RIME, flagged 0/30948
2026-02-10 16:02:13,998; DEBUG; pypromice.core.qc.github_data_issues; ---> flagging 2009-12-01 00:00:00 2009-12-04 00:00:00 ulr with RIME, flagged 0/30948
2026-02-10 16:02:14,002; DEBUG; pypromice.core.qc.github_data_issues; ---> flagging 2009-12-01 00:00:00 2009-12-04 00:00:00 dsr with RIME, flagged 0/30948
2026-02-10 16:02:14,005; DEBUG; pypromice.core.qc.github_data_issues; ---> flagging 2009-12-01 00:00:00 2009-12-04 00:00:00 usr with RIME, flagged 0/30948
2026-02-10 16:02:14,009; DEBUG; pypromice.core.qc.github_data_issues; ---> flagging 2009-12-07 00:00:00 2009-12-09 00:00:00 dlr with RIME, flagged 0/30948
2026-02-10 16:02:14,012; DEBUG; pypromice.core.qc.github_data_issues; ---> flagging 2009-12-07 00:00:00 2009-12-09 00:00:00 ulr with RIME, flagged 0/30948
2026-02-10 16:02:14,015; DEBUG; pypromice.core.qc.github_data_issues; ---> flagging 2009-12-07 00:00:00 2009-12-09 00:00:00 dsr with RIME, flagged 0/30948
2026-02-10 16:02:14,017; DEBUG; pypromice.core.qc.github_data_issues; ---> flagging 2009-12-07 00:00:00 2009-12-09 00:00:00 usr with RIME, flagged 0/30948
2026-02-10 16:02:14,021; DEBUG; pypromice.core.qc.github_data_issues; ---> flagging 2009-12-24 00:00:00 2009-12-26 00:00:00 dlr with RIME, flagged 0/30948
2026-02-10 16:02:14,024; DEBUG; pypromice.core.qc.github_data_issues; ---> flagging 2009-12-24 00:00:00 2009-12-26 00:00:00 ulr with RIME, flagged 0/30948
2026-02-10 16:02:14,027; DEBUG; pypromice.core.qc.github_data_issues; ---> flagging 2009-12-24 00:00:00 2009-12-26 00:00:00 dsr with RIME, flagged 0/30948
2026-02-10 16:02:14,031; DEBUG; pypromice.core.qc.github_data_issues; ---> flagging 2009-12-24 00:00:00 2009-12-26 00:00:00 usr with RIME, flagged 0/30948
2026-02-10 16:02:14,034; DEBUG; pypromice.core.qc.github_data_issues; ---> flagging 2010-02-09 00:00:00 2010-02-13 00:00:00 dlr with RIME, flagged 0/30948
2026-02-10 16:02:14,037; DEBUG; pypromice.core.qc.github_data_issues; ---> flagging 2010-02-09 00:00:00 2010-02-13 00:00:00 ulr with RIME, flagged 0/30948
2026-02-10 16:02:14,040; DEBUG; pypromice.core.qc.github_data_issues; ---> flagging 2010-02-09 00:00:00 2010-02-13 00:00:00 dsr with RIME, flagged 0/30948
2026-02-10 16:02:14,043; DEBUG; pypromice.core.qc.github_data_issues; ---> flagging 2010-02-09 00:00:00 2010-02-13 00:00:00 usr with RIME, flagged 0/30948
2026-02-10 16:02:14,046; DEBUG; pypromice.core.qc.github_data_issues; ---> flagging 2010-02-21 00:00:00 2010-03-06 00:00:00 dlr with RIME, flagged 0/30948
2026-02-10 16:02:14,049; DEBUG; pypromice.core.qc.github_data_issues; ---> flagging 2010-02-21 00:00:00 2010-03-06 00:00:00 ulr with RIME, flagged 0/30948
2026-02-10 16:02:14,052; DEBUG; pypromice.core.qc.github_data_issues; ---> flagging 2010-02-21 00:00:00 2010-03-06 00:00:00 dsr with RIME, flagged 0/30948
2026-02-10 16:02:14,055; DEBUG; pypromice.core.qc.github_data_issues; ---> flagging 2010-02-21 00:00:00 2010-03-06 00:00:00 usr with RIME, flagged 0/30948
2026-02-10 16:02:14,058; DEBUG; pypromice.core.qc.github_data_issues; ---> flagging 2010-09-18 00:00:00 2010-09-20 00:00:00 dlr with RIME, flagged 0/30948
2026-02-10 16:02:14,061; DEBUG; pypromice.core.qc.github_data_issues; ---> flagging 2010-09-18 00:00:00 2010-09-20 00:00:00 ulr with RIME, flagged 0/30948
2026-02-10 16:02:14,064; DEBUG; pypromice.core.qc.github_data_issues; ---> flagging 2010-09-18 00:00:00 2010-09-20 00:00:00 dsr with RIME, flagged 0/30948
2026-02-10 16:02:14,067; DEBUG; pypromice.core.qc.github_data_issues; ---> flagging 2010-09-18 00:00:00 2010-09-20 00:00:00 usr with RIME, flagged 0/30948
2026-02-10 16:02:14,071; DEBUG; pypromice.core.qc.github_data_issues; ---> flagging 2010-10-22 00:00:00 2010-11-06 00:00:00 dlr with RIME, flagged 0/30948
2026-02-10 16:02:14,073; DEBUG; pypromice.core.qc.github_data_issues; ---> flagging 2010-10-22 00:00:00 2010-11-06 00:00:00 ulr with RIME, flagged 0/30948
2026-02-10 16:02:14,076; DEBUG; pypromice.core.qc.github_data_issues; ---> flagging 2010-10-22 00:00:00 2010-11-06 00:00:00 dsr with RIME, flagged 0/30948
2026-02-10 16:02:14,079; DEBUG; pypromice.core.qc.github_data_issues; ---> flagging 2010-10-22 00:00:00 2010-11-06 00:00:00 usr with RIME, flagged 0/30948
2026-02-10 16:02:14,083; DEBUG; pypromice.core.qc.github_data_issues; ---> flagging 2010-12-08 00:00:00 2010-12-10 00:00:00 dlr with RIME, flagged 0/30948
2026-02-10 16:02:14,086; DEBUG; pypromice.core.qc.github_data_issues; ---> flagging 2010-12-08 00:00:00 2010-12-10 00:00:00 ulr with RIME, flagged 0/30948
2026-02-10 16:02:14,089; DEBUG; pypromice.core.qc.github_data_issues; ---> flagging 2010-12-08 00:00:00 2010-12-10 00:00:00 dsr with RIME, flagged 0/30948
2026-02-10 16:02:14,091; DEBUG; pypromice.core.qc.github_data_issues; ---> flagging 2010-12-08 00:00:00 2010-12-10 00:00:00 usr with RIME, flagged 0/30948
2026-02-10 16:02:14,095; DEBUG; pypromice.core.qc.github_data_issues; ---> flagging 2010-12-21 00:00:00 2010-12-23 00:00:00 dlr with RIME, flagged 0/30948
2026-02-10 16:02:14,099; DEBUG; pypromice.core.qc.github_data_issues; ---> flagging 2010-12-21 00:00:00 2010-12-23 00:00:00 ulr with RIME, flagged 0/30948
2026-02-10 16:02:14,101; DEBUG; pypromice.core.qc.github_data_issues; ---> flagging 2010-12-21 00:00:00 2010-12-23 00:00:00 dsr with RIME, flagged 0/30948
2026-02-10 16:02:14,104; DEBUG; pypromice.core.qc.github_data_issues; ---> flagging 2010-12-21 00:00:00 2010-12-23 00:00:00 usr with RIME, flagged 0/30948
2026-02-10 16:02:14,108; DEBUG; pypromice.core.qc.github_data_issues; ---> flagging 2011-01-11 00:00:00 2011-01-13 00:00:00 dlr with RIME, flagged 0/30948
2026-02-10 16:02:14,111; DEBUG; pypromice.core.qc.github_data_issues; ---> flagging 2011-01-11 00:00:00 2011-01-13 00:00:00 ulr with RIME, flagged 0/30948
2026-02-10 16:02:14,114; DEBUG; pypromice.core.qc.github_data_issues; ---> flagging 2011-01-11 00:00:00 2011-01-13 00:00:00 dsr with RIME, flagged 0/30948
2026-02-10 16:02:14,117; DEBUG; pypromice.core.qc.github_data_issues; ---> flagging 2011-01-11 00:00:00 2011-01-13 00:00:00 usr with RIME, flagged 0/30948
2026-02-10 16:02:14,120; DEBUG; pypromice.core.qc.github_data_issues; ---> flagging 2011-02-07 00:00:00 2011-02-09 00:00:00 dlr with RIME, flagged 0/30948
2026-02-10 16:02:14,123; DEBUG; pypromice.core.qc.github_data_issues; ---> flagging 2011-02-07 00:00:00 2011-02-09 00:00:00 ulr with RIME, flagged 0/30948
2026-02-10 16:02:14,126; DEBUG; pypromice.core.qc.github_data_issues; ---> flagging 2011-02-07 00:00:00 2011-02-09 00:00:00 dsr with RIME, flagged 0/30948
2026-02-10 16:02:14,129; DEBUG; pypromice.core.qc.github_data_issues; ---> flagging 2011-02-07 00:00:00 2011-02-09 00:00:00 usr with RIME, flagged 0/30948
2026-02-10 16:02:14,133; DEBUG; pypromice.core.qc.github_data_issues; ---> flagging 2011-10-03 00:00:00 2011-10-06 00:00:00 dlr with RIME, flagged 0/30948
2026-02-10 16:02:14,135; DEBUG; pypromice.core.qc.github_data_issues; ---> flagging 2011-10-03 00:00:00 2011-10-06 00:00:00 ulr with RIME, flagged 0/30948
2026-02-10 16:02:14,139; DEBUG; pypromice.core.qc.github_data_issues; ---> flagging 2011-10-03 00:00:00 2011-10-06 00:00:00 dsr with RIME, flagged 0/30948
2026-02-10 16:02:14,141; DEBUG; pypromice.core.qc.github_data_issues; ---> flagging 2011-10-03 00:00:00 2011-10-06 00:00:00 usr with RIME, flagged 0/30948
2026-02-10 16:02:14,145; DEBUG; pypromice.core.qc.github_data_issues; ---> flagging 2011-10-11 00:00:00 2011-10-14 00:00:00 dlr with RIME, flagged 0/30948
2026-02-10 16:02:14,149; DEBUG; pypromice.core.qc.github_data_issues; ---> flagging 2011-10-11 00:00:00 2011-10-14 00:00:00 ulr with RIME, flagged 0/30948
2026-02-10 16:02:14,152; DEBUG; pypromice.core.qc.github_data_issues; ---> flagging 2011-10-11 00:00:00 2011-10-14 00:00:00 dsr with RIME, flagged 0/30948
2026-02-10 16:02:14,155; DEBUG; pypromice.core.qc.github_data_issues; ---> flagging 2011-10-11 00:00:00 2011-10-14 00:00:00 usr with RIME, flagged 0/30948
2026-02-10 16:02:14,159; DEBUG; pypromice.core.qc.github_data_issues; ---> flagging 2011-10-19 00:00:00 2011-10-22 00:00:00 dlr with RIME, flagged 0/30948
2026-02-10 16:02:14,162; DEBUG; pypromice.core.qc.github_data_issues; ---> flagging 2011-10-19 00:00:00 2011-10-22 00:00:00 ulr with RIME, flagged 0/30948
2026-02-10 16:02:14,165; DEBUG; pypromice.core.qc.github_data_issues; ---> flagging 2011-10-19 00:00:00 2011-10-22 00:00:00 dsr with RIME, flagged 0/30948
2026-02-10 16:02:14,168; DEBUG; pypromice.core.qc.github_data_issues; ---> flagging 2011-10-19 00:00:00 2011-10-22 00:00:00 usr with RIME, flagged 0/30948
2026-02-10 16:02:14,171; DEBUG; pypromice.core.qc.github_data_issues; ---> flagging 2011-11-20 00:00:00 2011-11-23 00:00:00 dlr with RIME, flagged 0/30948
2026-02-10 16:02:14,174; DEBUG; pypromice.core.qc.github_data_issues; ---> flagging 2011-11-20 00:00:00 2011-11-23 00:00:00 ulr with RIME, flagged 0/30948
2026-02-10 16:02:14,178; DEBUG; pypromice.core.qc.github_data_issues; ---> flagging 2011-11-20 00:00:00 2011-11-23 00:00:00 dsr with RIME, flagged 0/30948
2026-02-10 16:02:14,181; DEBUG; pypromice.core.qc.github_data_issues; ---> flagging 2011-11-20 00:00:00 2011-11-23 00:00:00 usr with RIME, flagged 0/30948
2026-02-10 16:02:14,185; DEBUG; pypromice.core.qc.github_data_issues; ---> flagging 2011-11-29 00:00:00 2011-12-09 00:00:00 dlr with RIME, flagged 0/30948
2026-02-10 16:02:14,188; DEBUG; pypromice.core.qc.github_data_issues; ---> flagging 2011-11-29 00:00:00 2011-12-09 00:00:00 ulr with RIME, flagged 0/30948
2026-02-10 16:02:14,191; DEBUG; pypromice.core.qc.github_data_issues; ---> flagging 2011-11-29 00:00:00 2011-12-09 00:00:00 dsr with RIME, flagged 0/30948
2026-02-10 16:02:14,194; DEBUG; pypromice.core.qc.github_data_issues; ---> flagging 2011-11-29 00:00:00 2011-12-09 00:00:00 usr with RIME, flagged 0/30948
2026-02-10 16:02:14,198; DEBUG; pypromice.core.qc.github_data_issues; ---> flagging 2011-12-27 00:00:00 2011-12-31 00:00:00 dlr with RIME, flagged 0/30948
2026-02-10 16:02:14,201; DEBUG; pypromice.core.qc.github_data_issues; ---> flagging 2011-12-27 00:00:00 2011-12-31 00:00:00 ulr with RIME, flagged 0/30948
2026-02-10 16:02:14,204; DEBUG; pypromice.core.qc.github_data_issues; ---> flagging 2011-12-27 00:00:00 2011-12-31 00:00:00 dsr with RIME, flagged 0/30948
2026-02-10 16:02:14,207; DEBUG; pypromice.core.qc.github_data_issues; ---> flagging 2011-12-27 00:00:00 2011-12-31 00:00:00 usr with RIME, flagged 0/30948
2026-02-10 16:02:14,210; DEBUG; pypromice.core.qc.github_data_issues; ---> flagging 2012-01-13 00:00:00 2012-01-15 00:00:00 dlr with RIME, flagged 0/30948
2026-02-10 16:02:14,214; DEBUG; pypromice.core.qc.github_data_issues; ---> flagging 2012-01-13 00:00:00 2012-01-15 00:00:00 ulr with RIME, flagged 0/30948
2026-02-10 16:02:14,216; DEBUG; pypromice.core.qc.github_data_issues; ---> flagging 2012-01-13 00:00:00 2012-01-15 00:00:00 dsr with RIME, flagged 0/30948
2026-02-10 16:02:14,219; DEBUG; pypromice.core.qc.github_data_issues; ---> flagging 2012-01-13 00:00:00 2012-01-15 00:00:00 usr with RIME, flagged 0/30948
2026-02-10 16:02:14,222; DEBUG; pypromice.core.qc.github_data_issues; ---> flagging 2012-02-08 00:00:00 2012-02-11 00:00:00 dlr with RIME, flagged 0/30948
2026-02-10 16:02:14,225; DEBUG; pypromice.core.qc.github_data_issues; ---> flagging 2012-02-08 00:00:00 2012-02-11 00:00:00 ulr with RIME, flagged 0/30948
2026-02-10 16:02:14,228; DEBUG; pypromice.core.qc.github_data_issues; ---> flagging 2012-02-08 00:00:00 2012-02-11 00:00:00 dsr with RIME, flagged 0/30948
2026-02-10 16:02:14,231; DEBUG; pypromice.core.qc.github_data_issues; ---> flagging 2012-02-08 00:00:00 2012-02-11 00:00:00 usr with RIME, flagged 0/30948
2026-02-10 16:02:14,234; DEBUG; pypromice.core.qc.github_data_issues; ---> flagging 2012-02-19 00:00:00 2012-02-24 00:00:00 dlr with RIME, flagged 0/30948
2026-02-10 16:02:14,237; DEBUG; pypromice.core.qc.github_data_issues; ---> flagging 2012-02-19 00:00:00 2012-02-24 00:00:00 ulr with RIME, flagged 0/30948
2026-02-10 16:02:14,240; DEBUG; pypromice.core.qc.github_data_issues; ---> flagging 2012-02-19 00:00:00 2012-02-24 00:00:00 dsr with RIME, flagged 0/30948
2026-02-10 16:02:14,243; DEBUG; pypromice.core.qc.github_data_issues; ---> flagging 2012-02-19 00:00:00 2012-02-24 00:00:00 usr with RIME, flagged 0/30948
2026-02-10 16:02:14,246; DEBUG; pypromice.core.qc.github_data_issues; ---> flagging 2012-03-01 00:00:00 2012-03-04 00:00:00 dlr with RIME, flagged 0/30948
2026-02-10 16:02:14,249; DEBUG; pypromice.core.qc.github_data_issues; ---> flagging 2012-03-01 00:00:00 2012-03-04 00:00:00 ulr with RIME, flagged 0/30948
2026-02-10 16:02:14,252; DEBUG; pypromice.core.qc.github_data_issues; ---> flagging 2012-03-01 00:00:00 2012-03-04 00:00:00 dsr with RIME, flagged 0/30948
2026-02-10 16:02:14,255; DEBUG; pypromice.core.qc.github_data_issues; ---> flagging 2012-03-01 00:00:00 2012-03-04 00:00:00 usr with RIME, flagged 0/30948
2026-02-10 16:02:14,259; DEBUG; pypromice.core.qc.github_data_issues; ---> flagging 2012-03-19 00:00:00 2012-03-24 00:00:00 dlr with RIME, flagged 0/30948
2026-02-10 16:02:14,261; DEBUG; pypromice.core.qc.github_data_issues; ---> flagging 2012-03-19 00:00:00 2012-03-24 00:00:00 ulr with RIME, flagged 0/30948
2026-02-10 16:02:14,264; DEBUG; pypromice.core.qc.github_data_issues; ---> flagging 2012-03-19 00:00:00 2012-03-24 00:00:00 dsr with RIME, flagged 0/30948
2026-02-10 16:02:14,267; DEBUG; pypromice.core.qc.github_data_issues; ---> flagging 2012-03-19 00:00:00 2012-03-24 00:00:00 usr with RIME, flagged 0/30948
2026-02-10 16:02:14,270; DEBUG; pypromice.core.qc.github_data_issues; ---> flagging 2012-11-27 00:00:00 2012-12-09 00:00:00 dlr with RIME, flagged 0/30948
2026-02-10 16:02:14,273; DEBUG; pypromice.core.qc.github_data_issues; ---> flagging 2012-11-27 00:00:00 2012-12-09 00:00:00 ulr with RIME, flagged 0/30948
2026-02-10 16:02:14,276; DEBUG; pypromice.core.qc.github_data_issues; ---> flagging 2012-11-27 00:00:00 2012-12-09 00:00:00 dsr with RIME, flagged 0/30948
2026-02-10 16:02:14,279; DEBUG; pypromice.core.qc.github_data_issues; ---> flagging 2012-11-27 00:00:00 2012-12-09 00:00:00 usr with RIME, flagged 0/30948
2026-02-10 16:02:14,282; DEBUG; pypromice.core.qc.github_data_issues; ---> flagging 2013-01-17 00:00:00 2013-01-20 00:00:00 dlr with RIME, flagged 0/30948
2026-02-10 16:02:14,285; DEBUG; pypromice.core.qc.github_data_issues; ---> flagging 2013-01-17 00:00:00 2013-01-20 00:00:00 ulr with RIME, flagged 0/30948
2026-02-10 16:02:14,288; DEBUG; pypromice.core.qc.github_data_issues; ---> flagging 2013-01-17 00:00:00 2013-01-20 00:00:00 dsr with RIME, flagged 0/30948
2026-02-10 16:02:14,291; DEBUG; pypromice.core.qc.github_data_issues; ---> flagging 2013-01-17 00:00:00 2013-01-20 00:00:00 usr with RIME, flagged 0/30948
2026-02-10 16:02:14,294; DEBUG; pypromice.core.qc.github_data_issues; ---> flagging 2013-01-24 00:00:00 2013-02-05 00:00:00 dlr with RIME, flagged 0/30948
2026-02-10 16:02:14,297; DEBUG; pypromice.core.qc.github_data_issues; ---> flagging 2013-01-24 00:00:00 2013-02-05 00:00:00 ulr with RIME, flagged 0/30948
2026-02-10 16:02:14,300; DEBUG; pypromice.core.qc.github_data_issues; ---> flagging 2013-01-24 00:00:00 2013-02-05 00:00:00 dsr with RIME, flagged 0/30948
2026-02-10 16:02:14,303; DEBUG; pypromice.core.qc.github_data_issues; ---> flagging 2013-01-24 00:00:00 2013-02-05 00:00:00 usr with RIME, flagged 0/30948
2026-02-10 16:02:14,306; DEBUG; pypromice.core.qc.github_data_issues; ---> flagging 2013-09-22 00:00:00 2013-09-25 00:00:00 dlr with RIME, flagged 0/30948
2026-02-10 16:02:14,309; DEBUG; pypromice.core.qc.github_data_issues; ---> flagging 2013-09-22 00:00:00 2013-09-25 00:00:00 ulr with RIME, flagged 0/30948
2026-02-10 16:02:14,312; DEBUG; pypromice.core.qc.github_data_issues; ---> flagging 2013-09-22 00:00:00 2013-09-25 00:00:00 dsr with RIME, flagged 0/30948
2026-02-10 16:02:14,315; DEBUG; pypromice.core.qc.github_data_issues; ---> flagging 2013-09-22 00:00:00 2013-09-25 00:00:00 usr with RIME, flagged 0/30948
2026-02-10 16:02:14,319; DEBUG; pypromice.core.qc.github_data_issues; ---> flagging 2013-09-30 00:00:00 2013-10-14 00:00:00 dlr with RIME, flagged 0/30948
2026-02-10 16:02:14,322; DEBUG; pypromice.core.qc.github_data_issues; ---> flagging 2013-09-30 00:00:00 2013-10-14 00:00:00 ulr with RIME, flagged 0/30948
2026-02-10 16:02:14,324; DEBUG; pypromice.core.qc.github_data_issues; ---> flagging 2013-09-30 00:00:00 2013-10-14 00:00:00 dsr with RIME, flagged 0/30948
2026-02-10 16:02:14,327; DEBUG; pypromice.core.qc.github_data_issues; ---> flagging 2013-09-30 00:00:00 2013-10-14 00:00:00 usr with RIME, flagged 0/30948
2026-02-10 16:02:14,331; DEBUG; pypromice.core.qc.github_data_issues; ---> flagging 2013-12-17 00:00:00 2014-01-09 00:00:00 dlr with RIME, flagged 0/30948
2026-02-10 16:02:14,334; DEBUG; pypromice.core.qc.github_data_issues; ---> flagging 2013-12-17 00:00:00 2014-01-09 00:00:00 ulr with RIME, flagged 0/30948
2026-02-10 16:02:14,337; DEBUG; pypromice.core.qc.github_data_issues; ---> flagging 2013-12-17 00:00:00 2014-01-09 00:00:00 dsr with RIME, flagged 0/30948
2026-02-10 16:02:14,340; DEBUG; pypromice.core.qc.github_data_issues; ---> flagging 2013-12-17 00:00:00 2014-01-09 00:00:00 usr with RIME, flagged 0/30948
2026-02-10 16:02:14,343; DEBUG; pypromice.core.qc.github_data_issues; ---> flagging 2014-02-04 00:00:00 2014-02-20 00:00:00 dlr with RIME, flagged 0/30948
2026-02-10 16:02:14,346; DEBUG; pypromice.core.qc.github_data_issues; ---> flagging 2014-02-04 00:00:00 2014-02-20 00:00:00 ulr with RIME, flagged 0/30948
2026-02-10 16:02:14,349; DEBUG; pypromice.core.qc.github_data_issues; ---> flagging 2014-02-04 00:00:00 2014-02-20 00:00:00 dsr with RIME, flagged 0/30948
2026-02-10 16:02:14,352; DEBUG; pypromice.core.qc.github_data_issues; ---> flagging 2014-02-04 00:00:00 2014-02-20 00:00:00 usr with RIME, flagged 0/30948
2026-02-10 16:02:14,355; DEBUG; pypromice.core.qc.github_data_issues; ---> flagging 2014-02-28 00:00:00 2014-03-02 00:00:00 dlr with RIME, flagged 0/30948
2026-02-10 16:02:14,358; DEBUG; pypromice.core.qc.github_data_issues; ---> flagging 2014-02-28 00:00:00 2014-03-02 00:00:00 ulr with RIME, flagged 0/30948
2026-02-10 16:02:14,361; DEBUG; pypromice.core.qc.github_data_issues; ---> flagging 2014-02-28 00:00:00 2014-03-02 00:00:00 dsr with RIME, flagged 0/30948
2026-02-10 16:02:14,364; DEBUG; pypromice.core.qc.github_data_issues; ---> flagging 2014-02-28 00:00:00 2014-03-02 00:00:00 usr with RIME, flagged 0/30948
2026-02-10 16:02:14,367; DEBUG; pypromice.core.qc.github_data_issues; ---> flagging 2014-10-15 00:00:00 2014-10-22 00:00:00 dlr with RIME, flagged 0/30948
2026-02-10 16:02:14,370; DEBUG; pypromice.core.qc.github_data_issues; ---> flagging 2014-10-15 00:00:00 2014-10-22 00:00:00 ulr with RIME, flagged 0/30948
2026-02-10 16:02:14,373; DEBUG; pypromice.core.qc.github_data_issues; ---> flagging 2014-10-15 00:00:00 2014-10-22 00:00:00 dsr with RIME, flagged 0/30948
2026-02-10 16:02:14,376; DEBUG; pypromice.core.qc.github_data_issues; ---> flagging 2014-10-15 00:00:00 2014-10-22 00:00:00 usr with RIME, flagged 0/30948
2026-02-10 16:02:14,379; DEBUG; pypromice.core.qc.github_data_issues; ---> flagging 2014-12-04 00:00:00 2014-12-10 00:00:00 dlr with RIME, flagged 0/30948
2026-02-10 16:02:14,382; DEBUG; pypromice.core.qc.github_data_issues; ---> flagging 2014-12-04 00:00:00 2014-12-10 00:00:00 ulr with RIME, flagged 0/30948
2026-02-10 16:02:14,385; DEBUG; pypromice.core.qc.github_data_issues; ---> flagging 2014-12-04 00:00:00 2014-12-10 00:00:00 dsr with RIME, flagged 0/30948
2026-02-10 16:02:14,388; DEBUG; pypromice.core.qc.github_data_issues; ---> flagging 2014-12-04 00:00:00 2014-12-10 00:00:00 usr with RIME, flagged 0/30948
2026-02-10 16:02:14,391; DEBUG; pypromice.core.qc.github_data_issues; ---> flagging 2014-12-29 00:00:00 2015-01-03 00:00:00 dlr with RIME, flagged 0/30948
2026-02-10 16:02:14,394; DEBUG; pypromice.core.qc.github_data_issues; ---> flagging 2014-12-29 00:00:00 2015-01-03 00:00:00 ulr with RIME, flagged 0/30948
2026-02-10 16:02:14,397; DEBUG; pypromice.core.qc.github_data_issues; ---> flagging 2014-12-29 00:00:00 2015-01-03 00:00:00 dsr with RIME, flagged 0/30948
2026-02-10 16:02:14,400; DEBUG; pypromice.core.qc.github_data_issues; ---> flagging 2014-12-29 00:00:00 2015-01-03 00:00:00 usr with RIME, flagged 0/30948
2026-02-10 16:02:14,403; DEBUG; pypromice.core.qc.github_data_issues; ---> flagging 2015-09-01 00:00:00 2015-09-03 00:00:00 dlr with RIME, flagged 0/30948
2026-02-10 16:02:14,406; DEBUG; pypromice.core.qc.github_data_issues; ---> flagging 2015-09-01 00:00:00 2015-09-03 00:00:00 ulr with RIME, flagged 0/30948
2026-02-10 16:02:14,409; DEBUG; pypromice.core.qc.github_data_issues; ---> flagging 2015-09-01 00:00:00 2015-09-03 00:00:00 dsr with RIME, flagged 0/30948
2026-02-10 16:02:14,412; DEBUG; pypromice.core.qc.github_data_issues; ---> flagging 2015-09-01 00:00:00 2015-09-03 00:00:00 usr with RIME, flagged 0/30948
2026-02-10 16:02:14,416; DEBUG; pypromice.core.qc.github_data_issues; ---> flagging 2016-01-08 00:00:00 2016-01-11 00:00:00 dlr with RIME, flagged 0/30948
2026-02-10 16:02:14,419; DEBUG; pypromice.core.qc.github_data_issues; ---> flagging 2016-01-08 00:00:00 2016-01-11 00:00:00 ulr with RIME, flagged 0/30948
2026-02-10 16:02:14,421; DEBUG; pypromice.core.qc.github_data_issues; ---> flagging 2016-01-08 00:00:00 2016-01-11 00:00:00 dsr with RIME, flagged 0/30948
2026-02-10 16:02:14,424; DEBUG; pypromice.core.qc.github_data_issues; ---> flagging 2016-01-08 00:00:00 2016-01-11 00:00:00 usr with RIME, flagged 0/30948
2026-02-10 16:02:14,428; DEBUG; pypromice.core.qc.github_data_issues; ---> flagging 2016-01-28 00:00:00 2016-02-01 00:00:00 dlr with RIME, flagged 0/30948
2026-02-10 16:02:14,431; DEBUG; pypromice.core.qc.github_data_issues; ---> flagging 2016-01-28 00:00:00 2016-02-01 00:00:00 ulr with RIME, flagged 0/30948
2026-02-10 16:02:14,433; DEBUG; pypromice.core.qc.github_data_issues; ---> flagging 2016-01-28 00:00:00 2016-02-01 00:00:00 dsr with RIME, flagged 0/30948
2026-02-10 16:02:14,436; DEBUG; pypromice.core.qc.github_data_issues; ---> flagging 2016-01-28 00:00:00 2016-02-01 00:00:00 usr with RIME, flagged 0/30948
2026-02-10 16:02:14,440; DEBUG; pypromice.core.qc.github_data_issues; ---> flagging 2017-11-30 00:00:00 2017-12-05 00:00:00 dlr with RIME, flagged 0/30948
2026-02-10 16:02:14,443; DEBUG; pypromice.core.qc.github_data_issues; ---> flagging 2017-11-30 00:00:00 2017-12-05 00:00:00 ulr with RIME, flagged 0/30948
2026-02-10 16:02:14,445; DEBUG; pypromice.core.qc.github_data_issues; ---> flagging 2017-11-30 00:00:00 2017-12-05 00:00:00 dsr with RIME, flagged 0/30948
2026-02-10 16:02:14,448; DEBUG; pypromice.core.qc.github_data_issues; ---> flagging 2017-11-30 00:00:00 2017-12-05 00:00:00 usr with RIME, flagged 0/30948
2026-02-10 16:02:14,452; DEBUG; pypromice.core.qc.github_data_issues; ---> flagging 2018-01-22 00:00:00 2018-02-03 00:00:00 dlr with RIME, flagged 0/30948
2026-02-10 16:02:14,454; DEBUG; pypromice.core.qc.github_data_issues; ---> flagging 2018-01-22 00:00:00 2018-02-03 00:00:00 ulr with RIME, flagged 0/30948
2026-02-10 16:02:14,457; DEBUG; pypromice.core.qc.github_data_issues; ---> flagging 2018-01-22 00:00:00 2018-02-03 00:00:00 dsr with RIME, flagged 0/30948
2026-02-10 16:02:14,460; DEBUG; pypromice.core.qc.github_data_issues; ---> flagging 2018-01-22 00:00:00 2018-02-03 00:00:00 usr with RIME, flagged 0/30948
2026-02-10 16:02:14,463; DEBUG; pypromice.core.qc.github_data_issues; ---> flagging 2018-02-15 00:00:00 2018-02-19 00:00:00 dlr with RIME, flagged 0/30948
2026-02-10 16:02:14,466; DEBUG; pypromice.core.qc.github_data_issues; ---> flagging 2018-02-15 00:00:00 2018-02-19 00:00:00 ulr with RIME, flagged 0/30948
2026-02-10 16:02:14,469; DEBUG; pypromice.core.qc.github_data_issues; ---> flagging 2018-02-15 00:00:00 2018-02-19 00:00:00 dsr with RIME, flagged 0/30948
2026-02-10 16:02:14,472; DEBUG; pypromice.core.qc.github_data_issues; ---> flagging 2018-02-15 00:00:00 2018-02-19 00:00:00 usr with RIME, flagged 0/30948
2026-02-10 16:02:14,476; DEBUG; pypromice.core.qc.github_data_issues; ---> flagging 2018-03-09 00:00:00 2018-03-15 00:00:00 dlr with RIME, flagged 0/30948
2026-02-10 16:02:14,479; DEBUG; pypromice.core.qc.github_data_issues; ---> flagging 2018-03-09 00:00:00 2018-03-15 00:00:00 ulr with RIME, flagged 0/30948
2026-02-10 16:02:14,481; DEBUG; pypromice.core.qc.github_data_issues; ---> flagging 2018-03-09 00:00:00 2018-03-15 00:00:00 dsr with RIME, flagged 0/30948
2026-02-10 16:02:14,484; DEBUG; pypromice.core.qc.github_data_issues; ---> flagging 2018-03-09 00:00:00 2018-03-15 00:00:00 usr with RIME, flagged 0/30948
2026-02-10 16:02:14,488; DEBUG; pypromice.core.qc.github_data_issues; ---> flagging 2018-09-21 00:00:00 2018-09-25 00:00:00 dlr with RIME, flagged 0/30948
2026-02-10 16:02:14,491; DEBUG; pypromice.core.qc.github_data_issues; ---> flagging 2018-09-21 00:00:00 2018-09-25 00:00:00 ulr with RIME, flagged 0/30948
2026-02-10 16:02:14,494; DEBUG; pypromice.core.qc.github_data_issues; ---> flagging 2018-09-21 00:00:00 2018-09-25 00:00:00 dsr with RIME, flagged 0/30948
2026-02-10 16:02:14,497; DEBUG; pypromice.core.qc.github_data_issues; ---> flagging 2018-09-21 00:00:00 2018-09-25 00:00:00 usr with RIME, flagged 0/30948
2026-02-10 16:02:14,500; DEBUG; pypromice.core.qc.github_data_issues; ---> flagging 2018-10-17 00:00:00 2018-10-20 00:00:00 dlr with RIME, flagged 0/30948
2026-02-10 16:02:14,503; DEBUG; pypromice.core.qc.github_data_issues; ---> flagging 2018-10-17 00:00:00 2018-10-20 00:00:00 ulr with RIME, flagged 0/30948
2026-02-10 16:02:14,506; DEBUG; pypromice.core.qc.github_data_issues; ---> flagging 2018-10-17 00:00:00 2018-10-20 00:00:00 dsr with RIME, flagged 0/30948
2026-02-10 16:02:14,508; DEBUG; pypromice.core.qc.github_data_issues; ---> flagging 2018-10-17 00:00:00 2018-10-20 00:00:00 usr with RIME, flagged 0/30948
2026-02-10 16:02:14,512; DEBUG; pypromice.core.qc.github_data_issues; ---> flagging 2018-11-06 00:00:00 2018-11-08 00:00:00 dlr with RIME, flagged 0/30948
2026-02-10 16:02:14,515; DEBUG; pypromice.core.qc.github_data_issues; ---> flagging 2018-11-06 00:00:00 2018-11-08 00:00:00 ulr with RIME, flagged 0/30948
2026-02-10 16:02:14,517; DEBUG; pypromice.core.qc.github_data_issues; ---> flagging 2018-11-06 00:00:00 2018-11-08 00:00:00 dsr with RIME, flagged 0/30948
2026-02-10 16:02:14,520; DEBUG; pypromice.core.qc.github_data_issues; ---> flagging 2018-11-06 00:00:00 2018-11-08 00:00:00 usr with RIME, flagged 0/30948
2026-02-10 16:02:14,524; DEBUG; pypromice.core.qc.github_data_issues; ---> flagging 2019-01-17 00:00:00 2019-01-23 00:00:00 dlr with RIME, flagged 0/30948
2026-02-10 16:02:14,527; DEBUG; pypromice.core.qc.github_data_issues; ---> flagging 2019-01-17 00:00:00 2019-01-23 00:00:00 ulr with RIME, flagged 0/30948
2026-02-10 16:02:14,530; DEBUG; pypromice.core.qc.github_data_issues; ---> flagging 2019-01-17 00:00:00 2019-01-23 00:00:00 dsr with RIME, flagged 0/30948
2026-02-10 16:02:14,533; DEBUG; pypromice.core.qc.github_data_issues; ---> flagging 2019-01-17 00:00:00 2019-01-23 00:00:00 usr with RIME, flagged 0/30948
2026-02-10 16:02:14,536; DEBUG; pypromice.core.qc.github_data_issues; ---> flagging 2019-02-03 00:00:00 2019-02-06 00:00:00 dlr with RIME, flagged 0/30948
2026-02-10 16:02:14,539; DEBUG; pypromice.core.qc.github_data_issues; ---> flagging 2019-02-03 00:00:00 2019-02-06 00:00:00 ulr with RIME, flagged 0/30948
2026-02-10 16:02:14,542; DEBUG; pypromice.core.qc.github_data_issues; ---> flagging 2019-02-03 00:00:00 2019-02-06 00:00:00 dsr with RIME, flagged 0/30948
2026-02-10 16:02:14,544; DEBUG; pypromice.core.qc.github_data_issues; ---> flagging 2019-02-03 00:00:00 2019-02-06 00:00:00 usr with RIME, flagged 0/30948
2026-02-10 16:02:14,550; DEBUG; pypromice.core.qc.github_data_issues; ---> flagging 2019-12-06 00:00:00 2019-12-16 00:00:00 dlr with RIME, flagged 11/30948
2026-02-10 16:02:14,554; DEBUG; pypromice.core.qc.github_data_issues; ---> flagging 2019-12-06 00:00:00 2019-12-16 00:00:00 ulr with RIME, flagged 11/30948
2026-02-10 16:02:14,559; DEBUG; pypromice.core.qc.github_data_issues; ---> flagging 2019-12-06 00:00:00 2019-12-16 00:00:00 dsr with RIME, flagged 11/30948
2026-02-10 16:02:14,563; DEBUG; pypromice.core.qc.github_data_issues; ---> flagging 2019-12-06 00:00:00 2019-12-16 00:00:00 usr with RIME, flagged 11/30948
2026-02-10 16:02:14,568; DEBUG; pypromice.core.qc.github_data_issues; ---> flagging 2020-10-21 00:00:00 2020-10-24 00:00:00 dlr with RIME, flagged 73/30948
2026-02-10 16:02:14,572; DEBUG; pypromice.core.qc.github_data_issues; ---> flagging 2020-10-21 00:00:00 2020-10-24 00:00:00 ulr with RIME, flagged 73/30948
2026-02-10 16:02:14,577; DEBUG; pypromice.core.qc.github_data_issues; ---> flagging 2020-10-21 00:00:00 2020-10-24 00:00:00 dsr with RIME, flagged 73/30948
2026-02-10 16:02:14,581; DEBUG; pypromice.core.qc.github_data_issues; ---> flagging 2020-10-21 00:00:00 2020-10-24 00:00:00 usr with RIME, flagged 73/30948
2026-02-10 16:02:14,586; DEBUG; pypromice.core.qc.github_data_issues; ---> flagging 2020-12-17 00:00:00 2020-12-25 00:00:00 dlr with RIME, flagged 9/30948
2026-02-10 16:02:14,590; DEBUG; pypromice.core.qc.github_data_issues; ---> flagging 2020-12-17 00:00:00 2020-12-25 00:00:00 ulr with RIME, flagged 9/30948
2026-02-10 16:02:14,595; DEBUG; pypromice.core.qc.github_data_issues; ---> flagging 2020-12-17 00:00:00 2020-12-25 00:00:00 dsr with RIME, flagged 9/30948
2026-02-10 16:02:14,599; DEBUG; pypromice.core.qc.github_data_issues; ---> flagging 2020-12-17 00:00:00 2020-12-25 00:00:00 usr with RIME, flagged 9/30948
2026-02-10 16:02:14,605; DEBUG; pypromice.core.qc.github_data_issues; ---> flagging 2021-01-16 00:00:00 2021-01-21 00:00:00 dlr with RIME, flagged 6/30948
2026-02-10 16:02:14,610; DEBUG; pypromice.core.qc.github_data_issues; ---> flagging 2021-01-16 00:00:00 2021-01-21 00:00:00 ulr with RIME, flagged 6/30948
2026-02-10 16:02:14,614; DEBUG; pypromice.core.qc.github_data_issues; ---> flagging 2021-01-16 00:00:00 2021-01-21 00:00:00 dsr with RIME, flagged 6/30948
2026-02-10 16:02:14,619; DEBUG; pypromice.core.qc.github_data_issues; ---> flagging 2021-01-16 00:00:00 2021-01-21 00:00:00 usr with RIME, flagged 6/30948
2026-02-10 16:02:14,624; DEBUG; pypromice.core.qc.github_data_issues; ---> flagging 2021-01-26 00:00:00 2021-01-28 00:00:00 dlr with RIME, flagged 3/30948
2026-02-10 16:02:14,628; DEBUG; pypromice.core.qc.github_data_issues; ---> flagging 2021-01-26 00:00:00 2021-01-28 00:00:00 ulr with RIME, flagged 3/30948
2026-02-10 16:02:14,633; DEBUG; pypromice.core.qc.github_data_issues; ---> flagging 2021-01-26 00:00:00 2021-01-28 00:00:00 dsr with RIME, flagged 3/30948
2026-02-10 16:02:14,637; DEBUG; pypromice.core.qc.github_data_issues; ---> flagging 2021-01-26 00:00:00 2021-01-28 00:00:00 usr with RIME, flagged 3/30948
2026-02-10 16:02:14,642; DEBUG; pypromice.core.qc.github_data_issues; ---> flagging 2021-11-19 00:00:00 2021-12-06 00:00:00 dlr with RIME, flagged 18/30948
2026-02-10 16:02:14,646; DEBUG; pypromice.core.qc.github_data_issues; ---> flagging 2021-11-19 00:00:00 2021-12-06 00:00:00 ulr with RIME, flagged 18/30948
2026-02-10 16:02:14,651; DEBUG; pypromice.core.qc.github_data_issues; ---> flagging 2021-11-19 00:00:00 2021-12-06 00:00:00 dsr with RIME, flagged 18/30948
2026-02-10 16:02:14,655; DEBUG; pypromice.core.qc.github_data_issues; ---> flagging 2021-11-19 00:00:00 2021-12-06 00:00:00 usr with RIME, flagged 18/30948
2026-02-10 16:02:14,660; DEBUG; pypromice.core.qc.github_data_issues; ---> flagging 2022-09-16 00:00:00 2022-09-21 00:00:00 dlr with RIME, flagged 121/30948
2026-02-10 16:02:14,665; DEBUG; pypromice.core.qc.github_data_issues; ---> flagging 2022-09-16 00:00:00 2022-09-21 00:00:00 ulr with RIME, flagged 121/30948
2026-02-10 16:02:14,669; DEBUG; pypromice.core.qc.github_data_issues; ---> flagging 2022-09-16 00:00:00 2022-09-21 00:00:00 dsr with RIME, flagged 121/30948
2026-02-10 16:02:14,674; DEBUG; pypromice.core.qc.github_data_issues; ---> flagging 2022-09-16 00:00:00 2022-09-21 00:00:00 usr with RIME, flagged 121/30948
2026-02-10 16:02:14,678; DEBUG; pypromice.core.qc.github_data_issues; ---> flagging 2022-10-01 00:00:00 2022-10-03 00:00:00 dlr with RIME, flagged 49/30948
2026-02-10 16:02:14,683; DEBUG; pypromice.core.qc.github_data_issues; ---> flagging 2022-10-01 00:00:00 2022-10-03 00:00:00 ulr with RIME, flagged 49/30948
2026-02-10 16:02:14,687; DEBUG; pypromice.core.qc.github_data_issues; ---> flagging 2022-10-01 00:00:00 2022-10-03 00:00:00 dsr with RIME, flagged 49/30948
2026-02-10 16:02:14,691; DEBUG; pypromice.core.qc.github_data_issues; ---> flagging 2022-10-01 00:00:00 2022-10-03 00:00:00 usr with RIME, flagged 49/30948
2026-02-10 16:02:14,696; DEBUG; pypromice.core.qc.github_data_issues; ---> flagging 2022-10-25 00:00:00 2022-10-27 00:00:00 dlr with RIME, flagged 48/30948
2026-02-10 16:02:14,700; DEBUG; pypromice.core.qc.github_data_issues; ---> flagging 2022-10-25 00:00:00 2022-10-27 00:00:00 ulr with RIME, flagged 48/30948
2026-02-10 16:02:14,704; DEBUG; pypromice.core.qc.github_data_issues; ---> flagging 2022-10-25 00:00:00 2022-10-27 00:00:00 dsr with RIME, flagged 48/30948
2026-02-10 16:02:14,709; DEBUG; pypromice.core.qc.github_data_issues; ---> flagging 2022-10-25 00:00:00 2022-10-27 00:00:00 usr with RIME, flagged 48/30948
2026-02-10 16:02:14,713; DEBUG; pypromice.core.qc.github_data_issues; ---> flagging 2023-10-13 00:00:00 2023-10-19 00:00:00 dlr with RIME, flagged 145/30948
2026-02-10 16:02:14,717; DEBUG; pypromice.core.qc.github_data_issues; ---> flagging 2023-10-13 00:00:00 2023-10-19 00:00:00 ulr with RIME, flagged 145/30948
2026-02-10 16:02:14,721; DEBUG; pypromice.core.qc.github_data_issues; ---> flagging 2023-10-13 00:00:00 2023-10-19 00:00:00 dsr with RIME, flagged 145/30948
2026-02-10 16:02:14,725; DEBUG; pypromice.core.qc.github_data_issues; ---> flagging 2023-10-13 00:00:00 2023-10-19 00:00:00 usr with RIME, flagged 145/30948
2026-02-10 16:02:14,730; DEBUG; pypromice.core.qc.github_data_issues; ---> flagging 2024-10-18 00:00:00 2024-10-20 00:00:00 dlr with RIME, flagged 49/30948
2026-02-10 16:02:14,734; DEBUG; pypromice.core.qc.github_data_issues; ---> flagging 2024-10-18 00:00:00 2024-10-20 00:00:00 ulr with RIME, flagged 49/30948
2026-02-10 16:02:14,738; DEBUG; pypromice.core.qc.github_data_issues; ---> flagging 2024-10-18 00:00:00 2024-10-20 00:00:00 dsr with RIME, flagged 49/30948
2026-02-10 16:02:14,742; DEBUG; pypromice.core.qc.github_data_issues; ---> flagging 2024-10-18 00:00:00 2024-10-20 00:00:00 usr with RIME, flagged 49/30948
2026-02-10 16:02:14,748; DEBUG; pypromice.core.qc.github_data_issues; ---> flagging 2019-06-28 00:00:00 2026-02-10 00:00:00 t_i_1 with NAN, flagged 30948/30948
2026-02-10 16:02:14,755; DEBUG; pypromice.core.qc.github_data_issues; ---> flagging 2019-06-28 00:00:00 2026-02-10 00:00:00 t_i_2 with NAN, flagged 30948/30948
2026-02-10 16:02:14,762; DEBUG; pypromice.core.qc.github_data_issues; ---> flagging 2019-06-28 00:00:00 2026-02-10 00:00:00 t_i_3 with NAN, flagged 30948/30948
2026-02-10 16:02:14,769; DEBUG; pypromice.core.qc.github_data_issues; ---> flagging 2019-06-28 00:00:00 2026-02-10 00:00:00 t_i_4 with NAN, flagged 30948/30948
2026-02-10 16:02:14,776; DEBUG; pypromice.core.qc.github_data_issues; ---> flagging 2019-06-28 00:00:00 2026-02-10 00:00:00 t_i_5 with NAN, flagged 30948/30948
2026-02-10 16:02:14,783; DEBUG; pypromice.core.qc.github_data_issues; ---> flagging 2019-06-28 00:00:00 2026-02-10 00:00:00 t_i_6 with NAN, flagged 30948/30948
2026-02-10 16:02:14,789; DEBUG; pypromice.core.qc.github_data_issues; ---> flagging 2019-06-28 00:00:00 2026-02-10 00:00:00 t_i_7 with NAN, flagged 30948/30948
2026-02-10 16:02:14,796; DEBUG; pypromice.core.qc.github_data_issues; ---> flagging 2019-06-28 00:00:00 2026-02-10 00:00:00 t_i_8 with NAN, flagged 30948/30948
2026-02-10 16:02:14,804; DEBUG; pypromice.core.qc.github_data_issues; ---> flagging 2020-04-05 00:00:00 2026-02-10 00:00:00 tilt_x with NAN, flagged 29726/30948
2026-02-10 16:02:14,809; DEBUG; pypromice.core.qc.github_data_issues; ---> flagging 2020-04-05 00:00:00 2026-02-10 00:00:00 tilt_y with NAN, flagged 29726/30948
2026-02-10 16:02:14,812; DEBUG; pypromice.core.qc.github_data_issues; ---> flagging 2019-07-03 00:00:00 2019-07-13 12:30:00 z_boom_u with NAN, flagged 0/30948
2026-02-10 16:02:14,818; DEBUG; pypromice.core.qc.github_data_issues; ---> flagging 2006-07-10 00:00:00 2026-02-10 00:00:00 z_pt_cor with NAN, flagged 30948/30948
2026-02-10 16:02:15,342; INFO; pypromice.core.qc.github_data_issues; Using file: ../PROMICE-AWS-data-issues/adjustments/KPC_U.csv
2026-02-10 16:02:15,360; DEBUG; pypromice.core.qc.github_data_issues; ---> None None gps_alt min_filter 800.0 flagged 0/30948
2026-02-10 16:02:15,365; DEBUG; pypromice.core.qc.github_data_issues; ---> None None gps_alt max_filter 1000.0 flagged 0/30948
2026-02-10 16:02:15,370; DEBUG; pypromice.core.qc.github_data_issues; ---> 2013-10-01 00:00:00 2020-10-01 00:00:00 gps_lat min_filter 79.833 flagged 0/30948
2026-02-10 16:02:15,374; DEBUG; pypromice.core.qc.github_data_issues; ---> None 2020-10-01 00:00:00 gps_lat max_filter 79.836 flagged 0/30948
2026-02-10 16:02:15,378; DEBUG; pypromice.core.qc.github_data_issues; ---> None 2020-10-01 00:00:00 gps_lon min_filter 25.16 flagged 0/30948
2026-02-10 16:02:15,383; DEBUG; pypromice.core.qc.github_data_issues; ---> None None gps_lon max_filter 25.178 flagged 0/30948
2026-02-10 16:02:15,389; DEBUG; pypromice.core.qc.github_data_issues; ---> None None t_i_1 min_filter -30.0 flagged 0/30948
2026-02-10 16:02:15,395; DEBUG; pypromice.core.qc.github_data_issues; ---> None None t_i_2 min_filter -30.0 flagged 0/30948
2026-02-10 16:02:15,401; DEBUG; pypromice.core.qc.github_data_issues; ---> None None t_i_3 min_filter -30.0 flagged 0/30948
2026-02-10 16:02:15,407; DEBUG; pypromice.core.qc.github_data_issues; ---> None None t_i_4 min_filter -30.0 flagged 0/30948
2026-02-10 16:02:15,413; DEBUG; pypromice.core.qc.github_data_issues; ---> None None t_i_5 min_filter -30.0 flagged 0/30948
2026-02-10 16:02:15,418; DEBUG; pypromice.core.qc.github_data_issues; ---> None None t_i_6 min_filter -30.0 flagged 0/30948
2026-02-10 16:02:15,424; DEBUG; pypromice.core.qc.github_data_issues; ---> None None t_i_7 min_filter -30.0 flagged 0/30948
2026-02-10 16:02:15,430; DEBUG; pypromice.core.qc.github_data_issues; ---> None None t_i_8 min_filter -30.0 flagged 0/30948
2026-02-10 16:02:15,435; DEBUG; pypromice.core.qc.github_data_issues; ---> None None z_boom_cor_u max_filter 2.8 flagged 1/30948
2026-02-10 16:02:15,441; DEBUG; pypromice.core.qc.github_data_issues; ---> None None z_stake_cor max_filter 2.0 flagged 0/30948
2026-02-10 16:02:15,442; INFO; pypromice.core.qc.github_data_issues; could not adjust z_surf_1 not in dataset
2026-02-10 16:02:15,442; INFO; pypromice.core.qc.github_data_issues; could not adjust z_surf_2 not in dataset
2026-02-10 16:02:17,836; WARNING; pypromice.pipeline.resample; Dropping QC columns because they are of type object and cannot be resampled
2026-02-10 16:02:18,831; INFO; pypromice.io.write; Resampling to 60min
2026-02-10 16:02:18,955; INFO; pypromice.io.write; Writing to files...
2026-02-10 16:02:21,715; INFO; pypromice.io.write; Written to /media/ice/Baptiste/geussnow01/aws-dev/L2_test/tx/KPC_U/KPC_U_hour.csv
2026-02-10 16:02:21,715; INFO; pypromice.io.write; Written to /media/ice/Baptiste/geussnow01/aws-dev/L2_test/tx/KPC_U/KPC_U_hour.nc
2026-02-10 16:02:21,716; DEBUG; pypromice.pipeline.aws; AWS(config_file=../aws-l0//raw/config/KPC_U.toml, inpath=../aws-l0//raw/KPC_U/, data_issues_repository=../PROMICE-AWS-data-issues, var_file=None, meta_file=None)
2026-02-10 16:02:21,763; DEBUG; pypromice.pipeline.aws; Source information: {'pypromice': '1.5.1', 'l0_config_file': 'KPC_U.toml:4bdadcfd32851bd1d43433658ee1f333a340ed01', 'l0_data_root': '4bdadcfd32851bd1d43433658ee1f333a340ed01', 'data_issues': 'a469096a07c8232cfb9c3d702402eeec79075bfb'}
2026-02-10 16:02:21,777; INFO; pypromice.io.ingest.l0; Detected L0 file type 'toa5' for ../aws-l0/raw/KPC_U/KPC_U_2012_raw.txt
2026-02-10 16:02:23,583; INFO; pypromice.io.ingest.l0; L0 data successfully loaded from KPC_U_2012_raw.txt
2026-02-10 16:02:23,590; INFO; pypromice.io.ingest.l0; Detected L0 file type 'toa5' for ../aws-l0/raw/KPC_U/KPC_U_2016_raw.txt
2026-02-10 16:02:24,267; INFO; pypromice.io.ingest.l0; Detected L0 file type 'toa5' for ../aws-l0/raw/KPC_U/KPC_U_2016_raw.txt
2026-02-10 16:02:25,490; INFO; pypromice.io.ingest.l0; L0 data successfully loaded from KPC_U_2016_raw.txt
2026-02-10 16:02:25,494; INFO; pypromice.io.ingest.l0; Detected L0 file type 'csv_default' for ../aws-l0/raw/KPC_U/KPC_U_2016_raw_transmitted_1.txt
2026-02-10 16:02:25,504; INFO; pypromice.io.ingest.l0; L0 data successfully loaded from KPC_U_2016_raw_transmitted_1.txt
2026-02-10 16:02:25,511; INFO; pypromice.io.ingest.l0; Detected L0 file type 'csv_default' for ../aws-l0/raw/KPC_U/KPC_U_2017_raw_transmitted.txt
2026-02-10 16:02:25,540; INFO; pypromice.io.ingest.l0; L0 data successfully loaded from KPC_U_2017_raw_transmitted.txt
2026-02-10 16:02:26,250; INFO; pypromice.io.ingest.l0; Detected L0 file type 'toa5' for ../aws-l0/raw/KPC_U/KPC_U_2019_raw_SlimTableMem.txt
2026-02-10 16:02:26,283; INFO; pypromice.io.ingest.l0; Detected L0 file type 'toa5' for ../aws-l0/raw/KPC_U/KPC_U_2019_raw_SlimTableMem.txt
2026-02-10 16:02:26,355; INFO; pypromice.io.ingest.l0; L0 data successfully loaded from KPC_U_2019_raw_SlimTableMem.txt
2026-02-10 16:02:26,361; INFO; pypromice.io.ingest.l0; Detected L0 file type 'toa5' for ../aws-l0/raw/KPC_U/KPC_U_2022_raw.txt
2026-02-10 16:02:26,823; INFO; pypromice.io.ingest.l0; Detected L0 file type 'toa5' for ../aws-l0/raw/KPC_U/KPC_U_2022_raw.txt
2026-02-10 16:02:27,654; INFO; pypromice.io.ingest.l0; L0 data successfully loaded from KPC_U_2022_raw.txt
2026-02-10 16:02:27,705; INFO; pypromice.pipeline.aws; Level 1 processing...
2026-02-10 16:02:45,544; INFO; pypromice.pipeline.aws; Level 2 processing...
2026-02-10 16:03:02,913; DEBUG; pypromice.core.qc.persistence; Running persistence_qc using {'t_i': {'max_diff': 0.0001, 'period': 2}, 't_u': {'max_diff': 0.0001, 'period': 2}, 't_l': {'max_diff': 0.0001, 'period': 2}, 'p_i': {'max_diff': 0.0001, 'period': 3}, 'p_u': {'max_diff': 0.0001, 'period': 150}, 'p_l': {'max_diff': 0.0001, 'period': 150}, 'gps_lat_lon': {'max_diff': 1e-06, 'period': 6}, 'gps_alt': {'max_diff': 0.0001, 'period': 6}, 't_rad': {'max_diff': 0.0001, 'period': 2}, 'rh_i': {'max_diff': 0.0001, 'period': 2}, 'rh_u': {'max_diff': 0.0001, 'period': 2}, 'rh_l': {'max_diff': 0.0001, 'period': 2}, 'wspd_i': {'max_diff': 0.0001, 'period': 6}, 'wspd_u': {'max_diff': 0.0001, 'period': 6}, 'wspd_l': {'max_diff': 0.0001, 'period': 6}}
2026-02-10 16:03:11,737; INFO; pypromice.core.qc.rate_of_change_filter; ROC filter on p_u (tol=1.0, factor=2.0): filtering 4/595321
2026-02-10 16:03:18,786; INFO; pypromice.core.qc.rate_of_change_filter; ROC filter on p_u (tol=1.0, factor=2.0): filtering 0/595321
2026-02-10 16:03:19,568; INFO; pypromice.core.qc.rate_of_change_filter; ROC filter on t_u (tol=3.0, factor=2.2): filtering 23/595321
2026-02-10 16:03:26,819; INFO; pypromice.core.qc.rate_of_change_filter; ROC filter on t_u (tol=3.0, factor=2.2): filtering 1/595321
2026-02-10 16:03:27,615; INFO; pypromice.core.qc.rate_of_change_filter; ROC filter on rh_u (tol=2.0, factor=3.5): filtering 36/595321
2026-02-10 16:03:34,857; INFO; pypromice.core.qc.rate_of_change_filter; ROC filter on rh_u (tol=2.0, factor=3.5): filtering 0/595321
2026-02-10 16:03:35,677; INFO; pypromice.core.qc.rate_of_change_filter; ROC filter on wspd_u (tol=0.5, factor=2.0): filtering 265/595321
2026-02-10 16:03:42,832; INFO; pypromice.core.qc.rate_of_change_filter; ROC filter on wspd_u (tol=0.5, factor=2.0): filtering 62/595321
2026-02-10 16:03:43,443; INFO; pypromice.core.qc.rate_of_change_filter; ROC filter on t_i_1 (tol=0.5, factor=1.5): filtering 813/595321
2026-02-10 16:03:50,508; INFO; pypromice.core.qc.rate_of_change_filter; ROC filter on t_i_1 (tol=0.5, factor=1.5): filtering 181/595321
2026-02-10 16:03:51,110; INFO; pypromice.core.qc.rate_of_change_filter; ROC filter on t_i_2 (tol=0.5, factor=1.5): filtering 950/595321
2026-02-10 16:03:58,295; INFO; pypromice.core.qc.rate_of_change_filter; ROC filter on t_i_2 (tol=0.5, factor=1.5): filtering 280/595321
2026-02-10 16:03:58,876; INFO; pypromice.core.qc.rate_of_change_filter; ROC filter on t_i_3 (tol=0.5, factor=1.5): filtering 840/595321
2026-02-10 16:04:06,084; INFO; pypromice.core.qc.rate_of_change_filter; ROC filter on t_i_3 (tol=0.5, factor=1.5): filtering 187/595321
2026-02-10 16:04:06,666; INFO; pypromice.core.qc.rate_of_change_filter; ROC filter on t_i_4 (tol=0.5, factor=1.5): filtering 951/595321
2026-02-10 16:04:13,678; INFO; pypromice.core.qc.rate_of_change_filter; ROC filter on t_i_4 (tol=0.5, factor=1.5): filtering 293/595321
2026-02-10 16:04:14,258; INFO; pypromice.core.qc.rate_of_change_filter; ROC filter on t_i_5 (tol=0.5, factor=1.5): filtering 852/595321
2026-02-10 16:04:21,223; INFO; pypromice.core.qc.rate_of_change_filter; ROC filter on t_i_5 (tol=0.5, factor=1.5): filtering 179/595321
2026-02-10 16:04:21,810; INFO; pypromice.core.qc.rate_of_change_filter; ROC filter on t_i_6 (tol=0.5, factor=1.5): filtering 952/595321
2026-02-10 16:04:28,757; INFO; pypromice.core.qc.rate_of_change_filter; ROC filter on t_i_6 (tol=0.5, factor=1.5): filtering 254/595321
2026-02-10 16:04:29,358; INFO; pypromice.core.qc.rate_of_change_filter; ROC filter on t_i_7 (tol=0.5, factor=1.5): filtering 814/595321
2026-02-10 16:04:36,330; INFO; pypromice.core.qc.rate_of_change_filter; ROC filter on t_i_7 (tol=0.5, factor=1.5): filtering 175/595321
2026-02-10 16:04:36,919; INFO; pypromice.core.qc.rate_of_change_filter; ROC filter on t_i_8 (tol=0.5, factor=1.5): filtering 1015/595321
2026-02-10 16:04:43,886; INFO; pypromice.core.qc.rate_of_change_filter; ROC filter on t_i_8 (tol=0.5, factor=1.5): filtering 249/595321
2026-02-10 16:04:43,973; INFO; pypromice.core.qc.rate_of_change_filter; ROC filter on p_i (tol=1.0, factor=2.0): filtering 0/595321
2026-02-10 16:04:50,450; INFO; pypromice.core.qc.rate_of_change_filter; ROC filter on t_i (tol=3.0, factor=2.2): filtering 0/595321
2026-02-10 16:04:56,944; INFO; pypromice.core.qc.rate_of_change_filter; ROC filter on rh_i (tol=2.0, factor=3.5): filtering 0/595321
2026-02-10 16:05:04,342; INFO; pypromice.core.qc.rate_of_change_filter; ROC filter on wspd_i (tol=0.5, factor=2.0): filtering 0/595321
2026-02-10 16:05:17,292; INFO; pypromice.core.qc.github_data_issues; Using file: ../PROMICE-AWS-data-issues/adjustments/KPC_U.csv
2026-02-10 16:05:27,312; INFO; pypromice.core.qc.github_data_issues; Using file: ../PROMICE-AWS-data-issues/flags/KPC_U.csv
2026-02-10 16:05:27,358; DEBUG; pypromice.core.qc.github_data_issues; ---> flagging 2008-10-10 00:00:00 2008-10-15 00:00:00 dlr with RIME, flagged 721/595321
2026-02-10 16:05:27,367; DEBUG; pypromice.core.qc.github_data_issues; ---> flagging 2008-10-10 00:00:00 2008-10-15 00:00:00 ulr with RIME, flagged 721/595321
2026-02-10 16:05:27,374; DEBUG; pypromice.core.qc.github_data_issues; ---> flagging 2008-10-10 00:00:00 2008-10-15 00:00:00 dsr with RIME, flagged 721/595321
2026-02-10 16:05:27,381; DEBUG; pypromice.core.qc.github_data_issues; ---> flagging 2008-10-10 00:00:00 2008-10-15 00:00:00 usr with RIME, flagged 721/595321
2026-02-10 16:05:27,389; DEBUG; pypromice.core.qc.github_data_issues; ---> flagging 2008-12-10 00:00:00 2008-12-12 00:00:00 dlr with RIME, flagged 289/595321
2026-02-10 16:05:27,393; DEBUG; pypromice.core.qc.github_data_issues; ---> flagging 2008-12-10 00:00:00 2008-12-12 00:00:00 ulr with RIME, flagged 289/595321
2026-02-10 16:05:27,397; DEBUG; pypromice.core.qc.github_data_issues; ---> flagging 2008-12-10 00:00:00 2008-12-12 00:00:00 dsr with RIME, flagged 289/595321
2026-02-10 16:05:27,402; DEBUG; pypromice.core.qc.github_data_issues; ---> flagging 2008-12-10 00:00:00 2008-12-12 00:00:00 usr with RIME, flagged 289/595321
2026-02-10 16:05:27,407; DEBUG; pypromice.core.qc.github_data_issues; ---> flagging 2008-12-18 00:00:00 2008-12-21 00:00:00 dlr with RIME, flagged 433/595321
2026-02-10 16:05:27,411; DEBUG; pypromice.core.qc.github_data_issues; ---> flagging 2008-12-18 00:00:00 2008-12-21 00:00:00 ulr with RIME, flagged 433/595321
2026-02-10 16:05:27,415; DEBUG; pypromice.core.qc.github_data_issues; ---> flagging 2008-12-18 00:00:00 2008-12-21 00:00:00 dsr with RIME, flagged 433/595321
2026-02-10 16:05:27,420; DEBUG; pypromice.core.qc.github_data_issues; ---> flagging 2008-12-18 00:00:00 2008-12-21 00:00:00 usr with RIME, flagged 433/595321
2026-02-10 16:05:27,425; DEBUG; pypromice.core.qc.github_data_issues; ---> flagging 2009-01-21 00:00:00 2009-01-28 00:00:00 dlr with RIME, flagged 1009/595321
2026-02-10 16:05:27,429; DEBUG; pypromice.core.qc.github_data_issues; ---> flagging 2009-01-21 00:00:00 2009-01-28 00:00:00 ulr with RIME, flagged 1009/595321
2026-02-10 16:05:27,434; DEBUG; pypromice.core.qc.github_data_issues; ---> flagging 2009-01-21 00:00:00 2009-01-28 00:00:00 dsr with RIME, flagged 1009/595321
2026-02-10 16:05:27,438; DEBUG; pypromice.core.qc.github_data_issues; ---> flagging 2009-01-21 00:00:00 2009-01-28 00:00:00 usr with RIME, flagged 1009/595321
2026-02-10 16:05:27,443; DEBUG; pypromice.core.qc.github_data_issues; ---> flagging 2009-01-31 00:00:00 2009-03-01 00:00:00 dlr with RIME, flagged 4177/595321
2026-02-10 16:05:27,447; DEBUG; pypromice.core.qc.github_data_issues; ---> flagging 2009-01-31 00:00:00 2009-03-01 00:00:00 ulr with RIME, flagged 4177/595321
2026-02-10 16:05:27,452; DEBUG; pypromice.core.qc.github_data_issues; ---> flagging 2009-01-31 00:00:00 2009-03-01 00:00:00 dsr with RIME, flagged 4177/595321
2026-02-10 16:05:27,456; DEBUG; pypromice.core.qc.github_data_issues; ---> flagging 2009-01-31 00:00:00 2009-03-01 00:00:00 usr with RIME, flagged 4177/595321
2026-02-10 16:05:27,461; DEBUG; pypromice.core.qc.github_data_issues; ---> flagging 2009-03-04 00:00:00 2009-03-10 00:00:00 dlr with RIME, flagged 865/595321
2026-02-10 16:05:27,465; DEBUG; pypromice.core.qc.github_data_issues; ---> flagging 2009-03-04 00:00:00 2009-03-10 00:00:00 ulr with RIME, flagged 865/595321
2026-02-10 16:05:27,470; DEBUG; pypromice.core.qc.github_data_issues; ---> flagging 2009-03-04 00:00:00 2009-03-10 00:00:00 dsr with RIME, flagged 865/595321
2026-02-10 16:05:27,474; DEBUG; pypromice.core.qc.github_data_issues; ---> flagging 2009-03-04 00:00:00 2009-03-10 00:00:00 usr with RIME, flagged 865/595321
2026-02-10 16:05:27,479; DEBUG; pypromice.core.qc.github_data_issues; ---> flagging 2009-09-17 00:00:00 2009-09-20 00:00:00 dlr with RIME, flagged 433/595321
2026-02-10 16:05:27,483; DEBUG; pypromice.core.qc.github_data_issues; ---> flagging 2009-09-17 00:00:00 2009-09-20 00:00:00 ulr with RIME, flagged 433/595321
2026-02-10 16:05:27,487; DEBUG; pypromice.core.qc.github_data_issues; ---> flagging 2009-09-17 00:00:00 2009-09-20 00:00:00 dsr with RIME, flagged 433/595321
2026-02-10 16:05:27,491; DEBUG; pypromice.core.qc.github_data_issues; ---> flagging 2009-09-17 00:00:00 2009-09-20 00:00:00 usr with RIME, flagged 433/595321
2026-02-10 16:05:27,496; DEBUG; pypromice.core.qc.github_data_issues; ---> flagging 2009-10-11 00:00:00 2009-10-14 00:00:00 dlr with RIME, flagged 433/595321
2026-02-10 16:05:27,501; DEBUG; pypromice.core.qc.github_data_issues; ---> flagging 2009-10-11 00:00:00 2009-10-14 00:00:00 ulr with RIME, flagged 433/595321
2026-02-10 16:05:27,505; DEBUG; pypromice.core.qc.github_data_issues; ---> flagging 2009-10-11 00:00:00 2009-10-14 00:00:00 dsr with RIME, flagged 433/595321
2026-02-10 16:05:27,509; DEBUG; pypromice.core.qc.github_data_issues; ---> flagging 2009-10-11 00:00:00 2009-10-14 00:00:00 usr with RIME, flagged 433/595321
2026-02-10 16:05:27,514; DEBUG; pypromice.core.qc.github_data_issues; ---> flagging 2009-12-01 00:00:00 2009-12-04 00:00:00 dlr with RIME, flagged 433/595321
2026-02-10 16:05:27,518; DEBUG; pypromice.core.qc.github_data_issues; ---> flagging 2009-12-01 00:00:00 2009-12-04 00:00:00 ulr with RIME, flagged 433/595321
2026-02-10 16:05:27,522; DEBUG; pypromice.core.qc.github_data_issues; ---> flagging 2009-12-01 00:00:00 2009-12-04 00:00:00 dsr with RIME, flagged 433/595321
2026-02-10 16:05:27,527; DEBUG; pypromice.core.qc.github_data_issues; ---> flagging 2009-12-01 00:00:00 2009-12-04 00:00:00 usr with RIME, flagged 433/595321
2026-02-10 16:05:27,531; DEBUG; pypromice.core.qc.github_data_issues; ---> flagging 2009-12-07 00:00:00 2009-12-09 00:00:00 dlr with RIME, flagged 289/595321
2026-02-10 16:05:27,536; DEBUG; pypromice.core.qc.github_data_issues; ---> flagging 2009-12-07 00:00:00 2009-12-09 00:00:00 ulr with RIME, flagged 289/595321
2026-02-10 16:05:27,540; DEBUG; pypromice.core.qc.github_data_issues; ---> flagging 2009-12-07 00:00:00 2009-12-09 00:00:00 dsr with RIME, flagged 289/595321
2026-02-10 16:05:27,544; DEBUG; pypromice.core.qc.github_data_issues; ---> flagging 2009-12-07 00:00:00 2009-12-09 00:00:00 usr with RIME, flagged 289/595321
2026-02-10 16:05:27,549; DEBUG; pypromice.core.qc.github_data_issues; ---> flagging 2009-12-24 00:00:00 2009-12-26 00:00:00 dlr with RIME, flagged 289/595321
2026-02-10 16:05:27,553; DEBUG; pypromice.core.qc.github_data_issues; ---> flagging 2009-12-24 00:00:00 2009-12-26 00:00:00 ulr with RIME, flagged 289/595321
2026-02-10 16:05:27,557; DEBUG; pypromice.core.qc.github_data_issues; ---> flagging 2009-12-24 00:00:00 2009-12-26 00:00:00 dsr with RIME, flagged 289/595321
2026-02-10 16:05:27,562; DEBUG; pypromice.core.qc.github_data_issues; ---> flagging 2009-12-24 00:00:00 2009-12-26 00:00:00 usr with RIME, flagged 289/595321
2026-02-10 16:05:27,566; DEBUG; pypromice.core.qc.github_data_issues; ---> flagging 2010-02-09 00:00:00 2010-02-13 00:00:00 dlr with RIME, flagged 577/595321
2026-02-10 16:05:27,571; DEBUG; pypromice.core.qc.github_data_issues; ---> flagging 2010-02-09 00:00:00 2010-02-13 00:00:00 ulr with RIME, flagged 577/595321
2026-02-10 16:05:27,575; DEBUG; pypromice.core.qc.github_data_issues; ---> flagging 2010-02-09 00:00:00 2010-02-13 00:00:00 dsr with RIME, flagged 577/595321
2026-02-10 16:05:27,579; DEBUG; pypromice.core.qc.github_data_issues; ---> flagging 2010-02-09 00:00:00 2010-02-13 00:00:00 usr with RIME, flagged 577/595321
2026-02-10 16:05:27,584; DEBUG; pypromice.core.qc.github_data_issues; ---> flagging 2010-02-21 00:00:00 2010-03-06 00:00:00 dlr with RIME, flagged 1873/595321
2026-02-10 16:05:27,588; DEBUG; pypromice.core.qc.github_data_issues; ---> flagging 2010-02-21 00:00:00 2010-03-06 00:00:00 ulr with RIME, flagged 1873/595321
2026-02-10 16:05:27,592; DEBUG; pypromice.core.qc.github_data_issues; ---> flagging 2010-02-21 00:00:00 2010-03-06 00:00:00 dsr with RIME, flagged 1873/595321
2026-02-10 16:05:27,597; DEBUG; pypromice.core.qc.github_data_issues; ---> flagging 2010-02-21 00:00:00 2010-03-06 00:00:00 usr with RIME, flagged 1873/595321
2026-02-10 16:05:27,602; DEBUG; pypromice.core.qc.github_data_issues; ---> flagging 2010-09-18 00:00:00 2010-09-20 00:00:00 dlr with RIME, flagged 289/595321
2026-02-10 16:05:27,606; DEBUG; pypromice.core.qc.github_data_issues; ---> flagging 2010-09-18 00:00:00 2010-09-20 00:00:00 ulr with RIME, flagged 289/595321
2026-02-10 16:05:27,610; DEBUG; pypromice.core.qc.github_data_issues; ---> flagging 2010-09-18 00:00:00 2010-09-20 00:00:00 dsr with RIME, flagged 289/595321
2026-02-10 16:05:27,614; DEBUG; pypromice.core.qc.github_data_issues; ---> flagging 2010-09-18 00:00:00 2010-09-20 00:00:00 usr with RIME, flagged 289/595321
2026-02-10 16:05:27,619; DEBUG; pypromice.core.qc.github_data_issues; ---> flagging 2010-10-22 00:00:00 2010-11-06 00:00:00 dlr with RIME, flagged 2161/595321
2026-02-10 16:05:27,624; DEBUG; pypromice.core.qc.github_data_issues; ---> flagging 2010-10-22 00:00:00 2010-11-06 00:00:00 ulr with RIME, flagged 2161/595321
2026-02-10 16:05:27,628; DEBUG; pypromice.core.qc.github_data_issues; ---> flagging 2010-10-22 00:00:00 2010-11-06 00:00:00 dsr with RIME, flagged 2161/595321
2026-02-10 16:05:27,632; DEBUG; pypromice.core.qc.github_data_issues; ---> flagging 2010-10-22 00:00:00 2010-11-06 00:00:00 usr with RIME, flagged 2161/595321
2026-02-10 16:05:27,637; DEBUG; pypromice.core.qc.github_data_issues; ---> flagging 2010-12-08 00:00:00 2010-12-10 00:00:00 dlr with RIME, flagged 289/595321
2026-02-10 16:05:27,641; DEBUG; pypromice.core.qc.github_data_issues; ---> flagging 2010-12-08 00:00:00 2010-12-10 00:00:00 ulr with RIME, flagged 289/595321
2026-02-10 16:05:27,646; DEBUG; pypromice.core.qc.github_data_issues; ---> flagging 2010-12-08 00:00:00 2010-12-10 00:00:00 dsr with RIME, flagged 289/595321
2026-02-10 16:05:27,650; DEBUG; pypromice.core.qc.github_data_issues; ---> flagging 2010-12-08 00:00:00 2010-12-10 00:00:00 usr with RIME, flagged 289/595321
2026-02-10 16:05:27,655; DEBUG; pypromice.core.qc.github_data_issues; ---> flagging 2010-12-21 00:00:00 2010-12-23 00:00:00 dlr with RIME, flagged 289/595321
2026-02-10 16:05:27,659; DEBUG; pypromice.core.qc.github_data_issues; ---> flagging 2010-12-21 00:00:00 2010-12-23 00:00:00 ulr with RIME, flagged 289/595321
2026-02-10 16:05:27,663; DEBUG; pypromice.core.qc.github_data_issues; ---> flagging 2010-12-21 00:00:00 2010-12-23 00:00:00 dsr with RIME, flagged 289/595321
2026-02-10 16:05:27,667; DEBUG; pypromice.core.qc.github_data_issues; ---> flagging 2010-12-21 00:00:00 2010-12-23 00:00:00 usr with RIME, flagged 289/595321
2026-02-10 16:05:27,672; DEBUG; pypromice.core.qc.github_data_issues; ---> flagging 2011-01-11 00:00:00 2011-01-13 00:00:00 dlr with RIME, flagged 289/595321
2026-02-10 16:05:27,676; DEBUG; pypromice.core.qc.github_data_issues; ---> flagging 2011-01-11 00:00:00 2011-01-13 00:00:00 ulr with RIME, flagged 289/595321
2026-02-10 16:05:27,681; DEBUG; pypromice.core.qc.github_data_issues; ---> flagging 2011-01-11 00:00:00 2011-01-13 00:00:00 dsr with RIME, flagged 289/595321
2026-02-10 16:05:27,685; DEBUG; pypromice.core.qc.github_data_issues; ---> flagging 2011-01-11 00:00:00 2011-01-13 00:00:00 usr with RIME, flagged 289/595321
2026-02-10 16:05:27,690; DEBUG; pypromice.core.qc.github_data_issues; ---> flagging 2011-02-07 00:00:00 2011-02-09 00:00:00 dlr with RIME, flagged 289/595321
2026-02-10 16:05:27,694; DEBUG; pypromice.core.qc.github_data_issues; ---> flagging 2011-02-07 00:00:00 2011-02-09 00:00:00 ulr with RIME, flagged 289/595321
2026-02-10 16:05:27,698; DEBUG; pypromice.core.qc.github_data_issues; ---> flagging 2011-02-07 00:00:00 2011-02-09 00:00:00 dsr with RIME, flagged 289/595321
2026-02-10 16:05:27,703; DEBUG; pypromice.core.qc.github_data_issues; ---> flagging 2011-02-07 00:00:00 2011-02-09 00:00:00 usr with RIME, flagged 289/595321
2026-02-10 16:05:27,707; DEBUG; pypromice.core.qc.github_data_issues; ---> flagging 2011-10-03 00:00:00 2011-10-06 00:00:00 dlr with RIME, flagged 433/595321
2026-02-10 16:05:27,712; DEBUG; pypromice.core.qc.github_data_issues; ---> flagging 2011-10-03 00:00:00 2011-10-06 00:00:00 ulr with RIME, flagged 433/595321
2026-02-10 16:05:27,716; DEBUG; pypromice.core.qc.github_data_issues; ---> flagging 2011-10-03 00:00:00 2011-10-06 00:00:00 dsr with RIME, flagged 433/595321
2026-02-10 16:05:27,720; DEBUG; pypromice.core.qc.github_data_issues; ---> flagging 2011-10-03 00:00:00 2011-10-06 00:00:00 usr with RIME, flagged 433/595321
2026-02-10 16:05:27,725; DEBUG; pypromice.core.qc.github_data_issues; ---> flagging 2011-10-11 00:00:00 2011-10-14 00:00:00 dlr with RIME, flagged 433/595321
2026-02-10 16:05:27,729; DEBUG; pypromice.core.qc.github_data_issues; ---> flagging 2011-10-11 00:00:00 2011-10-14 00:00:00 ulr with RIME, flagged 433/595321
2026-02-10 16:05:27,733; DEBUG; pypromice.core.qc.github_data_issues; ---> flagging 2011-10-11 00:00:00 2011-10-14 00:00:00 dsr with RIME, flagged 433/595321
2026-02-10 16:05:27,737; DEBUG; pypromice.core.qc.github_data_issues; ---> flagging 2011-10-11 00:00:00 2011-10-14 00:00:00 usr with RIME, flagged 433/595321
2026-02-10 16:05:27,742; DEBUG; pypromice.core.qc.github_data_issues; ---> flagging 2011-10-19 00:00:00 2011-10-22 00:00:00 dlr with RIME, flagged 433/595321
2026-02-10 16:05:27,746; DEBUG; pypromice.core.qc.github_data_issues; ---> flagging 2011-10-19 00:00:00 2011-10-22 00:00:00 ulr with RIME, flagged 433/595321
2026-02-10 16:05:27,750; DEBUG; pypromice.core.qc.github_data_issues; ---> flagging 2011-10-19 00:00:00 2011-10-22 00:00:00 dsr with RIME, flagged 433/595321
2026-02-10 16:05:27,754; DEBUG; pypromice.core.qc.github_data_issues; ---> flagging 2011-10-19 00:00:00 2011-10-22 00:00:00 usr with RIME, flagged 433/595321
2026-02-10 16:05:27,759; DEBUG; pypromice.core.qc.github_data_issues; ---> flagging 2011-11-20 00:00:00 2011-11-23 00:00:00 dlr with RIME, flagged 433/595321
2026-02-10 16:05:27,764; DEBUG; pypromice.core.qc.github_data_issues; ---> flagging 2011-11-20 00:00:00 2011-11-23 00:00:00 ulr with RIME, flagged 433/595321
2026-02-10 16:05:27,768; DEBUG; pypromice.core.qc.github_data_issues; ---> flagging 2011-11-20 00:00:00 2011-11-23 00:00:00 dsr with RIME, flagged 433/595321
2026-02-10 16:05:27,772; DEBUG; pypromice.core.qc.github_data_issues; ---> flagging 2011-11-20 00:00:00 2011-11-23 00:00:00 usr with RIME, flagged 433/595321
2026-02-10 16:05:27,777; DEBUG; pypromice.core.qc.github_data_issues; ---> flagging 2011-11-29 00:00:00 2011-12-09 00:00:00 dlr with RIME, flagged 1441/595321
2026-02-10 16:05:27,781; DEBUG; pypromice.core.qc.github_data_issues; ---> flagging 2011-11-29 00:00:00 2011-12-09 00:00:00 ulr with RIME, flagged 1441/595321
2026-02-10 16:05:27,785; DEBUG; pypromice.core.qc.github_data_issues; ---> flagging 2011-11-29 00:00:00 2011-12-09 00:00:00 dsr with RIME, flagged 1441/595321
2026-02-10 16:05:27,790; DEBUG; pypromice.core.qc.github_data_issues; ---> flagging 2011-11-29 00:00:00 2011-12-09 00:00:00 usr with RIME, flagged 1441/595321
2026-02-10 16:05:27,795; DEBUG; pypromice.core.qc.github_data_issues; ---> flagging 2011-12-27 00:00:00 2011-12-31 00:00:00 dlr with RIME, flagged 577/595321
2026-02-10 16:05:27,799; DEBUG; pypromice.core.qc.github_data_issues; ---> flagging 2011-12-27 00:00:00 2011-12-31 00:00:00 ulr with RIME, flagged 577/595321
2026-02-10 16:05:27,804; DEBUG; pypromice.core.qc.github_data_issues; ---> flagging 2011-12-27 00:00:00 2011-12-31 00:00:00 dsr with RIME, flagged 577/595321
2026-02-10 16:05:27,808; DEBUG; pypromice.core.qc.github_data_issues; ---> flagging 2011-12-27 00:00:00 2011-12-31 00:00:00 usr with RIME, flagged 577/595321
2026-02-10 16:05:27,813; DEBUG; pypromice.core.qc.github_data_issues; ---> flagging 2012-01-13 00:00:00 2012-01-15 00:00:00 dlr with RIME, flagged 289/595321
2026-02-10 16:05:27,817; DEBUG; pypromice.core.qc.github_data_issues; ---> flagging 2012-01-13 00:00:00 2012-01-15 00:00:00 ulr with RIME, flagged 289/595321
2026-02-10 16:05:27,822; DEBUG; pypromice.core.qc.github_data_issues; ---> flagging 2012-01-13 00:00:00 2012-01-15 00:00:00 dsr with RIME, flagged 289/595321
2026-02-10 16:05:27,826; DEBUG; pypromice.core.qc.github_data_issues; ---> flagging 2012-01-13 00:00:00 2012-01-15 00:00:00 usr with RIME, flagged 289/595321
2026-02-10 16:05:27,831; DEBUG; pypromice.core.qc.github_data_issues; ---> flagging 2012-02-08 00:00:00 2012-02-11 00:00:00 dlr with RIME, flagged 433/595321
2026-02-10 16:05:27,835; DEBUG; pypromice.core.qc.github_data_issues; ---> flagging 2012-02-08 00:00:00 2012-02-11 00:00:00 ulr with RIME, flagged 433/595321
2026-02-10 16:05:27,839; DEBUG; pypromice.core.qc.github_data_issues; ---> flagging 2012-02-08 00:00:00 2012-02-11 00:00:00 dsr with RIME, flagged 433/595321
2026-02-10 16:05:27,843; DEBUG; pypromice.core.qc.github_data_issues; ---> flagging 2012-02-08 00:00:00 2012-02-11 00:00:00 usr with RIME, flagged 433/595321
2026-02-10 16:05:27,848; DEBUG; pypromice.core.qc.github_data_issues; ---> flagging 2012-02-19 00:00:00 2012-02-24 00:00:00 dlr with RIME, flagged 721/595321
2026-02-10 16:05:27,852; DEBUG; pypromice.core.qc.github_data_issues; ---> flagging 2012-02-19 00:00:00 2012-02-24 00:00:00 ulr with RIME, flagged 721/595321
2026-02-10 16:05:27,856; DEBUG; pypromice.core.qc.github_data_issues; ---> flagging 2012-02-19 00:00:00 2012-02-24 00:00:00 dsr with RIME, flagged 721/595321
2026-02-10 16:05:27,861; DEBUG; pypromice.core.qc.github_data_issues; ---> flagging 2012-02-19 00:00:00 2012-02-24 00:00:00 usr with RIME, flagged 721/595321
2026-02-10 16:05:27,865; DEBUG; pypromice.core.qc.github_data_issues; ---> flagging 2012-03-01 00:00:00 2012-03-04 00:00:00 dlr with RIME, flagged 433/595321
2026-02-10 16:05:27,870; DEBUG; pypromice.core.qc.github_data_issues; ---> flagging 2012-03-01 00:00:00 2012-03-04 00:00:00 ulr with RIME, flagged 433/595321
2026-02-10 16:05:27,874; DEBUG; pypromice.core.qc.github_data_issues; ---> flagging 2012-03-01 00:00:00 2012-03-04 00:00:00 dsr with RIME, flagged 433/595321
2026-02-10 16:05:27,878; DEBUG; pypromice.core.qc.github_data_issues; ---> flagging 2012-03-01 00:00:00 2012-03-04 00:00:00 usr with RIME, flagged 433/595321
2026-02-10 16:05:27,883; DEBUG; pypromice.core.qc.github_data_issues; ---> flagging 2012-03-19 00:00:00 2012-03-24 00:00:00 dlr with RIME, flagged 721/595321
2026-02-10 16:05:27,887; DEBUG; pypromice.core.qc.github_data_issues; ---> flagging 2012-03-19 00:00:00 2012-03-24 00:00:00 ulr with RIME, flagged 721/595321
2026-02-10 16:05:27,891; DEBUG; pypromice.core.qc.github_data_issues; ---> flagging 2012-03-19 00:00:00 2012-03-24 00:00:00 dsr with RIME, flagged 721/595321
2026-02-10 16:05:27,895; DEBUG; pypromice.core.qc.github_data_issues; ---> flagging 2012-03-19 00:00:00 2012-03-24 00:00:00 usr with RIME, flagged 721/595321
2026-02-10 16:05:27,900; DEBUG; pypromice.core.qc.github_data_issues; ---> flagging 2012-11-27 00:00:00 2012-12-09 00:00:00 dlr with RIME, flagged 1729/595321
2026-02-10 16:05:27,905; DEBUG; pypromice.core.qc.github_data_issues; ---> flagging 2012-11-27 00:00:00 2012-12-09 00:00:00 ulr with RIME, flagged 1729/595321
2026-02-10 16:05:27,909; DEBUG; pypromice.core.qc.github_data_issues; ---> flagging 2012-11-27 00:00:00 2012-12-09 00:00:00 dsr with RIME, flagged 1729/595321
2026-02-10 16:05:27,913; DEBUG; pypromice.core.qc.github_data_issues; ---> flagging 2012-11-27 00:00:00 2012-12-09 00:00:00 usr with RIME, flagged 1729/595321
2026-02-10 16:05:27,918; DEBUG; pypromice.core.qc.github_data_issues; ---> flagging 2013-01-17 00:00:00 2013-01-20 00:00:00 dlr with RIME, flagged 433/595321
2026-02-10 16:05:27,922; DEBUG; pypromice.core.qc.github_data_issues; ---> flagging 2013-01-17 00:00:00 2013-01-20 00:00:00 ulr with RIME, flagged 433/595321
2026-02-10 16:05:27,926; DEBUG; pypromice.core.qc.github_data_issues; ---> flagging 2013-01-17 00:00:00 2013-01-20 00:00:00 dsr with RIME, flagged 433/595321
2026-02-10 16:05:27,931; DEBUG; pypromice.core.qc.github_data_issues; ---> flagging 2013-01-17 00:00:00 2013-01-20 00:00:00 usr with RIME, flagged 433/595321
2026-02-10 16:05:27,936; DEBUG; pypromice.core.qc.github_data_issues; ---> flagging 2013-01-24 00:00:00 2013-02-05 00:00:00 dlr with RIME, flagged 1729/595321
2026-02-10 16:05:27,940; DEBUG; pypromice.core.qc.github_data_issues; ---> flagging 2013-01-24 00:00:00 2013-02-05 00:00:00 ulr with RIME, flagged 1729/595321
2026-02-10 16:05:27,944; DEBUG; pypromice.core.qc.github_data_issues; ---> flagging 2013-01-24 00:00:00 2013-02-05 00:00:00 dsr with RIME, flagged 1729/595321
2026-02-10 16:05:27,949; DEBUG; pypromice.core.qc.github_data_issues; ---> flagging 2013-01-24 00:00:00 2013-02-05 00:00:00 usr with RIME, flagged 1729/595321
2026-02-10 16:05:27,954; DEBUG; pypromice.core.qc.github_data_issues; ---> flagging 2013-09-22 00:00:00 2013-09-25 00:00:00 dlr with RIME, flagged 433/595321
2026-02-10 16:05:27,958; DEBUG; pypromice.core.qc.github_data_issues; ---> flagging 2013-09-22 00:00:00 2013-09-25 00:00:00 ulr with RIME, flagged 433/595321
2026-02-10 16:05:27,962; DEBUG; pypromice.core.qc.github_data_issues; ---> flagging 2013-09-22 00:00:00 2013-09-25 00:00:00 dsr with RIME, flagged 433/595321
2026-02-10 16:05:27,966; DEBUG; pypromice.core.qc.github_data_issues; ---> flagging 2013-09-22 00:00:00 2013-09-25 00:00:00 usr with RIME, flagged 433/595321
2026-02-10 16:05:27,971; DEBUG; pypromice.core.qc.github_data_issues; ---> flagging 2013-09-30 00:00:00 2013-10-14 00:00:00 dlr with RIME, flagged 2017/595321
2026-02-10 16:05:27,975; DEBUG; pypromice.core.qc.github_data_issues; ---> flagging 2013-09-30 00:00:00 2013-10-14 00:00:00 ulr with RIME, flagged 2017/595321
2026-02-10 16:05:27,979; DEBUG; pypromice.core.qc.github_data_issues; ---> flagging 2013-09-30 00:00:00 2013-10-14 00:00:00 dsr with RIME, flagged 2017/595321
2026-02-10 16:05:27,984; DEBUG; pypromice.core.qc.github_data_issues; ---> flagging 2013-09-30 00:00:00 2013-10-14 00:00:00 usr with RIME, flagged 2017/595321
2026-02-10 16:05:27,989; DEBUG; pypromice.core.qc.github_data_issues; ---> flagging 2013-12-17 00:00:00 2014-01-09 00:00:00 dlr with RIME, flagged 3313/595321
2026-02-10 16:05:27,993; DEBUG; pypromice.core.qc.github_data_issues; ---> flagging 2013-12-17 00:00:00 2014-01-09 00:00:00 ulr with RIME, flagged 3313/595321
2026-02-10 16:05:27,997; DEBUG; pypromice.core.qc.github_data_issues; ---> flagging 2013-12-17 00:00:00 2014-01-09 00:00:00 dsr with RIME, flagged 3313/595321
2026-02-10 16:05:28,002; DEBUG; pypromice.core.qc.github_data_issues; ---> flagging 2013-12-17 00:00:00 2014-01-09 00:00:00 usr with RIME, flagged 3313/595321
2026-02-10 16:05:28,007; DEBUG; pypromice.core.qc.github_data_issues; ---> flagging 2014-02-04 00:00:00 2014-02-20 00:00:00 dlr with RIME, flagged 2305/595321
2026-02-10 16:05:28,011; DEBUG; pypromice.core.qc.github_data_issues; ---> flagging 2014-02-04 00:00:00 2014-02-20 00:00:00 ulr with RIME, flagged 2305/595321
2026-02-10 16:05:28,016; DEBUG; pypromice.core.qc.github_data_issues; ---> flagging 2014-02-04 00:00:00 2014-02-20 00:00:00 dsr with RIME, flagged 2305/595321
2026-02-10 16:05:28,020; DEBUG; pypromice.core.qc.github_data_issues; ---> flagging 2014-02-04 00:00:00 2014-02-20 00:00:00 usr with RIME, flagged 2305/595321
2026-02-10 16:05:28,025; DEBUG; pypromice.core.qc.github_data_issues; ---> flagging 2014-02-28 00:00:00 2014-03-02 00:00:00 dlr with RIME, flagged 289/595321
2026-02-10 16:05:28,029; DEBUG; pypromice.core.qc.github_data_issues; ---> flagging 2014-02-28 00:00:00 2014-03-02 00:00:00 ulr with RIME, flagged 289/595321
2026-02-10 16:05:28,033; DEBUG; pypromice.core.qc.github_data_issues; ---> flagging 2014-02-28 00:00:00 2014-03-02 00:00:00 dsr with RIME, flagged 289/595321
2026-02-10 16:05:28,037; DEBUG; pypromice.core.qc.github_data_issues; ---> flagging 2014-02-28 00:00:00 2014-03-02 00:00:00 usr with RIME, flagged 289/595321
2026-02-10 16:05:28,042; DEBUG; pypromice.core.qc.github_data_issues; ---> flagging 2014-10-15 00:00:00 2014-10-22 00:00:00 dlr with RIME, flagged 1009/595321
2026-02-10 16:05:28,047; DEBUG; pypromice.core.qc.github_data_issues; ---> flagging 2014-10-15 00:00:00 2014-10-22 00:00:00 ulr with RIME, flagged 1009/595321
2026-02-10 16:05:28,051; DEBUG; pypromice.core.qc.github_data_issues; ---> flagging 2014-10-15 00:00:00 2014-10-22 00:00:00 dsr with RIME, flagged 1009/595321
2026-02-10 16:05:28,055; DEBUG; pypromice.core.qc.github_data_issues; ---> flagging 2014-10-15 00:00:00 2014-10-22 00:00:00 usr with RIME, flagged 1009/595321
2026-02-10 16:05:28,060; DEBUG; pypromice.core.qc.github_data_issues; ---> flagging 2014-12-04 00:00:00 2014-12-10 00:00:00 dlr with RIME, flagged 865/595321
2026-02-10 16:05:28,064; DEBUG; pypromice.core.qc.github_data_issues; ---> flagging 2014-12-04 00:00:00 2014-12-10 00:00:00 ulr with RIME, flagged 865/595321
2026-02-10 16:05:28,069; DEBUG; pypromice.core.qc.github_data_issues; ---> flagging 2014-12-04 00:00:00 2014-12-10 00:00:00 dsr with RIME, flagged 865/595321
2026-02-10 16:05:28,073; DEBUG; pypromice.core.qc.github_data_issues; ---> flagging 2014-12-04 00:00:00 2014-12-10 00:00:00 usr with RIME, flagged 865/595321
2026-02-10 16:05:28,078; DEBUG; pypromice.core.qc.github_data_issues; ---> flagging 2014-12-29 00:00:00 2015-01-03 00:00:00 dlr with RIME, flagged 721/595321
2026-02-10 16:05:28,082; DEBUG; pypromice.core.qc.github_data_issues; ---> flagging 2014-12-29 00:00:00 2015-01-03 00:00:00 ulr with RIME, flagged 721/595321
2026-02-10 16:05:28,086; DEBUG; pypromice.core.qc.github_data_issues; ---> flagging 2014-12-29 00:00:00 2015-01-03 00:00:00 dsr with RIME, flagged 721/595321
2026-02-10 16:05:28,091; DEBUG; pypromice.core.qc.github_data_issues; ---> flagging 2014-12-29 00:00:00 2015-01-03 00:00:00 usr with RIME, flagged 721/595321
2026-02-10 16:05:28,095; DEBUG; pypromice.core.qc.github_data_issues; ---> flagging 2015-09-01 00:00:00 2015-09-03 00:00:00 dlr with RIME, flagged 289/595321
2026-02-10 16:05:28,100; DEBUG; pypromice.core.qc.github_data_issues; ---> flagging 2015-09-01 00:00:00 2015-09-03 00:00:00 ulr with RIME, flagged 289/595321
2026-02-10 16:05:28,104; DEBUG; pypromice.core.qc.github_data_issues; ---> flagging 2015-09-01 00:00:00 2015-09-03 00:00:00 dsr with RIME, flagged 289/595321
2026-02-10 16:05:28,108; DEBUG; pypromice.core.qc.github_data_issues; ---> flagging 2015-09-01 00:00:00 2015-09-03 00:00:00 usr with RIME, flagged 289/595321
2026-02-10 16:05:28,113; DEBUG; pypromice.core.qc.github_data_issues; ---> flagging 2016-01-08 00:00:00 2016-01-11 00:00:00 dlr with RIME, flagged 433/595321
2026-02-10 16:05:28,117; DEBUG; pypromice.core.qc.github_data_issues; ---> flagging 2016-01-08 00:00:00 2016-01-11 00:00:00 ulr with RIME, flagged 433/595321
2026-02-10 16:05:28,122; DEBUG; pypromice.core.qc.github_data_issues; ---> flagging 2016-01-08 00:00:00 2016-01-11 00:00:00 dsr with RIME, flagged 433/595321
2026-02-10 16:05:28,126; DEBUG; pypromice.core.qc.github_data_issues; ---> flagging 2016-01-08 00:00:00 2016-01-11 00:00:00 usr with RIME, flagged 433/595321
2026-02-10 16:05:28,132; DEBUG; pypromice.core.qc.github_data_issues; ---> flagging 2016-01-28 00:00:00 2016-02-01 00:00:00 dlr with RIME, flagged 577/595321
2026-02-10 16:05:28,136; DEBUG; pypromice.core.qc.github_data_issues; ---> flagging 2016-01-28 00:00:00 2016-02-01 00:00:00 ulr with RIME, flagged 577/595321
2026-02-10 16:05:28,140; DEBUG; pypromice.core.qc.github_data_issues; ---> flagging 2016-01-28 00:00:00 2016-02-01 00:00:00 dsr with RIME, flagged 577/595321
2026-02-10 16:05:28,145; DEBUG; pypromice.core.qc.github_data_issues; ---> flagging 2016-01-28 00:00:00 2016-02-01 00:00:00 usr with RIME, flagged 577/595321
2026-02-10 16:05:28,149; DEBUG; pypromice.core.qc.github_data_issues; ---> flagging 2017-11-30 00:00:00 2017-12-05 00:00:00 dlr with RIME, flagged 121/595321
2026-02-10 16:05:28,154; DEBUG; pypromice.core.qc.github_data_issues; ---> flagging 2017-11-30 00:00:00 2017-12-05 00:00:00 ulr with RIME, flagged 121/595321
2026-02-10 16:05:28,158; DEBUG; pypromice.core.qc.github_data_issues; ---> flagging 2017-11-30 00:00:00 2017-12-05 00:00:00 dsr with RIME, flagged 121/595321
2026-02-10 16:05:28,162; DEBUG; pypromice.core.qc.github_data_issues; ---> flagging 2017-11-30 00:00:00 2017-12-05 00:00:00 usr with RIME, flagged 121/595321
2026-02-10 16:05:28,167; DEBUG; pypromice.core.qc.github_data_issues; ---> flagging 2018-01-22 00:00:00 2018-02-03 00:00:00 dlr with RIME, flagged 289/595321
2026-02-10 16:05:28,171; DEBUG; pypromice.core.qc.github_data_issues; ---> flagging 2018-01-22 00:00:00 2018-02-03 00:00:00 ulr with RIME, flagged 289/595321
2026-02-10 16:05:28,175; DEBUG; pypromice.core.qc.github_data_issues; ---> flagging 2018-01-22 00:00:00 2018-02-03 00:00:00 dsr with RIME, flagged 289/595321
2026-02-10 16:05:28,180; DEBUG; pypromice.core.qc.github_data_issues; ---> flagging 2018-01-22 00:00:00 2018-02-03 00:00:00 usr with RIME, flagged 289/595321
2026-02-10 16:05:28,185; DEBUG; pypromice.core.qc.github_data_issues; ---> flagging 2018-02-15 00:00:00 2018-02-19 00:00:00 dlr with RIME, flagged 97/595321
2026-02-10 16:05:28,189; DEBUG; pypromice.core.qc.github_data_issues; ---> flagging 2018-02-15 00:00:00 2018-02-19 00:00:00 ulr with RIME, flagged 97/595321
2026-02-10 16:05:28,193; DEBUG; pypromice.core.qc.github_data_issues; ---> flagging 2018-02-15 00:00:00 2018-02-19 00:00:00 dsr with RIME, flagged 97/595321
2026-02-10 16:05:28,197; DEBUG; pypromice.core.qc.github_data_issues; ---> flagging 2018-02-15 00:00:00 2018-02-19 00:00:00 usr with RIME, flagged 97/595321
2026-02-10 16:05:28,202; DEBUG; pypromice.core.qc.github_data_issues; ---> flagging 2018-03-09 00:00:00 2018-03-15 00:00:00 dlr with RIME, flagged 145/595321
2026-02-10 16:05:28,206; DEBUG; pypromice.core.qc.github_data_issues; ---> flagging 2018-03-09 00:00:00 2018-03-15 00:00:00 ulr with RIME, flagged 145/595321
2026-02-10 16:05:28,210; DEBUG; pypromice.core.qc.github_data_issues; ---> flagging 2018-03-09 00:00:00 2018-03-15 00:00:00 dsr with RIME, flagged 145/595321
2026-02-10 16:05:28,215; DEBUG; pypromice.core.qc.github_data_issues; ---> flagging 2018-03-09 00:00:00 2018-03-15 00:00:00 usr with RIME, flagged 145/595321
2026-02-10 16:05:28,219; DEBUG; pypromice.core.qc.github_data_issues; ---> flagging 2018-09-21 00:00:00 2018-09-25 00:00:00 dlr with RIME, flagged 97/595321
2026-02-10 16:05:28,224; DEBUG; pypromice.core.qc.github_data_issues; ---> flagging 2018-09-21 00:00:00 2018-09-25 00:00:00 ulr with RIME, flagged 97/595321
2026-02-10 16:05:28,228; DEBUG; pypromice.core.qc.github_data_issues; ---> flagging 2018-09-21 00:00:00 2018-09-25 00:00:00 dsr with RIME, flagged 97/595321
2026-02-10 16:05:28,232; DEBUG; pypromice.core.qc.github_data_issues; ---> flagging 2018-09-21 00:00:00 2018-09-25 00:00:00 usr with RIME, flagged 97/595321
2026-02-10 16:05:28,237; DEBUG; pypromice.core.qc.github_data_issues; ---> flagging 2018-10-17 00:00:00 2018-10-20 00:00:00 dlr with RIME, flagged 73/595321
2026-02-10 16:05:28,241; DEBUG; pypromice.core.qc.github_data_issues; ---> flagging 2018-10-17 00:00:00 2018-10-20 00:00:00 ulr with RIME, flagged 73/595321
2026-02-10 16:05:28,245; DEBUG; pypromice.core.qc.github_data_issues; ---> flagging 2018-10-17 00:00:00 2018-10-20 00:00:00 dsr with RIME, flagged 73/595321
2026-02-10 16:05:28,250; DEBUG; pypromice.core.qc.github_data_issues; ---> flagging 2018-10-17 00:00:00 2018-10-20 00:00:00 usr with RIME, flagged 73/595321
2026-02-10 16:05:28,254; DEBUG; pypromice.core.qc.github_data_issues; ---> flagging 2018-11-06 00:00:00 2018-11-08 00:00:00 dlr with RIME, flagged 49/595321
2026-02-10 16:05:28,259; DEBUG; pypromice.core.qc.github_data_issues; ---> flagging 2018-11-06 00:00:00 2018-11-08 00:00:00 ulr with RIME, flagged 49/595321
2026-02-10 16:05:28,263; DEBUG; pypromice.core.qc.github_data_issues; ---> flagging 2018-11-06 00:00:00 2018-11-08 00:00:00 dsr with RIME, flagged 49/595321
2026-02-10 16:05:28,267; DEBUG; pypromice.core.qc.github_data_issues; ---> flagging 2018-11-06 00:00:00 2018-11-08 00:00:00 usr with RIME, flagged 49/595321
2026-02-10 16:05:28,272; DEBUG; pypromice.core.qc.github_data_issues; ---> flagging 2019-01-17 00:00:00 2019-01-23 00:00:00 dlr with RIME, flagged 145/595321
2026-02-10 16:05:28,276; DEBUG; pypromice.core.qc.github_data_issues; ---> flagging 2019-01-17 00:00:00 2019-01-23 00:00:00 ulr with RIME, flagged 145/595321
2026-02-10 16:05:28,280; DEBUG; pypromice.core.qc.github_data_issues; ---> flagging 2019-01-17 00:00:00 2019-01-23 00:00:00 dsr with RIME, flagged 145/595321
2026-02-10 16:05:28,285; DEBUG; pypromice.core.qc.github_data_issues; ---> flagging 2019-01-17 00:00:00 2019-01-23 00:00:00 usr with RIME, flagged 145/595321
2026-02-10 16:05:28,289; DEBUG; pypromice.core.qc.github_data_issues; ---> flagging 2019-02-03 00:00:00 2019-02-06 00:00:00 dlr with RIME, flagged 73/595321
2026-02-10 16:05:28,294; DEBUG; pypromice.core.qc.github_data_issues; ---> flagging 2019-02-03 00:00:00 2019-02-06 00:00:00 ulr with RIME, flagged 73/595321
2026-02-10 16:05:28,298; DEBUG; pypromice.core.qc.github_data_issues; ---> flagging 2019-02-03 00:00:00 2019-02-06 00:00:00 dsr with RIME, flagged 73/595321
2026-02-10 16:05:28,302; DEBUG; pypromice.core.qc.github_data_issues; ---> flagging 2019-02-03 00:00:00 2019-02-06 00:00:00 usr with RIME, flagged 73/595321
2026-02-10 16:05:28,307; DEBUG; pypromice.core.qc.github_data_issues; ---> flagging 2019-12-06 00:00:00 2019-12-16 00:00:00 dlr with RIME, flagged 1441/595321
2026-02-10 16:05:28,311; DEBUG; pypromice.core.qc.github_data_issues; ---> flagging 2019-12-06 00:00:00 2019-12-16 00:00:00 ulr with RIME, flagged 1441/595321
2026-02-10 16:05:28,315; DEBUG; pypromice.core.qc.github_data_issues; ---> flagging 2019-12-06 00:00:00 2019-12-16 00:00:00 dsr with RIME, flagged 1441/595321
2026-02-10 16:05:28,320; DEBUG; pypromice.core.qc.github_data_issues; ---> flagging 2019-12-06 00:00:00 2019-12-16 00:00:00 usr with RIME, flagged 1441/595321
2026-02-10 16:05:28,325; DEBUG; pypromice.core.qc.github_data_issues; ---> flagging 2020-10-21 00:00:00 2020-10-24 00:00:00 dlr with RIME, flagged 433/595321
2026-02-10 16:05:28,329; DEBUG; pypromice.core.qc.github_data_issues; ---> flagging 2020-10-21 00:00:00 2020-10-24 00:00:00 ulr with RIME, flagged 433/595321
2026-02-10 16:05:28,333; DEBUG; pypromice.core.qc.github_data_issues; ---> flagging 2020-10-21 00:00:00 2020-10-24 00:00:00 dsr with RIME, flagged 433/595321
2026-02-10 16:05:28,337; DEBUG; pypromice.core.qc.github_data_issues; ---> flagging 2020-10-21 00:00:00 2020-10-24 00:00:00 usr with RIME, flagged 433/595321
2026-02-10 16:05:28,342; DEBUG; pypromice.core.qc.github_data_issues; ---> flagging 2020-12-17 00:00:00 2020-12-25 00:00:00 dlr with RIME, flagged 1153/595321
2026-02-10 16:05:28,347; DEBUG; pypromice.core.qc.github_data_issues; ---> flagging 2020-12-17 00:00:00 2020-12-25 00:00:00 ulr with RIME, flagged 1153/595321
2026-02-10 16:05:28,351; DEBUG; pypromice.core.qc.github_data_issues; ---> flagging 2020-12-17 00:00:00 2020-12-25 00:00:00 dsr with RIME, flagged 1153/595321
2026-02-10 16:05:28,355; DEBUG; pypromice.core.qc.github_data_issues; ---> flagging 2020-12-17 00:00:00 2020-12-25 00:00:00 usr with RIME, flagged 1153/595321
2026-02-10 16:05:28,360; DEBUG; pypromice.core.qc.github_data_issues; ---> flagging 2021-01-16 00:00:00 2021-01-21 00:00:00 dlr with RIME, flagged 721/595321
2026-02-10 16:05:28,364; DEBUG; pypromice.core.qc.github_data_issues; ---> flagging 2021-01-16 00:00:00 2021-01-21 00:00:00 ulr with RIME, flagged 721/595321
2026-02-10 16:05:28,369; DEBUG; pypromice.core.qc.github_data_issues; ---> flagging 2021-01-16 00:00:00 2021-01-21 00:00:00 dsr with RIME, flagged 721/595321
2026-02-10 16:05:28,373; DEBUG; pypromice.core.qc.github_data_issues; ---> flagging 2021-01-16 00:00:00 2021-01-21 00:00:00 usr with RIME, flagged 721/595321
2026-02-10 16:05:28,378; DEBUG; pypromice.core.qc.github_data_issues; ---> flagging 2021-01-26 00:00:00 2021-01-28 00:00:00 dlr with RIME, flagged 289/595321
2026-02-10 16:05:28,382; DEBUG; pypromice.core.qc.github_data_issues; ---> flagging 2021-01-26 00:00:00 2021-01-28 00:00:00 ulr with RIME, flagged 289/595321
2026-02-10 16:05:28,386; DEBUG; pypromice.core.qc.github_data_issues; ---> flagging 2021-01-26 00:00:00 2021-01-28 00:00:00 dsr with RIME, flagged 289/595321
2026-02-10 16:05:28,390; DEBUG; pypromice.core.qc.github_data_issues; ---> flagging 2021-01-26 00:00:00 2021-01-28 00:00:00 usr with RIME, flagged 289/595321
2026-02-10 16:05:28,395; DEBUG; pypromice.core.qc.github_data_issues; ---> flagging 2021-11-19 00:00:00 2021-12-06 00:00:00 dlr with RIME, flagged 2449/595321
2026-02-10 16:05:28,400; DEBUG; pypromice.core.qc.github_data_issues; ---> flagging 2021-11-19 00:00:00 2021-12-06 00:00:00 ulr with RIME, flagged 2449/595321
2026-02-10 16:05:28,404; DEBUG; pypromice.core.qc.github_data_issues; ---> flagging 2021-11-19 00:00:00 2021-12-06 00:00:00 dsr with RIME, flagged 2449/595321
2026-02-10 16:05:28,408; DEBUG; pypromice.core.qc.github_data_issues; ---> flagging 2021-11-19 00:00:00 2021-12-06 00:00:00 usr with RIME, flagged 2449/595321
2026-02-10 16:05:28,413; DEBUG; pypromice.core.qc.github_data_issues; ---> flagging 2022-09-16 00:00:00 2022-09-21 00:00:00 dlr with RIME, flagged 0/595321
2026-02-10 16:05:28,416; DEBUG; pypromice.core.qc.github_data_issues; ---> flagging 2022-09-16 00:00:00 2022-09-21 00:00:00 ulr with RIME, flagged 0/595321
2026-02-10 16:05:28,419; DEBUG; pypromice.core.qc.github_data_issues; ---> flagging 2022-09-16 00:00:00 2022-09-21 00:00:00 dsr with RIME, flagged 0/595321
2026-02-10 16:05:28,422; DEBUG; pypromice.core.qc.github_data_issues; ---> flagging 2022-09-16 00:00:00 2022-09-21 00:00:00 usr with RIME, flagged 0/595321
2026-02-10 16:05:28,425; DEBUG; pypromice.core.qc.github_data_issues; ---> flagging 2022-10-01 00:00:00 2022-10-03 00:00:00 dlr with RIME, flagged 0/595321
2026-02-10 16:05:28,428; DEBUG; pypromice.core.qc.github_data_issues; ---> flagging 2022-10-01 00:00:00 2022-10-03 00:00:00 ulr with RIME, flagged 0/595321
2026-02-10 16:05:28,430; DEBUG; pypromice.core.qc.github_data_issues; ---> flagging 2022-10-01 00:00:00 2022-10-03 00:00:00 dsr with RIME, flagged 0/595321
2026-02-10 16:05:28,433; DEBUG; pypromice.core.qc.github_data_issues; ---> flagging 2022-10-01 00:00:00 2022-10-03 00:00:00 usr with RIME, flagged 0/595321
2026-02-10 16:05:28,437; DEBUG; pypromice.core.qc.github_data_issues; ---> flagging 2022-10-25 00:00:00 2022-10-27 00:00:00 dlr with RIME, flagged 0/595321
2026-02-10 16:05:28,439; DEBUG; pypromice.core.qc.github_data_issues; ---> flagging 2022-10-25 00:00:00 2022-10-27 00:00:00 ulr with RIME, flagged 0/595321
2026-02-10 16:05:28,442; DEBUG; pypromice.core.qc.github_data_issues; ---> flagging 2022-10-25 00:00:00 2022-10-27 00:00:00 dsr with RIME, flagged 0/595321
2026-02-10 16:05:28,445; DEBUG; pypromice.core.qc.github_data_issues; ---> flagging 2022-10-25 00:00:00 2022-10-27 00:00:00 usr with RIME, flagged 0/595321
2026-02-10 16:05:28,448; DEBUG; pypromice.core.qc.github_data_issues; ---> flagging 2023-10-13 00:00:00 2023-10-19 00:00:00 dlr with RIME, flagged 0/595321
2026-02-10 16:05:28,451; DEBUG; pypromice.core.qc.github_data_issues; ---> flagging 2023-10-13 00:00:00 2023-10-19 00:00:00 ulr with RIME, flagged 0/595321
2026-02-10 16:05:28,454; DEBUG; pypromice.core.qc.github_data_issues; ---> flagging 2023-10-13 00:00:00 2023-10-19 00:00:00 dsr with RIME, flagged 0/595321
2026-02-10 16:05:28,456; DEBUG; pypromice.core.qc.github_data_issues; ---> flagging 2023-10-13 00:00:00 2023-10-19 00:00:00 usr with RIME, flagged 0/595321
2026-02-10 16:05:28,460; DEBUG; pypromice.core.qc.github_data_issues; ---> flagging 2024-10-18 00:00:00 2024-10-20 00:00:00 dlr with RIME, flagged 0/595321
2026-02-10 16:05:28,462; DEBUG; pypromice.core.qc.github_data_issues; ---> flagging 2024-10-18 00:00:00 2024-10-20 00:00:00 ulr with RIME, flagged 0/595321
2026-02-10 16:05:28,465; DEBUG; pypromice.core.qc.github_data_issues; ---> flagging 2024-10-18 00:00:00 2024-10-20 00:00:00 dsr with RIME, flagged 0/595321
2026-02-10 16:05:28,468; DEBUG; pypromice.core.qc.github_data_issues; ---> flagging 2024-10-18 00:00:00 2024-10-20 00:00:00 usr with RIME, flagged 0/595321
2026-02-10 16:05:28,479; DEBUG; pypromice.core.qc.github_data_issues; ---> flagging 2019-06-28 00:00:00 2022-05-28 13:20:00 t_i_1 with NAN, flagged 151579/595321
2026-02-10 16:05:28,493; DEBUG; pypromice.core.qc.github_data_issues; ---> flagging 2019-06-28 00:00:00 2022-05-28 13:20:00 t_i_2 with NAN, flagged 151579/595321
2026-02-10 16:05:28,508; DEBUG; pypromice.core.qc.github_data_issues; ---> flagging 2019-06-28 00:00:00 2022-05-28 13:20:00 t_i_3 with NAN, flagged 151579/595321
2026-02-10 16:05:28,522; DEBUG; pypromice.core.qc.github_data_issues; ---> flagging 2019-06-28 00:00:00 2022-05-28 13:20:00 t_i_4 with NAN, flagged 151579/595321
2026-02-10 16:05:28,537; DEBUG; pypromice.core.qc.github_data_issues; ---> flagging 2019-06-28 00:00:00 2022-05-28 13:20:00 t_i_5 with NAN, flagged 151579/595321
2026-02-10 16:05:28,553; DEBUG; pypromice.core.qc.github_data_issues; ---> flagging 2019-06-28 00:00:00 2022-05-28 13:20:00 t_i_6 with NAN, flagged 151579/595321
2026-02-10 16:05:28,569; DEBUG; pypromice.core.qc.github_data_issues; ---> flagging 2019-06-28 00:00:00 2022-05-28 13:20:00 t_i_7 with NAN, flagged 151579/595321
2026-02-10 16:05:28,584; DEBUG; pypromice.core.qc.github_data_issues; ---> flagging 2019-06-28 00:00:00 2022-05-28 13:20:00 t_i_8 with NAN, flagged 151579/595321
2026-02-10 16:05:28,599; DEBUG; pypromice.core.qc.github_data_issues; ---> flagging 2020-04-05 00:00:00 2022-05-28 13:20:00 tilt_x with NAN, flagged 112833/595321
2026-02-10 16:05:28,612; DEBUG; pypromice.core.qc.github_data_issues; ---> flagging 2020-04-05 00:00:00 2022-05-28 13:20:00 tilt_y with NAN, flagged 112833/595321
2026-02-10 16:05:28,620; DEBUG; pypromice.core.qc.github_data_issues; ---> flagging 2019-07-03 00:00:00 2019-07-13 12:30:00 z_boom_u with NAN, flagged 254/595321
2026-02-10 16:05:28,655; DEBUG; pypromice.core.qc.github_data_issues; ---> flagging 2006-07-10 00:00:00 2022-05-28 13:20:00 z_pt_cor with NAN, flagged 595321/595321
2026-02-10 16:05:38,012; INFO; pypromice.core.qc.github_data_issues; Using file: ../PROMICE-AWS-data-issues/adjustments/KPC_U.csv
2026-02-10 16:05:38,061; DEBUG; pypromice.core.qc.github_data_issues; ---> None None gps_alt min_filter 800.0 flagged 942/595321
2026-02-10 16:05:38,097; DEBUG; pypromice.core.qc.github_data_issues; ---> None None gps_alt max_filter 1000.0 flagged 32/595321
2026-02-10 16:05:38,133; DEBUG; pypromice.core.qc.github_data_issues; ---> 2013-10-01 00:00:00 2020-10-01 00:00:00 gps_lat min_filter 79.833 flagged 27/595321
2026-02-10 16:05:38,172; DEBUG; pypromice.core.qc.github_data_issues; ---> None 2020-10-01 00:00:00 gps_lat max_filter 79.836 flagged 99/595321
2026-02-10 16:05:38,209; DEBUG; pypromice.core.qc.github_data_issues; ---> None 2020-10-01 00:00:00 gps_lon min_filter 25.16 flagged 127/595321
2026-02-10 16:05:38,244; DEBUG; pypromice.core.qc.github_data_issues; ---> None None gps_lon max_filter 25.178 flagged 27/595321
2026-02-10 16:05:38,279; DEBUG; pypromice.core.qc.github_data_issues; ---> None None t_i_1 min_filter -30.0 flagged 0/595321
2026-02-10 16:05:38,316; DEBUG; pypromice.core.qc.github_data_issues; ---> None None t_i_2 min_filter -30.0 flagged 0/595321
2026-02-10 16:05:38,348; DEBUG; pypromice.core.qc.github_data_issues; ---> None None t_i_3 min_filter -30.0 flagged 0/595321
2026-02-10 16:05:38,381; DEBUG; pypromice.core.qc.github_data_issues; ---> None None t_i_4 min_filter -30.0 flagged 0/595321
2026-02-10 16:05:38,425; DEBUG; pypromice.core.qc.github_data_issues; ---> None None t_i_5 min_filter -30.0 flagged 0/595321
2026-02-10 16:05:38,465; DEBUG; pypromice.core.qc.github_data_issues; ---> None None t_i_6 min_filter -30.0 flagged 0/595321
2026-02-10 16:05:38,504; DEBUG; pypromice.core.qc.github_data_issues; ---> None None t_i_7 min_filter -30.0 flagged 0/595321
2026-02-10 16:05:38,542; DEBUG; pypromice.core.qc.github_data_issues; ---> None None t_i_8 min_filter -30.0 flagged 0/595321
2026-02-10 16:05:38,578; DEBUG; pypromice.core.qc.github_data_issues; ---> None None z_boom_cor_u max_filter 2.8 flagged 683/595321
2026-02-10 16:05:38,613; DEBUG; pypromice.core.qc.github_data_issues; ---> None None z_stake_cor max_filter 2.0 flagged 1198/595321
2026-02-10 16:05:38,616; INFO; pypromice.core.qc.github_data_issues; could not adjust z_surf_1 not in dataset
2026-02-10 16:05:38,616; INFO; pypromice.core.qc.github_data_issues; could not adjust z_surf_2 not in dataset
2026-02-10 16:06:04,792; WARNING; pypromice.pipeline.resample; Dropping QC columns because they are of type object and cannot be resampled
2026-02-10 16:06:13,832; INFO; pypromice.io.write; Resampling to 10min
2026-02-10 16:06:14,401; INFO; pypromice.io.write; Writing to files...
2026-02-10 16:06:36,358; INFO; pypromice.io.write; Written to /media/ice/Baptiste/geussnow01/aws-dev/L2_test/raw/KPC_U/KPC_U_10min.csv
2026-02-10 16:06:36,358; INFO; pypromice.io.write; Written to /media/ice/Baptiste/geussnow01/aws-dev/L2_test/raw/KPC_U/KPC_U_10min.nc
2026-02-10 16:06:38,716; WARNING; pypromice.pipeline.resample; Dropping QC columns because they are of type object and cannot be resampled
2026-02-10 16:06:43,100; INFO; pypromice.io.write; Resampling to 60min
2026-02-10 16:06:43,246; INFO; pypromice.io.write; Writing to files...
2026-02-10 16:06:48,552; INFO; pypromice.io.write; Written to /media/ice/Baptiste/geussnow01/aws-dev/L2_test/raw/KPC_U/KPC_U_hour.csv
2026-02-10 16:06:48,553; INFO; pypromice.io.write; Written to /media/ice/Baptiste/geussnow01/aws-dev/L2_test/raw/KPC_U/KPC_U_hour.nc

 ======== test join_l2 ========= 

2026-02-10 16:06:50,238; INFO; pypromice.pipeline.join_l2; KPC_U array loaded from /media/ice/Baptiste/geussnow01/aws-dev/L2_test/raw/KPC_U/KPC_U_hour.nc
2026-02-10 16:06:50,777; INFO; pypromice.pipeline.join_l2; KPC_U array loaded from /media/ice/Baptiste/geussnow01/aws-dev/L2_test/tx/KPC_U/KPC_U_hour.nc
2026-02-10 16:06:50,777; INFO; pypromice.pipeline.join_l2; Combining /media/ice/Baptiste/geussnow01/aws-dev/L2_test/raw/KPC_U/KPC_U_hour.nc with /media/ice/Baptiste/geussnow01/aws-dev/L2_test/tx/KPC_U/KPC_U_hour.nc...
2026-02-10 16:06:51,256; INFO; pypromice.io.write; Writing to files...
2026-02-10 16:06:58,787; INFO; pypromice.io.write; Written to /media/ice/Baptiste/geussnow01/aws-dev/L2_test/level_2/KPC_U/KPC_U_hour.csv
2026-02-10 16:06:58,787; INFO; pypromice.io.write; Written to /media/ice/Baptiste/geussnow01/aws-dev/L2_test/level_2/KPC_U/KPC_U_hour.nc
2026-02-10 16:06:58,787; INFO; pypromice.pipeline.join_l2; Files saved to /media/ice/Baptiste/geussnow01/aws-dev/L2_test/level_2/KPC_U...

 ======== test l2tol3 ========= 

2026-02-10 16:06:59,669; WARNING; root; data_issues_path is missing. Using default data issues path: ../PROMICE-AWS-data-issues
2026-02-10 16:07:04,495; INFO; pypromice.pipeline.L2toL3; processing gps_lat with relocation on 2012-07-03T00:00:00, 2019-06-21T00:00:00
2026-02-10 16:07:04,506; INFO; pypromice.pipeline.L2toL3; processing gps_lon with relocation on 2012-07-03T00:00:00, 2019-06-21T00:00:00
2026-02-10 16:07:04,515; INFO; pypromice.pipeline.L2toL3; processing gps_alt with relocation on 2012-07-03T00:00:00, 2019-06-21T00:00:00
2026-02-10 16:07:04,548; INFO; pypromice.core.qc.github_data_issues; Using file: ../PROMICE-AWS-data-issues/adjustments/KPC_U.csv
2026-02-10 16:07:04,563; DEBUG; pypromice.core.qc.github_data_issues; ---> 2012-07-21 00:00:00 None z_surf_1 add 0.3
2026-02-10 16:07:04,564; DEBUG; pypromice.core.qc.github_data_issues; ---> 2019-06-24 00:00:00 None z_surf_1 add -0.1
2026-02-10 16:07:04,564; DEBUG; pypromice.core.qc.github_data_issues; ---> 2019-07-03 00:00:00 None z_surf_1 add -0.65
2026-02-10 16:07:04,565; DEBUG; pypromice.core.qc.github_data_issues; ---> 2019-07-13 12:00:00 None z_surf_1 add 1.75
2026-02-10 16:07:04,582; DEBUG; pypromice.core.qc.github_data_issues; ---> 2007-07-23 00:00:00 2021-07-23 00:00:00 z_surf_2 min_filter -1.5 flagged 0/153991
2026-02-10 16:07:04,584; DEBUG; pypromice.core.qc.github_data_issues; ---> 2012-07-23 00:00:00 None z_surf_2 add -0.2
2026-02-10 16:07:04,585; INFO; pypromice.pipeline.L2toL3; Combining surface height
2026-02-10 16:07:04,585; INFO; pypromice.pipeline.L2toL3; -> ablation site
2026-02-10 16:07:05,027; DEBUG; pypromice.pipeline.L2toL3; -> estimating ablation period for each year
2026-02-10 16:07:05,036; DEBUG; pypromice.pipeline.L2toL3; 2008 no z_ice_surf, just using JJA
2026-02-10 16:07:05,045; DEBUG; pypromice.pipeline.L2toL3; 2009 no z_ice_surf, just using JJA
2026-02-10 16:07:05,054; DEBUG; pypromice.pipeline.L2toL3; 2010 no z_ice_surf, just using JJA
2026-02-10 16:07:05,063; DEBUG; pypromice.pipeline.L2toL3; 2011 no z_ice_surf, just using JJA
2026-02-10 16:07:05,072; DEBUG; pypromice.pipeline.L2toL3; 2012 no z_ice_surf, just using JJA
2026-02-10 16:07:05,081; DEBUG; pypromice.pipeline.L2toL3; 2013 no z_ice_surf, just using JJA
2026-02-10 16:07:05,090; DEBUG; pypromice.pipeline.L2toL3; 2014 no z_ice_surf, just using JJA
2026-02-10 16:07:05,098; DEBUG; pypromice.pipeline.L2toL3; 2015 no z_ice_surf, just using JJA
2026-02-10 16:07:05,107; DEBUG; pypromice.pipeline.L2toL3; 2016 no z_ice_surf, just using JJA
2026-02-10 16:07:05,116; DEBUG; pypromice.pipeline.L2toL3; 2017 no z_ice_surf, just using JJA
2026-02-10 16:07:05,125; DEBUG; pypromice.pipeline.L2toL3; 2018 no z_ice_surf, just using JJA
2026-02-10 16:07:05,134; DEBUG; pypromice.pipeline.L2toL3; 2019 no z_ice_surf, just using JJA
2026-02-10 16:07:05,143; DEBUG; pypromice.pipeline.L2toL3; 2020 no z_ice_surf, just using JJA
2026-02-10 16:07:05,152; DEBUG; pypromice.pipeline.L2toL3; 2021 no z_ice_surf, just using JJA
2026-02-10 16:07:05,161; DEBUG; pypromice.pipeline.L2toL3; 2022 no z_ice_surf, just using JJA
2026-02-10 16:07:05,170; DEBUG; pypromice.pipeline.L2toL3; 2023 no z_ice_surf, just using JJA
2026-02-10 16:07:05,180; DEBUG; pypromice.pipeline.L2toL3; 2024 no z_ice_surf, just using JJA
2026-02-10 16:07:05,189; DEBUG; pypromice.pipeline.L2toL3; 2025 no z_ice_surf, just using JJA
2026-02-10 16:07:05,198; DEBUG; pypromice.pipeline.L2toL3; 2026 no z_ice_surf, just using JJA
2026-02-10 16:07:05,198; DEBUG; pypromice.pipeline.L2toL3; 2026 could not estimate ablation season
2026-02-10 16:07:05,198; DEBUG; pypromice.pipeline.L2toL3; 2008: Ablation from 2008-07-17 18:00:00 to 2008-08-31 23:00:00
2026-02-10 16:07:05,207; DEBUG; pypromice.pipeline.L2toL3; adjusting hs1
2026-02-10 16:07:05,207; DEBUG; pypromice.pipeline.L2toL3; to hs2, minimizing winter difference
2026-02-10 16:07:05,208; DEBUG; pypromice.pipeline.L2toL3; 2009: Ablation from 2009-06-01 00:00:00 to 2009-08-31 23:00:00
2026-02-10 16:07:05,214; DEBUG; pypromice.pipeline.L2toL3; adjusting hs1
2026-02-10 16:07:05,214; DEBUG; pypromice.pipeline.L2toL3; to hs2, minimizing winter difference
2026-02-10 16:07:05,215; DEBUG; pypromice.pipeline.L2toL3; 2010: Ablation from 2010-06-01 00:00:00 to 2010-08-31 23:00:00
2026-02-10 16:07:05,220; DEBUG; pypromice.pipeline.L2toL3; adjusting hs1
2026-02-10 16:07:05,221; DEBUG; pypromice.pipeline.L2toL3; to hs2, minimizing winter difference
2026-02-10 16:07:05,222; DEBUG; pypromice.pipeline.L2toL3; 2011: Ablation from 2011-06-01 00:00:00 to 2011-08-31 23:00:00
2026-02-10 16:07:05,227; DEBUG; pypromice.pipeline.L2toL3; adjusting hs1
2026-02-10 16:07:05,227; DEBUG; pypromice.pipeline.L2toL3; to hs2, minimizing winter difference
2026-02-10 16:07:05,229; DEBUG; pypromice.pipeline.L2toL3; 2012: Ablation from 2012-06-01 00:00:00 to 2012-08-31 23:00:00
2026-02-10 16:07:05,234; DEBUG; pypromice.pipeline.L2toL3; adjusting hs1
2026-02-10 16:07:05,234; DEBUG; pypromice.pipeline.L2toL3; to hs2, minimizing winter difference
2026-02-10 16:07:05,235; DEBUG; pypromice.pipeline.L2toL3; 2013: Ablation from 2013-06-01 00:00:00 to 2013-08-31 23:00:00
2026-02-10 16:07:05,240; DEBUG; pypromice.pipeline.L2toL3; adjusting hs1
2026-02-10 16:07:05,240; DEBUG; pypromice.pipeline.L2toL3; to hs2, minimizing winter difference
2026-02-10 16:07:05,242; DEBUG; pypromice.pipeline.L2toL3; 2014: Ablation from 2014-06-01 00:00:00 to 2014-08-31 23:00:00
2026-02-10 16:07:05,246; DEBUG; pypromice.pipeline.L2toL3; adjusting hs1
2026-02-10 16:07:05,247; DEBUG; pypromice.pipeline.L2toL3; to hs2, minimizing winter difference
2026-02-10 16:07:05,248; DEBUG; pypromice.pipeline.L2toL3; 2015: Ablation from 2015-06-01 00:00:00 to 2015-08-31 23:00:00
2026-02-10 16:07:05,253; DEBUG; pypromice.pipeline.L2toL3; adjusting hs1
2026-02-10 16:07:05,253; DEBUG; pypromice.pipeline.L2toL3; to hs2, minimizing winter difference
2026-02-10 16:07:05,254; DEBUG; pypromice.pipeline.L2toL3; 2016: Ablation from 2016-06-01 00:00:00 to 2016-08-31 23:00:00
2026-02-10 16:07:05,260; DEBUG; pypromice.pipeline.L2toL3; adjusting hs1
2026-02-10 16:07:05,260; DEBUG; pypromice.pipeline.L2toL3; to hs2, minimizing winter difference
2026-02-10 16:07:05,261; DEBUG; pypromice.pipeline.L2toL3; 2017: Ablation from 2017-06-01 00:00:00 to 2017-08-31 23:00:00
2026-02-10 16:07:05,266; DEBUG; pypromice.pipeline.L2toL3; adjusting hs1
2026-02-10 16:07:05,266; DEBUG; pypromice.pipeline.L2toL3; to hs2, minimizing winter difference
2026-02-10 16:07:05,268; DEBUG; pypromice.pipeline.L2toL3; 2018: Ablation from 2018-06-01 00:00:00 to 2018-08-31 23:00:00
2026-02-10 16:07:05,273; DEBUG; pypromice.pipeline.L2toL3; adjusting hs1
2026-02-10 16:07:05,273; DEBUG; pypromice.pipeline.L2toL3; to hs2, minimizing winter difference
2026-02-10 16:07:05,274; DEBUG; pypromice.pipeline.L2toL3; 2019: Ablation from 2019-06-01 00:00:00 to 2019-08-31 23:00:00
2026-02-10 16:07:05,279; DEBUG; pypromice.pipeline.L2toL3; adjusting hs1
2026-02-10 16:07:05,279; DEBUG; pypromice.pipeline.L2toL3; to hs2, minimizing winter difference
2026-02-10 16:07:05,280; DEBUG; pypromice.pipeline.L2toL3; 2020: Ablation from 2020-06-01 00:00:00 to 2020-08-31 23:00:00
2026-02-10 16:07:05,285; DEBUG; pypromice.pipeline.L2toL3; adjusting hs1
2026-02-10 16:07:05,285; DEBUG; pypromice.pipeline.L2toL3; to hs2, minimizing winter difference
2026-02-10 16:07:05,287; DEBUG; pypromice.pipeline.L2toL3; 2021: Ablation from 2021-06-01 00:00:00 to 2021-08-31 23:00:00
2026-02-10 16:07:05,292; DEBUG; pypromice.pipeline.L2toL3; adjusting hs1
2026-02-10 16:07:05,292; DEBUG; pypromice.pipeline.L2toL3; to hs2, minimizing winter difference
2026-02-10 16:07:05,293; DEBUG; pypromice.pipeline.L2toL3; 2022: Ablation from 2022-06-01 00:00:00 to 2022-08-31 23:00:00
2026-02-10 16:07:05,298; DEBUG; pypromice.pipeline.L2toL3; adjusting hs1
2026-02-10 16:07:05,298; DEBUG; pypromice.pipeline.L2toL3; to hs2, minimizing winter difference
2026-02-10 16:07:05,299; DEBUG; pypromice.pipeline.L2toL3; 2023: Ablation from 2023-06-01 00:00:00 to 2023-08-31 23:00:00
2026-02-10 16:07:05,304; DEBUG; pypromice.pipeline.L2toL3; adjusting hs1
2026-02-10 16:07:05,304; DEBUG; pypromice.pipeline.L2toL3; to hs2, minimizing winter difference
2026-02-10 16:07:05,306; DEBUG; pypromice.pipeline.L2toL3; 2024: Ablation from 2024-06-01 00:00:00 to 2024-08-31 23:00:00
2026-02-10 16:07:05,311; DEBUG; pypromice.pipeline.L2toL3; adjusting hs1
2026-02-10 16:07:05,311; DEBUG; pypromice.pipeline.L2toL3; to hs2, minimizing winter difference
2026-02-10 16:07:05,312; DEBUG; pypromice.pipeline.L2toL3; 2025: Ablation from 2025-06-01 00:00:00 to 2025-08-31 23:00:00
2026-02-10 16:07:05,317; DEBUG; pypromice.pipeline.L2toL3; adjusting hs1
2026-02-10 16:07:05,317; DEBUG; pypromice.pipeline.L2toL3; to hs2, minimizing winter difference
2026-02-10 16:07:05,318; DEBUG; pypromice.pipeline.L2toL3; 2026: Ablation from 2025-12-30 10:00:00 to 2025-12-30 10:00:00
2026-02-10 16:07:05,352; INFO; pypromice.pipeline.L2toL3; surface height combination finished
2026-02-10 16:07:05,440; INFO; pypromice.pipeline.L2toL3; Calculating thermistor depth
2026-02-10 16:07:05,455; INFO; pypromice.pipeline.L2toL3; No maintenance at KPC_U
2026-02-10 16:07:05,503; INFO; pypromice.pipeline.L2toL3; interpolating 10 m firn/ice temperature (on hourly values)
2026-02-10 16:07:22,572; WARNING; pypromice.pipeline.resample; Dropping QC columns because they are of type object and cannot be resampled
2026-02-10 16:07:23,658; INFO; pypromice.io.write; Resampling to 60min
2026-02-10 16:07:23,866; INFO; pypromice.io.write; Writing to files...
2026-02-10 16:07:31,280; INFO; pypromice.io.write; Written to /media/ice/Baptiste/geussnow01/aws-dev/L3_test/stations/KPC_U/KPC_U_hour.csv
2026-02-10 16:07:31,280; INFO; pypromice.io.write; Written to /media/ice/Baptiste/geussnow01/aws-dev/L3_test/stations/KPC_U/KPC_U_hour.nc
2026-02-10 16:07:31,316; WARNING; pypromice.pipeline.resample; Dropping QC columns because they are of type object and cannot be resampled
2026-02-10 16:07:31,715; INFO; pypromice.io.write; Resampling to 1D
2026-02-10 16:07:31,880; INFO; pypromice.io.write; Writing to files...
2026-02-10 16:07:32,758; INFO; pypromice.io.write; Written to /media/ice/Baptiste/geussnow01/aws-dev/L3_test/stations/KPC_U/KPC_U_day.csv
2026-02-10 16:07:32,758; INFO; pypromice.io.write; Written to /media/ice/Baptiste/geussnow01/aws-dev/L3_test/stations/KPC_U/KPC_U_day.nc
2026-02-10 16:07:32,791; WARNING; pypromice.pipeline.resample; Dropping QC columns because they are of type object and cannot be resampled
2026-02-10 16:07:33,181; INFO; pypromice.io.write; Resampling to MS
2026-02-10 16:07:33,358; INFO; pypromice.io.write; Writing to files...
2026-02-10 16:07:33,693; INFO; pypromice.io.write; Written to /media/ice/Baptiste/geussnow01/aws-dev/L3_test/stations/KPC_U/KPC_U_month.csv
2026-02-10 16:07:33,693; INFO; pypromice.io.write; Written to /media/ice/Baptiste/geussnow01/aws-dev/L3_test/stations/KPC_U/KPC_U_month.nc
